26-02-17 14:29:39.689 [main] INFO  c.s.m.discodeit.DiscodeitApplication - Starting DiscodeitApplication using Java 17.0.16 with PID 39204 (C:\myWs\Mission\8-sprint-mission\build\classes\java\main started by samsung in C:\myWs\Mission\8-sprint-mission)
26-02-17 14:29:39.715 [main] INFO  c.s.m.discodeit.DiscodeitApplication - No active profile set, falling back to 1 default profile: "default"
26-02-17 14:29:42.653 [main] WARN  o.s.b.w.s.c.AnnotationConfigServletWebServerApplicationContext - Exception encountered during context initialization - cancelling refresh attempt: org.springframework.beans.factory.support.BeanDefinitionOverrideException: Invalid bean definition with name 'jpaAuditingHandler' defined in null: Cannot register bean definition [Root bean: class=org.springframework.data.auditing.AuditingHandler; scope=; abstract=false; lazyInit=null; autowireMode=2; dependencyCheck=0; autowireCandidate=true; primary=false; fallback=false; factoryBeanName=null; factoryMethodName=from; initMethodNames=null; destroyMethodNames=null] for bean 'jpaAuditingHandler' since there is already [Root bean: class=org.springframework.data.auditing.AuditingHandler; scope=; abstract=false; lazyInit=null; autowireMode=2; dependencyCheck=0; autowireCandidate=true; primary=false; fallback=false; factoryBeanName=null; factoryMethodName=from; initMethodNames=null; destroyMethodNames=null] bound.
26-02-17 14:29:42.674 [main] INFO  o.s.b.a.l.ConditionEvaluationReportLogger - 

Error starting ApplicationContext. To display the condition evaluation report re-run your application with 'debug' enabled.
26-02-17 14:29:42.732 [main] ERROR o.s.b.d.LoggingFailureAnalysisReporter - 

***************************
APPLICATION FAILED TO START
***************************

Description:

The bean 'jpaAuditingHandler' could not be registered. A bean with that name has already been defined and overriding is disabled.

Action:

Consider renaming one of the beans or enabling overriding by setting spring.main.allow-bean-definition-overriding=true

26-02-17 14:32:58.931 [main] INFO  c.s.m.discodeit.DiscodeitApplication - Starting DiscodeitApplication using Java 17.0.16 with PID 25224 (C:\myWs\Mission\8-sprint-mission\build\classes\java\main started by samsung in C:\myWs\Mission\8-sprint-mission)
26-02-17 14:32:58.934 [main] INFO  c.s.m.discodeit.DiscodeitApplication - No active profile set, falling back to 1 default profile: "default"
26-02-17 14:32:59.896 [main] WARN  o.s.b.w.s.c.AnnotationConfigServletWebServerApplicationContext - Exception encountered during context initialization - cancelling refresh attempt: org.springframework.beans.factory.support.BeanDefinitionOverrideException: Invalid bean definition with name 'jpaAuditingHandler' defined in null: Cannot register bean definition [Root bean: class=org.springframework.data.auditing.AuditingHandler; scope=; abstract=false; lazyInit=null; autowireMode=2; dependencyCheck=0; autowireCandidate=true; primary=false; fallback=false; factoryBeanName=null; factoryMethodName=from; initMethodNames=null; destroyMethodNames=null] for bean 'jpaAuditingHandler' since there is already [Root bean: class=org.springframework.data.auditing.AuditingHandler; scope=; abstract=false; lazyInit=null; autowireMode=2; dependencyCheck=0; autowireCandidate=true; primary=false; fallback=false; factoryBeanName=null; factoryMethodName=from; initMethodNames=null; destroyMethodNames=null] bound.
26-02-17 14:32:59.907 [main] INFO  o.s.b.a.l.ConditionEvaluationReportLogger - 

Error starting ApplicationContext. To display the condition evaluation report re-run your application with 'debug' enabled.
26-02-17 14:32:59.943 [main] ERROR o.s.b.d.LoggingFailureAnalysisReporter - 

***************************
APPLICATION FAILED TO START
***************************

Description:

The bean 'jpaAuditingHandler' could not be registered. A bean with that name has already been defined and overriding is disabled.

Action:

Consider renaming one of the beans or enabling overriding by setting spring.main.allow-bean-definition-overriding=true

26-02-17 14:33:11.350 [main] INFO  c.s.m.discodeit.DiscodeitApplication - Starting DiscodeitApplication using Java 17.0.16 with PID 40880 (C:\myWs\Mission\8-sprint-mission\build\classes\java\main started by samsung in C:\myWs\Mission\8-sprint-mission)
26-02-17 14:33:11.353 [main] INFO  c.s.m.discodeit.DiscodeitApplication - No active profile set, falling back to 1 default profile: "default"
26-02-17 14:33:12.186 [main] WARN  o.s.b.w.s.c.AnnotationConfigServletWebServerApplicationContext - Exception encountered during context initialization - cancelling refresh attempt: org.springframework.beans.factory.support.BeanDefinitionOverrideException: Invalid bean definition with name 'jpaAuditingHandler' defined in null: Cannot register bean definition [Root bean: class=org.springframework.data.auditing.AuditingHandler; scope=; abstract=false; lazyInit=null; autowireMode=2; dependencyCheck=0; autowireCandidate=true; primary=false; fallback=false; factoryBeanName=null; factoryMethodName=from; initMethodNames=null; destroyMethodNames=null] for bean 'jpaAuditingHandler' since there is already [Root bean: class=org.springframework.data.auditing.AuditingHandler; scope=; abstract=false; lazyInit=null; autowireMode=2; dependencyCheck=0; autowireCandidate=true; primary=false; fallback=false; factoryBeanName=null; factoryMethodName=from; initMethodNames=null; destroyMethodNames=null] bound.
26-02-17 14:33:12.197 [main] INFO  o.s.b.a.l.ConditionEvaluationReportLogger - 

Error starting ApplicationContext. To display the condition evaluation report re-run your application with 'debug' enabled.
26-02-17 14:33:12.226 [main] ERROR o.s.b.d.LoggingFailureAnalysisReporter - 

***************************
APPLICATION FAILED TO START
***************************

Description:

The bean 'jpaAuditingHandler' could not be registered. A bean with that name has already been defined and overriding is disabled.

Action:

Consider renaming one of the beans or enabling overriding by setting spring.main.allow-bean-definition-overriding=true

26-02-17 14:34:47.847 [main] INFO  c.s.m.discodeit.DiscodeitApplication - Starting DiscodeitApplication using Java 17.0.16 with PID 10128 (C:\myWs\Mission\8-sprint-mission\build\classes\java\main started by samsung in C:\myWs\Mission\8-sprint-mission)
26-02-17 14:34:47.851 [main] INFO  c.s.m.discodeit.DiscodeitApplication - No active profile set, falling back to 1 default profile: "default"
26-02-17 14:34:48.724 [main] INFO  o.s.d.r.c.RepositoryConfigurationDelegate - Bootstrapping Spring Data JPA repositories in DEFAULT mode.
26-02-17 14:34:48.740 [main] INFO  o.s.d.r.c.RepositoryConfigurationDelegate - Finished Spring Data repository scanning in 5 ms. Found 0 JPA repository interfaces.
26-02-17 14:34:49.809 [main] INFO  o.s.b.w.e.tomcat.TomcatWebServer     - Tomcat initialized with port 8080 (http)
26-02-17 14:34:49.824 [main] INFO  o.a.coyote.http11.Http11NioProtocol  - Initializing ProtocolHandler ["http-nio-8080"]
26-02-17 14:34:49.826 [main] INFO  o.a.catalina.core.StandardService    - Starting service [Tomcat]
26-02-17 14:34:49.827 [main] INFO  o.a.catalina.core.StandardEngine     - Starting Servlet engine: [Apache Tomcat/10.1.50]
26-02-17 14:34:49.950 [main] INFO  o.a.c.c.C.[Tomcat].[localhost].[/]   - Initializing Spring embedded WebApplicationContext
26-02-17 14:34:49.950 [main] INFO  o.s.b.w.s.c.ServletWebServerApplicationContext - Root WebApplicationContext: initialization completed in 2027 ms
26-02-17 14:34:50.168 [main] INFO  com.zaxxer.hikari.HikariDataSource   - HikariPool-1 - Starting...
26-02-17 14:34:50.571 [main] INFO  com.zaxxer.hikari.pool.HikariPool    - HikariPool-1 - Added connection org.postgresql.jdbc.PgConnection@4e50ae56
26-02-17 14:34:50.575 [main] INFO  com.zaxxer.hikari.HikariDataSource   - HikariPool-1 - Start completed.
26-02-17 14:34:50.776 [main] INFO  o.h.jpa.internal.util.LogHelper      - HHH000204: Processing PersistenceUnitInfo [name: default]
26-02-17 14:34:50.944 [main] INFO  org.hibernate.Version                - HHH000412: Hibernate ORM core version 6.6.39.Final
26-02-17 14:34:51.028 [main] INFO  o.h.c.i.RegionFactoryInitiator       - HHH000026: Second-level cache disabled
26-02-17 14:34:51.558 [main] INFO  o.s.o.j.p.SpringPersistenceUnitInfo  - No LoadTimeWeaver setup: ignoring JPA class transformer
26-02-17 14:34:51.653 [main] WARN  org.hibernate.orm.deprecation        - HHH90000025: PostgreSQLDialect does not need to be specified explicitly using 'hibernate.dialect' (remove the property setting and it will be selected by default)
26-02-17 14:34:51.680 [main] INFO  o.hibernate.orm.connections.pooling  - HHH10001005: Database info:
	Database JDBC URL [Connecting through datasource 'HikariDataSource (HikariPool-1)']
	Database driver: undefined/unknown
	Database version: 17.7
	Autocommit mode: undefined/unknown
	Isolation level: undefined/unknown
	Minimum pool size: undefined/unknown
	Maximum pool size: undefined/unknown
26-02-17 14:34:53.114 [main] INFO  o.h.e.t.j.p.i.JtaPlatformInitiator   - HHH000489: No JTA platform available (set 'hibernate.transaction.jta.platform' to enable JTA platform integration)
26-02-17 14:34:53.211 [main] DEBUG org.hibernate.SQL                    - 
    create table discodeit.binary_contents (
        id uuid not null,
        created_at timestamp with time zone not null,
        content_type varchar(100) not null,
        file_name varchar(255) not null,
        size bigint not null,
        primary key (id)
    )
26-02-17 14:34:53.217 [main] WARN  o.h.t.s.i.ExceptionHandlerLoggedImpl - GenerationTarget encountered exception accepting command : Error executing DDL "
    create table discodeit.binary_contents (
        id uuid not null,
        created_at timestamp with time zone not null,
        content_type varchar(100) not null,
        file_name varchar(255) not null,
        size bigint not null,
        primary key (id)
    )" via JDBC [ERROR: schema "discodeit" does not exist
  Position: 20]
org.hibernate.tool.schema.spi.CommandAcceptanceException: Error executing DDL "
    create table discodeit.binary_contents (
        id uuid not null,
        created_at timestamp with time zone not null,
        content_type varchar(100) not null,
        file_name varchar(255) not null,
        size bigint not null,
        primary key (id)
    )" via JDBC [ERROR: schema "discodeit" does not exist
  Position: 20]
	at org.hibernate.tool.schema.internal.exec.GenerationTargetToDatabase.accept(GenerationTargetToDatabase.java:94)
	at org.hibernate.tool.schema.internal.AbstractSchemaMigrator.applySqlString(AbstractSchemaMigrator.java:576)
	at org.hibernate.tool.schema.internal.AbstractSchemaMigrator.applySqlStrings(AbstractSchemaMigrator.java:516)
	at org.hibernate.tool.schema.internal.AbstractSchemaMigrator.createTable(AbstractSchemaMigrator.java:316)
	at org.hibernate.tool.schema.internal.GroupedSchemaMigratorImpl.performTablesMigration(GroupedSchemaMigratorImpl.java:80)
	at org.hibernate.tool.schema.internal.AbstractSchemaMigrator.performMigration(AbstractSchemaMigrator.java:233)
	at org.hibernate.tool.schema.internal.AbstractSchemaMigrator.doMigration(AbstractSchemaMigrator.java:112)
	at org.hibernate.tool.schema.spi.SchemaManagementToolCoordinator.performDatabaseAction(SchemaManagementToolCoordinator.java:280)
	at org.hibernate.tool.schema.spi.SchemaManagementToolCoordinator.lambda$process$5(SchemaManagementToolCoordinator.java:144)
	at java.base/java.util.HashMap.forEach(HashMap.java:1421)
	at org.hibernate.tool.schema.spi.SchemaManagementToolCoordinator.process(SchemaManagementToolCoordinator.java:141)
	at org.hibernate.boot.internal.SessionFactoryObserverForSchemaExport.sessionFactoryCreated(SessionFactoryObserverForSchemaExport.java:37)
	at org.hibernate.internal.SessionFactoryObserverChain.sessionFactoryCreated(SessionFactoryObserverChain.java:35)
	at org.hibernate.internal.SessionFactoryImpl.<init>(SessionFactoryImpl.java:324)
	at org.hibernate.boot.internal.SessionFactoryBuilderImpl.build(SessionFactoryBuilderImpl.java:463)
	at org.hibernate.jpa.boot.internal.EntityManagerFactoryBuilderImpl.build(EntityManagerFactoryBuilderImpl.java:1517)
	at org.springframework.orm.jpa.vendor.SpringHibernateJpaPersistenceProvider.createContainerEntityManagerFactory(SpringHibernateJpaPersistenceProvider.java:66)
	at org.springframework.orm.jpa.LocalContainerEntityManagerFactoryBean.createNativeEntityManagerFactory(LocalContainerEntityManagerFactoryBean.java:390)
	at org.springframework.orm.jpa.AbstractEntityManagerFactoryBean.buildNativeEntityManagerFactory(AbstractEntityManagerFactoryBean.java:419)
	at org.springframework.orm.jpa.AbstractEntityManagerFactoryBean.afterPropertiesSet(AbstractEntityManagerFactoryBean.java:400)
	at org.springframework.orm.jpa.LocalContainerEntityManagerFactoryBean.afterPropertiesSet(LocalContainerEntityManagerFactoryBean.java:366)
	at org.springframework.beans.factory.support.AbstractAutowireCapableBeanFactory.invokeInitMethods(AbstractAutowireCapableBeanFactory.java:1873)
	at org.springframework.beans.factory.support.AbstractAutowireCapableBeanFactory.initializeBean(AbstractAutowireCapableBeanFactory.java:1822)
	at org.springframework.beans.factory.support.AbstractAutowireCapableBeanFactory.doCreateBean(AbstractAutowireCapableBeanFactory.java:607)
	at org.springframework.beans.factory.support.AbstractAutowireCapableBeanFactory.createBean(AbstractAutowireCapableBeanFactory.java:529)
	at org.springframework.beans.factory.support.AbstractBeanFactory.lambda$doGetBean$0(AbstractBeanFactory.java:339)
	at org.springframework.beans.factory.support.DefaultSingletonBeanRegistry.getSingleton(DefaultSingletonBeanRegistry.java:373)
	at org.springframework.beans.factory.support.AbstractBeanFactory.doGetBean(AbstractBeanFactory.java:337)
	at org.springframework.beans.factory.support.AbstractBeanFactory.getBean(AbstractBeanFactory.java:207)
	at org.springframework.context.support.AbstractApplicationContext.finishBeanFactoryInitialization(AbstractApplicationContext.java:973)
	at org.springframework.context.support.AbstractApplicationContext.refresh(AbstractApplicationContext.java:627)
	at org.springframework.boot.web.servlet.context.ServletWebServerApplicationContext.refresh(ServletWebServerApplicationContext.java:146)
	at org.springframework.boot.SpringApplication.refresh(SpringApplication.java:752)
	at org.springframework.boot.SpringApplication.refreshContext(SpringApplication.java:439)
	at org.springframework.boot.SpringApplication.run(SpringApplication.java:318)
	at org.springframework.boot.SpringApplication.run(SpringApplication.java:1361)
	at org.springframework.boot.SpringApplication.run(SpringApplication.java:1350)
	at com.sprint.mission.discodeit.DiscodeitApplication.main(DiscodeitApplication.java:14)
Caused by: org.postgresql.util.PSQLException: ERROR: schema "discodeit" does not exist
  Position: 20
	at org.postgresql.core.v3.QueryExecutorImpl.receiveErrorResponse(QueryExecutorImpl.java:2736)
	at org.postgresql.core.v3.QueryExecutorImpl.processResults(QueryExecutorImpl.java:2421)
	at org.postgresql.core.v3.QueryExecutorImpl.execute(QueryExecutorImpl.java:372)
	at org.postgresql.jdbc.PgStatement.executeInternal(PgStatement.java:525)
	at org.postgresql.jdbc.PgStatement.execute(PgStatement.java:435)
	at org.postgresql.jdbc.PgStatement.executeWithFlags(PgStatement.java:357)
	at org.postgresql.jdbc.PgStatement.executeCachedSql(PgStatement.java:342)
	at org.postgresql.jdbc.PgStatement.executeWithFlags(PgStatement.java:318)
	at org.postgresql.jdbc.PgStatement.execute(PgStatement.java:313)
	at com.zaxxer.hikari.pool.ProxyStatement.execute(ProxyStatement.java:95)
	at com.zaxxer.hikari.pool.HikariProxyStatement.execute(HikariProxyStatement.java)
	at org.hibernate.tool.schema.internal.exec.GenerationTargetToDatabase.accept(GenerationTargetToDatabase.java:80)
	... 37 common frames omitted
26-02-17 14:34:53.222 [main] DEBUG org.hibernate.SQL                    - 
    create table discodeit.channels (
        id uuid not null,
        created_at timestamp with time zone not null,
        updated_at timestamp with time zone,
        description varchar(500),
        name varchar(100),
        type varchar(255) not null check (type in ('PUBLIC','PRIVATE')),
        primary key (id)
    )
26-02-17 14:34:53.223 [main] WARN  o.h.t.s.i.ExceptionHandlerLoggedImpl - GenerationTarget encountered exception accepting command : Error executing DDL "
    create table discodeit.channels (
        id uuid not null,
        created_at timestamp with time zone not null,
        updated_at timestamp with time zone,
        description varchar(500),
        name varchar(100),
        type varchar(255) not null check (type in ('PUBLIC','PRIVATE')),
        primary key (id)
    )" via JDBC [ERROR: schema "discodeit" does not exist
  Position: 20]
org.hibernate.tool.schema.spi.CommandAcceptanceException: Error executing DDL "
    create table discodeit.channels (
        id uuid not null,
        created_at timestamp with time zone not null,
        updated_at timestamp with time zone,
        description varchar(500),
        name varchar(100),
        type varchar(255) not null check (type in ('PUBLIC','PRIVATE')),
        primary key (id)
    )" via JDBC [ERROR: schema "discodeit" does not exist
  Position: 20]
	at org.hibernate.tool.schema.internal.exec.GenerationTargetToDatabase.accept(GenerationTargetToDatabase.java:94)
	at org.hibernate.tool.schema.internal.AbstractSchemaMigrator.applySqlString(AbstractSchemaMigrator.java:576)
	at org.hibernate.tool.schema.internal.AbstractSchemaMigrator.applySqlStrings(AbstractSchemaMigrator.java:516)
	at org.hibernate.tool.schema.internal.AbstractSchemaMigrator.createTable(AbstractSchemaMigrator.java:316)
	at org.hibernate.tool.schema.internal.GroupedSchemaMigratorImpl.performTablesMigration(GroupedSchemaMigratorImpl.java:80)
	at org.hibernate.tool.schema.internal.AbstractSchemaMigrator.performMigration(AbstractSchemaMigrator.java:233)
	at org.hibernate.tool.schema.internal.AbstractSchemaMigrator.doMigration(AbstractSchemaMigrator.java:112)
	at org.hibernate.tool.schema.spi.SchemaManagementToolCoordinator.performDatabaseAction(SchemaManagementToolCoordinator.java:280)
	at org.hibernate.tool.schema.spi.SchemaManagementToolCoordinator.lambda$process$5(SchemaManagementToolCoordinator.java:144)
	at java.base/java.util.HashMap.forEach(HashMap.java:1421)
	at org.hibernate.tool.schema.spi.SchemaManagementToolCoordinator.process(SchemaManagementToolCoordinator.java:141)
	at org.hibernate.boot.internal.SessionFactoryObserverForSchemaExport.sessionFactoryCreated(SessionFactoryObserverForSchemaExport.java:37)
	at org.hibernate.internal.SessionFactoryObserverChain.sessionFactoryCreated(SessionFactoryObserverChain.java:35)
	at org.hibernate.internal.SessionFactoryImpl.<init>(SessionFactoryImpl.java:324)
	at org.hibernate.boot.internal.SessionFactoryBuilderImpl.build(SessionFactoryBuilderImpl.java:463)
	at org.hibernate.jpa.boot.internal.EntityManagerFactoryBuilderImpl.build(EntityManagerFactoryBuilderImpl.java:1517)
	at org.springframework.orm.jpa.vendor.SpringHibernateJpaPersistenceProvider.createContainerEntityManagerFactory(SpringHibernateJpaPersistenceProvider.java:66)
	at org.springframework.orm.jpa.LocalContainerEntityManagerFactoryBean.createNativeEntityManagerFactory(LocalContainerEntityManagerFactoryBean.java:390)
	at org.springframework.orm.jpa.AbstractEntityManagerFactoryBean.buildNativeEntityManagerFactory(AbstractEntityManagerFactoryBean.java:419)
	at org.springframework.orm.jpa.AbstractEntityManagerFactoryBean.afterPropertiesSet(AbstractEntityManagerFactoryBean.java:400)
	at org.springframework.orm.jpa.LocalContainerEntityManagerFactoryBean.afterPropertiesSet(LocalContainerEntityManagerFactoryBean.java:366)
	at org.springframework.beans.factory.support.AbstractAutowireCapableBeanFactory.invokeInitMethods(AbstractAutowireCapableBeanFactory.java:1873)
	at org.springframework.beans.factory.support.AbstractAutowireCapableBeanFactory.initializeBean(AbstractAutowireCapableBeanFactory.java:1822)
	at org.springframework.beans.factory.support.AbstractAutowireCapableBeanFactory.doCreateBean(AbstractAutowireCapableBeanFactory.java:607)
	at org.springframework.beans.factory.support.AbstractAutowireCapableBeanFactory.createBean(AbstractAutowireCapableBeanFactory.java:529)
	at org.springframework.beans.factory.support.AbstractBeanFactory.lambda$doGetBean$0(AbstractBeanFactory.java:339)
	at org.springframework.beans.factory.support.DefaultSingletonBeanRegistry.getSingleton(DefaultSingletonBeanRegistry.java:373)
	at org.springframework.beans.factory.support.AbstractBeanFactory.doGetBean(AbstractBeanFactory.java:337)
	at org.springframework.beans.factory.support.AbstractBeanFactory.getBean(AbstractBeanFactory.java:207)
	at org.springframework.context.support.AbstractApplicationContext.finishBeanFactoryInitialization(AbstractApplicationContext.java:973)
	at org.springframework.context.support.AbstractApplicationContext.refresh(AbstractApplicationContext.java:627)
	at org.springframework.boot.web.servlet.context.ServletWebServerApplicationContext.refresh(ServletWebServerApplicationContext.java:146)
	at org.springframework.boot.SpringApplication.refresh(SpringApplication.java:752)
	at org.springframework.boot.SpringApplication.refreshContext(SpringApplication.java:439)
	at org.springframework.boot.SpringApplication.run(SpringApplication.java:318)
	at org.springframework.boot.SpringApplication.run(SpringApplication.java:1361)
	at org.springframework.boot.SpringApplication.run(SpringApplication.java:1350)
	at com.sprint.mission.discodeit.DiscodeitApplication.main(DiscodeitApplication.java:14)
Caused by: org.postgresql.util.PSQLException: ERROR: schema "discodeit" does not exist
  Position: 20
	at org.postgresql.core.v3.QueryExecutorImpl.receiveErrorResponse(QueryExecutorImpl.java:2736)
	at org.postgresql.core.v3.QueryExecutorImpl.processResults(QueryExecutorImpl.java:2421)
	at org.postgresql.core.v3.QueryExecutorImpl.execute(QueryExecutorImpl.java:372)
	at org.postgresql.jdbc.PgStatement.executeInternal(PgStatement.java:525)
	at org.postgresql.jdbc.PgStatement.execute(PgStatement.java:435)
	at org.postgresql.jdbc.PgStatement.executeWithFlags(PgStatement.java:357)
	at org.postgresql.jdbc.PgStatement.executeCachedSql(PgStatement.java:342)
	at org.postgresql.jdbc.PgStatement.executeWithFlags(PgStatement.java:318)
	at org.postgresql.jdbc.PgStatement.execute(PgStatement.java:313)
	at com.zaxxer.hikari.pool.ProxyStatement.execute(ProxyStatement.java:95)
	at com.zaxxer.hikari.pool.HikariProxyStatement.execute(HikariProxyStatement.java)
	at org.hibernate.tool.schema.internal.exec.GenerationTargetToDatabase.accept(GenerationTargetToDatabase.java:80)
	... 37 common frames omitted
26-02-17 14:34:53.224 [main] DEBUG org.hibernate.SQL                    - 
    create table discodeit.message_attachments (
        message_id uuid not null,
        attachment_id uuid not null
    )
26-02-17 14:34:53.225 [main] WARN  o.h.t.s.i.ExceptionHandlerLoggedImpl - GenerationTarget encountered exception accepting command : Error executing DDL "
    create table discodeit.message_attachments (
        message_id uuid not null,
        attachment_id uuid not null
    )" via JDBC [ERROR: schema "discodeit" does not exist
  Position: 20]
org.hibernate.tool.schema.spi.CommandAcceptanceException: Error executing DDL "
    create table discodeit.message_attachments (
        message_id uuid not null,
        attachment_id uuid not null
    )" via JDBC [ERROR: schema "discodeit" does not exist
  Position: 20]
	at org.hibernate.tool.schema.internal.exec.GenerationTargetToDatabase.accept(GenerationTargetToDatabase.java:94)
	at org.hibernate.tool.schema.internal.AbstractSchemaMigrator.applySqlString(AbstractSchemaMigrator.java:576)
	at org.hibernate.tool.schema.internal.AbstractSchemaMigrator.applySqlStrings(AbstractSchemaMigrator.java:516)
	at org.hibernate.tool.schema.internal.AbstractSchemaMigrator.createTable(AbstractSchemaMigrator.java:316)
	at org.hibernate.tool.schema.internal.GroupedSchemaMigratorImpl.performTablesMigration(GroupedSchemaMigratorImpl.java:80)
	at org.hibernate.tool.schema.internal.AbstractSchemaMigrator.performMigration(AbstractSchemaMigrator.java:233)
	at org.hibernate.tool.schema.internal.AbstractSchemaMigrator.doMigration(AbstractSchemaMigrator.java:112)
	at org.hibernate.tool.schema.spi.SchemaManagementToolCoordinator.performDatabaseAction(SchemaManagementToolCoordinator.java:280)
	at org.hibernate.tool.schema.spi.SchemaManagementToolCoordinator.lambda$process$5(SchemaManagementToolCoordinator.java:144)
	at java.base/java.util.HashMap.forEach(HashMap.java:1421)
	at org.hibernate.tool.schema.spi.SchemaManagementToolCoordinator.process(SchemaManagementToolCoordinator.java:141)
	at org.hibernate.boot.internal.SessionFactoryObserverForSchemaExport.sessionFactoryCreated(SessionFactoryObserverForSchemaExport.java:37)
	at org.hibernate.internal.SessionFactoryObserverChain.sessionFactoryCreated(SessionFactoryObserverChain.java:35)
	at org.hibernate.internal.SessionFactoryImpl.<init>(SessionFactoryImpl.java:324)
	at org.hibernate.boot.internal.SessionFactoryBuilderImpl.build(SessionFactoryBuilderImpl.java:463)
	at org.hibernate.jpa.boot.internal.EntityManagerFactoryBuilderImpl.build(EntityManagerFactoryBuilderImpl.java:1517)
	at org.springframework.orm.jpa.vendor.SpringHibernateJpaPersistenceProvider.createContainerEntityManagerFactory(SpringHibernateJpaPersistenceProvider.java:66)
	at org.springframework.orm.jpa.LocalContainerEntityManagerFactoryBean.createNativeEntityManagerFactory(LocalContainerEntityManagerFactoryBean.java:390)
	at org.springframework.orm.jpa.AbstractEntityManagerFactoryBean.buildNativeEntityManagerFactory(AbstractEntityManagerFactoryBean.java:419)
	at org.springframework.orm.jpa.AbstractEntityManagerFactoryBean.afterPropertiesSet(AbstractEntityManagerFactoryBean.java:400)
	at org.springframework.orm.jpa.LocalContainerEntityManagerFactoryBean.afterPropertiesSet(LocalContainerEntityManagerFactoryBean.java:366)
	at org.springframework.beans.factory.support.AbstractAutowireCapableBeanFactory.invokeInitMethods(AbstractAutowireCapableBeanFactory.java:1873)
	at org.springframework.beans.factory.support.AbstractAutowireCapableBeanFactory.initializeBean(AbstractAutowireCapableBeanFactory.java:1822)
	at org.springframework.beans.factory.support.AbstractAutowireCapableBeanFactory.doCreateBean(AbstractAutowireCapableBeanFactory.java:607)
	at org.springframework.beans.factory.support.AbstractAutowireCapableBeanFactory.createBean(AbstractAutowireCapableBeanFactory.java:529)
	at org.springframework.beans.factory.support.AbstractBeanFactory.lambda$doGetBean$0(AbstractBeanFactory.java:339)
	at org.springframework.beans.factory.support.DefaultSingletonBeanRegistry.getSingleton(DefaultSingletonBeanRegistry.java:373)
	at org.springframework.beans.factory.support.AbstractBeanFactory.doGetBean(AbstractBeanFactory.java:337)
	at org.springframework.beans.factory.support.AbstractBeanFactory.getBean(AbstractBeanFactory.java:207)
	at org.springframework.context.support.AbstractApplicationContext.finishBeanFactoryInitialization(AbstractApplicationContext.java:973)
	at org.springframework.context.support.AbstractApplicationContext.refresh(AbstractApplicationContext.java:627)
	at org.springframework.boot.web.servlet.context.ServletWebServerApplicationContext.refresh(ServletWebServerApplicationContext.java:146)
	at org.springframework.boot.SpringApplication.refresh(SpringApplication.java:752)
	at org.springframework.boot.SpringApplication.refreshContext(SpringApplication.java:439)
	at org.springframework.boot.SpringApplication.run(SpringApplication.java:318)
	at org.springframework.boot.SpringApplication.run(SpringApplication.java:1361)
	at org.springframework.boot.SpringApplication.run(SpringApplication.java:1350)
	at com.sprint.mission.discodeit.DiscodeitApplication.main(DiscodeitApplication.java:14)
Caused by: org.postgresql.util.PSQLException: ERROR: schema "discodeit" does not exist
  Position: 20
	at org.postgresql.core.v3.QueryExecutorImpl.receiveErrorResponse(QueryExecutorImpl.java:2736)
	at org.postgresql.core.v3.QueryExecutorImpl.processResults(QueryExecutorImpl.java:2421)
	at org.postgresql.core.v3.QueryExecutorImpl.execute(QueryExecutorImpl.java:372)
	at org.postgresql.jdbc.PgStatement.executeInternal(PgStatement.java:525)
	at org.postgresql.jdbc.PgStatement.execute(PgStatement.java:435)
	at org.postgresql.jdbc.PgStatement.executeWithFlags(PgStatement.java:357)
	at org.postgresql.jdbc.PgStatement.executeCachedSql(PgStatement.java:342)
	at org.postgresql.jdbc.PgStatement.executeWithFlags(PgStatement.java:318)
	at org.postgresql.jdbc.PgStatement.execute(PgStatement.java:313)
	at com.zaxxer.hikari.pool.ProxyStatement.execute(ProxyStatement.java:95)
	at com.zaxxer.hikari.pool.HikariProxyStatement.execute(HikariProxyStatement.java)
	at org.hibernate.tool.schema.internal.exec.GenerationTargetToDatabase.accept(GenerationTargetToDatabase.java:80)
	... 37 common frames omitted
26-02-17 14:34:53.226 [main] DEBUG org.hibernate.SQL                    - 
    create table discodeit.messages (
        id uuid not null,
        created_at timestamp with time zone not null,
        updated_at timestamp with time zone,
        content text not null,
        author_id uuid,
        channel_id uuid not null,
        primary key (id)
    )
26-02-17 14:34:53.226 [main] WARN  o.h.t.s.i.ExceptionHandlerLoggedImpl - GenerationTarget encountered exception accepting command : Error executing DDL "
    create table discodeit.messages (
        id uuid not null,
        created_at timestamp with time zone not null,
        updated_at timestamp with time zone,
        content text not null,
        author_id uuid,
        channel_id uuid not null,
        primary key (id)
    )" via JDBC [ERROR: schema "discodeit" does not exist
  Position: 20]
org.hibernate.tool.schema.spi.CommandAcceptanceException: Error executing DDL "
    create table discodeit.messages (
        id uuid not null,
        created_at timestamp with time zone not null,
        updated_at timestamp with time zone,
        content text not null,
        author_id uuid,
        channel_id uuid not null,
        primary key (id)
    )" via JDBC [ERROR: schema "discodeit" does not exist
  Position: 20]
	at org.hibernate.tool.schema.internal.exec.GenerationTargetToDatabase.accept(GenerationTargetToDatabase.java:94)
	at org.hibernate.tool.schema.internal.AbstractSchemaMigrator.applySqlString(AbstractSchemaMigrator.java:576)
	at org.hibernate.tool.schema.internal.AbstractSchemaMigrator.applySqlStrings(AbstractSchemaMigrator.java:516)
	at org.hibernate.tool.schema.internal.AbstractSchemaMigrator.createTable(AbstractSchemaMigrator.java:316)
	at org.hibernate.tool.schema.internal.GroupedSchemaMigratorImpl.performTablesMigration(GroupedSchemaMigratorImpl.java:80)
	at org.hibernate.tool.schema.internal.AbstractSchemaMigrator.performMigration(AbstractSchemaMigrator.java:233)
	at org.hibernate.tool.schema.internal.AbstractSchemaMigrator.doMigration(AbstractSchemaMigrator.java:112)
	at org.hibernate.tool.schema.spi.SchemaManagementToolCoordinator.performDatabaseAction(SchemaManagementToolCoordinator.java:280)
	at org.hibernate.tool.schema.spi.SchemaManagementToolCoordinator.lambda$process$5(SchemaManagementToolCoordinator.java:144)
	at java.base/java.util.HashMap.forEach(HashMap.java:1421)
	at org.hibernate.tool.schema.spi.SchemaManagementToolCoordinator.process(SchemaManagementToolCoordinator.java:141)
	at org.hibernate.boot.internal.SessionFactoryObserverForSchemaExport.sessionFactoryCreated(SessionFactoryObserverForSchemaExport.java:37)
	at org.hibernate.internal.SessionFactoryObserverChain.sessionFactoryCreated(SessionFactoryObserverChain.java:35)
	at org.hibernate.internal.SessionFactoryImpl.<init>(SessionFactoryImpl.java:324)
	at org.hibernate.boot.internal.SessionFactoryBuilderImpl.build(SessionFactoryBuilderImpl.java:463)
	at org.hibernate.jpa.boot.internal.EntityManagerFactoryBuilderImpl.build(EntityManagerFactoryBuilderImpl.java:1517)
	at org.springframework.orm.jpa.vendor.SpringHibernateJpaPersistenceProvider.createContainerEntityManagerFactory(SpringHibernateJpaPersistenceProvider.java:66)
	at org.springframework.orm.jpa.LocalContainerEntityManagerFactoryBean.createNativeEntityManagerFactory(LocalContainerEntityManagerFactoryBean.java:390)
	at org.springframework.orm.jpa.AbstractEntityManagerFactoryBean.buildNativeEntityManagerFactory(AbstractEntityManagerFactoryBean.java:419)
	at org.springframework.orm.jpa.AbstractEntityManagerFactoryBean.afterPropertiesSet(AbstractEntityManagerFactoryBean.java:400)
	at org.springframework.orm.jpa.LocalContainerEntityManagerFactoryBean.afterPropertiesSet(LocalContainerEntityManagerFactoryBean.java:366)
	at org.springframework.beans.factory.support.AbstractAutowireCapableBeanFactory.invokeInitMethods(AbstractAutowireCapableBeanFactory.java:1873)
	at org.springframework.beans.factory.support.AbstractAutowireCapableBeanFactory.initializeBean(AbstractAutowireCapableBeanFactory.java:1822)
	at org.springframework.beans.factory.support.AbstractAutowireCapableBeanFactory.doCreateBean(AbstractAutowireCapableBeanFactory.java:607)
	at org.springframework.beans.factory.support.AbstractAutowireCapableBeanFactory.createBean(AbstractAutowireCapableBeanFactory.java:529)
	at org.springframework.beans.factory.support.AbstractBeanFactory.lambda$doGetBean$0(AbstractBeanFactory.java:339)
	at org.springframework.beans.factory.support.DefaultSingletonBeanRegistry.getSingleton(DefaultSingletonBeanRegistry.java:373)
	at org.springframework.beans.factory.support.AbstractBeanFactory.doGetBean(AbstractBeanFactory.java:337)
	at org.springframework.beans.factory.support.AbstractBeanFactory.getBean(AbstractBeanFactory.java:207)
	at org.springframework.context.support.AbstractApplicationContext.finishBeanFactoryInitialization(AbstractApplicationContext.java:973)
	at org.springframework.context.support.AbstractApplicationContext.refresh(AbstractApplicationContext.java:627)
	at org.springframework.boot.web.servlet.context.ServletWebServerApplicationContext.refresh(ServletWebServerApplicationContext.java:146)
	at org.springframework.boot.SpringApplication.refresh(SpringApplication.java:752)
	at org.springframework.boot.SpringApplication.refreshContext(SpringApplication.java:439)
	at org.springframework.boot.SpringApplication.run(SpringApplication.java:318)
	at org.springframework.boot.SpringApplication.run(SpringApplication.java:1361)
	at org.springframework.boot.SpringApplication.run(SpringApplication.java:1350)
	at com.sprint.mission.discodeit.DiscodeitApplication.main(DiscodeitApplication.java:14)
Caused by: org.postgresql.util.PSQLException: ERROR: schema "discodeit" does not exist
  Position: 20
	at org.postgresql.core.v3.QueryExecutorImpl.receiveErrorResponse(QueryExecutorImpl.java:2736)
	at org.postgresql.core.v3.QueryExecutorImpl.processResults(QueryExecutorImpl.java:2421)
	at org.postgresql.core.v3.QueryExecutorImpl.execute(QueryExecutorImpl.java:372)
	at org.postgresql.jdbc.PgStatement.executeInternal(PgStatement.java:525)
	at org.postgresql.jdbc.PgStatement.execute(PgStatement.java:435)
	at org.postgresql.jdbc.PgStatement.executeWithFlags(PgStatement.java:357)
	at org.postgresql.jdbc.PgStatement.executeCachedSql(PgStatement.java:342)
	at org.postgresql.jdbc.PgStatement.executeWithFlags(PgStatement.java:318)
	at org.postgresql.jdbc.PgStatement.execute(PgStatement.java:313)
	at com.zaxxer.hikari.pool.ProxyStatement.execute(ProxyStatement.java:95)
	at com.zaxxer.hikari.pool.HikariProxyStatement.execute(HikariProxyStatement.java)
	at org.hibernate.tool.schema.internal.exec.GenerationTargetToDatabase.accept(GenerationTargetToDatabase.java:80)
	... 37 common frames omitted
26-02-17 14:34:53.227 [main] DEBUG org.hibernate.SQL                    - 
    create table discodeit.read_statuses (
        id uuid not null,
        created_at timestamp with time zone not null,
        updated_at timestamp with time zone,
        last_read_at timestamp with time zone not null,
        channel_id uuid not null,
        user_id uuid not null,
        primary key (id)
    )
26-02-17 14:34:53.228 [main] WARN  o.h.t.s.i.ExceptionHandlerLoggedImpl - GenerationTarget encountered exception accepting command : Error executing DDL "
    create table discodeit.read_statuses (
        id uuid not null,
        created_at timestamp with time zone not null,
        updated_at timestamp with time zone,
        last_read_at timestamp with time zone not null,
        channel_id uuid not null,
        user_id uuid not null,
        primary key (id)
    )" via JDBC [ERROR: schema "discodeit" does not exist
  Position: 20]
org.hibernate.tool.schema.spi.CommandAcceptanceException: Error executing DDL "
    create table discodeit.read_statuses (
        id uuid not null,
        created_at timestamp with time zone not null,
        updated_at timestamp with time zone,
        last_read_at timestamp with time zone not null,
        channel_id uuid not null,
        user_id uuid not null,
        primary key (id)
    )" via JDBC [ERROR: schema "discodeit" does not exist
  Position: 20]
	at org.hibernate.tool.schema.internal.exec.GenerationTargetToDatabase.accept(GenerationTargetToDatabase.java:94)
	at org.hibernate.tool.schema.internal.AbstractSchemaMigrator.applySqlString(AbstractSchemaMigrator.java:576)
	at org.hibernate.tool.schema.internal.AbstractSchemaMigrator.applySqlStrings(AbstractSchemaMigrator.java:516)
	at org.hibernate.tool.schema.internal.AbstractSchemaMigrator.createTable(AbstractSchemaMigrator.java:316)
	at org.hibernate.tool.schema.internal.GroupedSchemaMigratorImpl.performTablesMigration(GroupedSchemaMigratorImpl.java:80)
	at org.hibernate.tool.schema.internal.AbstractSchemaMigrator.performMigration(AbstractSchemaMigrator.java:233)
	at org.hibernate.tool.schema.internal.AbstractSchemaMigrator.doMigration(AbstractSchemaMigrator.java:112)
	at org.hibernate.tool.schema.spi.SchemaManagementToolCoordinator.performDatabaseAction(SchemaManagementToolCoordinator.java:280)
	at org.hibernate.tool.schema.spi.SchemaManagementToolCoordinator.lambda$process$5(SchemaManagementToolCoordinator.java:144)
	at java.base/java.util.HashMap.forEach(HashMap.java:1421)
	at org.hibernate.tool.schema.spi.SchemaManagementToolCoordinator.process(SchemaManagementToolCoordinator.java:141)
	at org.hibernate.boot.internal.SessionFactoryObserverForSchemaExport.sessionFactoryCreated(SessionFactoryObserverForSchemaExport.java:37)
	at org.hibernate.internal.SessionFactoryObserverChain.sessionFactoryCreated(SessionFactoryObserverChain.java:35)
	at org.hibernate.internal.SessionFactoryImpl.<init>(SessionFactoryImpl.java:324)
	at org.hibernate.boot.internal.SessionFactoryBuilderImpl.build(SessionFactoryBuilderImpl.java:463)
	at org.hibernate.jpa.boot.internal.EntityManagerFactoryBuilderImpl.build(EntityManagerFactoryBuilderImpl.java:1517)
	at org.springframework.orm.jpa.vendor.SpringHibernateJpaPersistenceProvider.createContainerEntityManagerFactory(SpringHibernateJpaPersistenceProvider.java:66)
	at org.springframework.orm.jpa.LocalContainerEntityManagerFactoryBean.createNativeEntityManagerFactory(LocalContainerEntityManagerFactoryBean.java:390)
	at org.springframework.orm.jpa.AbstractEntityManagerFactoryBean.buildNativeEntityManagerFactory(AbstractEntityManagerFactoryBean.java:419)
	at org.springframework.orm.jpa.AbstractEntityManagerFactoryBean.afterPropertiesSet(AbstractEntityManagerFactoryBean.java:400)
	at org.springframework.orm.jpa.LocalContainerEntityManagerFactoryBean.afterPropertiesSet(LocalContainerEntityManagerFactoryBean.java:366)
	at org.springframework.beans.factory.support.AbstractAutowireCapableBeanFactory.invokeInitMethods(AbstractAutowireCapableBeanFactory.java:1873)
	at org.springframework.beans.factory.support.AbstractAutowireCapableBeanFactory.initializeBean(AbstractAutowireCapableBeanFactory.java:1822)
	at org.springframework.beans.factory.support.AbstractAutowireCapableBeanFactory.doCreateBean(AbstractAutowireCapableBeanFactory.java:607)
	at org.springframework.beans.factory.support.AbstractAutowireCapableBeanFactory.createBean(AbstractAutowireCapableBeanFactory.java:529)
	at org.springframework.beans.factory.support.AbstractBeanFactory.lambda$doGetBean$0(AbstractBeanFactory.java:339)
	at org.springframework.beans.factory.support.DefaultSingletonBeanRegistry.getSingleton(DefaultSingletonBeanRegistry.java:373)
	at org.springframework.beans.factory.support.AbstractBeanFactory.doGetBean(AbstractBeanFactory.java:337)
	at org.springframework.beans.factory.support.AbstractBeanFactory.getBean(AbstractBeanFactory.java:207)
	at org.springframework.context.support.AbstractApplicationContext.finishBeanFactoryInitialization(AbstractApplicationContext.java:973)
	at org.springframework.context.support.AbstractApplicationContext.refresh(AbstractApplicationContext.java:627)
	at org.springframework.boot.web.servlet.context.ServletWebServerApplicationContext.refresh(ServletWebServerApplicationContext.java:146)
	at org.springframework.boot.SpringApplication.refresh(SpringApplication.java:752)
	at org.springframework.boot.SpringApplication.refreshContext(SpringApplication.java:439)
	at org.springframework.boot.SpringApplication.run(SpringApplication.java:318)
	at org.springframework.boot.SpringApplication.run(SpringApplication.java:1361)
	at org.springframework.boot.SpringApplication.run(SpringApplication.java:1350)
	at com.sprint.mission.discodeit.DiscodeitApplication.main(DiscodeitApplication.java:14)
Caused by: org.postgresql.util.PSQLException: ERROR: schema "discodeit" does not exist
  Position: 20
	at org.postgresql.core.v3.QueryExecutorImpl.receiveErrorResponse(QueryExecutorImpl.java:2736)
	at org.postgresql.core.v3.QueryExecutorImpl.processResults(QueryExecutorImpl.java:2421)
	at org.postgresql.core.v3.QueryExecutorImpl.execute(QueryExecutorImpl.java:372)
	at org.postgresql.jdbc.PgStatement.executeInternal(PgStatement.java:525)
	at org.postgresql.jdbc.PgStatement.execute(PgStatement.java:435)
	at org.postgresql.jdbc.PgStatement.executeWithFlags(PgStatement.java:357)
	at org.postgresql.jdbc.PgStatement.executeCachedSql(PgStatement.java:342)
	at org.postgresql.jdbc.PgStatement.executeWithFlags(PgStatement.java:318)
	at org.postgresql.jdbc.PgStatement.execute(PgStatement.java:313)
	at com.zaxxer.hikari.pool.ProxyStatement.execute(ProxyStatement.java:95)
	at com.zaxxer.hikari.pool.HikariProxyStatement.execute(HikariProxyStatement.java)
	at org.hibernate.tool.schema.internal.exec.GenerationTargetToDatabase.accept(GenerationTargetToDatabase.java:80)
	... 37 common frames omitted
26-02-17 14:34:53.229 [main] DEBUG org.hibernate.SQL                    - 
    create table discodeit.user_statuses (
        id uuid not null,
        created_at timestamp with time zone not null,
        updated_at timestamp with time zone,
        last_active_at timestamp with time zone not null,
        user_id uuid not null,
        primary key (id)
    )
26-02-17 14:34:53.230 [main] WARN  o.h.t.s.i.ExceptionHandlerLoggedImpl - GenerationTarget encountered exception accepting command : Error executing DDL "
    create table discodeit.user_statuses (
        id uuid not null,
        created_at timestamp with time zone not null,
        updated_at timestamp with time zone,
        last_active_at timestamp with time zone not null,
        user_id uuid not null,
        primary key (id)
    )" via JDBC [ERROR: schema "discodeit" does not exist
  Position: 20]
org.hibernate.tool.schema.spi.CommandAcceptanceException: Error executing DDL "
    create table discodeit.user_statuses (
        id uuid not null,
        created_at timestamp with time zone not null,
        updated_at timestamp with time zone,
        last_active_at timestamp with time zone not null,
        user_id uuid not null,
        primary key (id)
    )" via JDBC [ERROR: schema "discodeit" does not exist
  Position: 20]
	at org.hibernate.tool.schema.internal.exec.GenerationTargetToDatabase.accept(GenerationTargetToDatabase.java:94)
	at org.hibernate.tool.schema.internal.AbstractSchemaMigrator.applySqlString(AbstractSchemaMigrator.java:576)
	at org.hibernate.tool.schema.internal.AbstractSchemaMigrator.applySqlStrings(AbstractSchemaMigrator.java:516)
	at org.hibernate.tool.schema.internal.AbstractSchemaMigrator.createTable(AbstractSchemaMigrator.java:316)
	at org.hibernate.tool.schema.internal.GroupedSchemaMigratorImpl.performTablesMigration(GroupedSchemaMigratorImpl.java:80)
	at org.hibernate.tool.schema.internal.AbstractSchemaMigrator.performMigration(AbstractSchemaMigrator.java:233)
	at org.hibernate.tool.schema.internal.AbstractSchemaMigrator.doMigration(AbstractSchemaMigrator.java:112)
	at org.hibernate.tool.schema.spi.SchemaManagementToolCoordinator.performDatabaseAction(SchemaManagementToolCoordinator.java:280)
	at org.hibernate.tool.schema.spi.SchemaManagementToolCoordinator.lambda$process$5(SchemaManagementToolCoordinator.java:144)
	at java.base/java.util.HashMap.forEach(HashMap.java:1421)
	at org.hibernate.tool.schema.spi.SchemaManagementToolCoordinator.process(SchemaManagementToolCoordinator.java:141)
	at org.hibernate.boot.internal.SessionFactoryObserverForSchemaExport.sessionFactoryCreated(SessionFactoryObserverForSchemaExport.java:37)
	at org.hibernate.internal.SessionFactoryObserverChain.sessionFactoryCreated(SessionFactoryObserverChain.java:35)
	at org.hibernate.internal.SessionFactoryImpl.<init>(SessionFactoryImpl.java:324)
	at org.hibernate.boot.internal.SessionFactoryBuilderImpl.build(SessionFactoryBuilderImpl.java:463)
	at org.hibernate.jpa.boot.internal.EntityManagerFactoryBuilderImpl.build(EntityManagerFactoryBuilderImpl.java:1517)
	at org.springframework.orm.jpa.vendor.SpringHibernateJpaPersistenceProvider.createContainerEntityManagerFactory(SpringHibernateJpaPersistenceProvider.java:66)
	at org.springframework.orm.jpa.LocalContainerEntityManagerFactoryBean.createNativeEntityManagerFactory(LocalContainerEntityManagerFactoryBean.java:390)
	at org.springframework.orm.jpa.AbstractEntityManagerFactoryBean.buildNativeEntityManagerFactory(AbstractEntityManagerFactoryBean.java:419)
	at org.springframework.orm.jpa.AbstractEntityManagerFactoryBean.afterPropertiesSet(AbstractEntityManagerFactoryBean.java:400)
	at org.springframework.orm.jpa.LocalContainerEntityManagerFactoryBean.afterPropertiesSet(LocalContainerEntityManagerFactoryBean.java:366)
	at org.springframework.beans.factory.support.AbstractAutowireCapableBeanFactory.invokeInitMethods(AbstractAutowireCapableBeanFactory.java:1873)
	at org.springframework.beans.factory.support.AbstractAutowireCapableBeanFactory.initializeBean(AbstractAutowireCapableBeanFactory.java:1822)
	at org.springframework.beans.factory.support.AbstractAutowireCapableBeanFactory.doCreateBean(AbstractAutowireCapableBeanFactory.java:607)
	at org.springframework.beans.factory.support.AbstractAutowireCapableBeanFactory.createBean(AbstractAutowireCapableBeanFactory.java:529)
	at org.springframework.beans.factory.support.AbstractBeanFactory.lambda$doGetBean$0(AbstractBeanFactory.java:339)
	at org.springframework.beans.factory.support.DefaultSingletonBeanRegistry.getSingleton(DefaultSingletonBeanRegistry.java:373)
	at org.springframework.beans.factory.support.AbstractBeanFactory.doGetBean(AbstractBeanFactory.java:337)
	at org.springframework.beans.factory.support.AbstractBeanFactory.getBean(AbstractBeanFactory.java:207)
	at org.springframework.context.support.AbstractApplicationContext.finishBeanFactoryInitialization(AbstractApplicationContext.java:973)
	at org.springframework.context.support.AbstractApplicationContext.refresh(AbstractApplicationContext.java:627)
	at org.springframework.boot.web.servlet.context.ServletWebServerApplicationContext.refresh(ServletWebServerApplicationContext.java:146)
	at org.springframework.boot.SpringApplication.refresh(SpringApplication.java:752)
	at org.springframework.boot.SpringApplication.refreshContext(SpringApplication.java:439)
	at org.springframework.boot.SpringApplication.run(SpringApplication.java:318)
	at org.springframework.boot.SpringApplication.run(SpringApplication.java:1361)
	at org.springframework.boot.SpringApplication.run(SpringApplication.java:1350)
	at com.sprint.mission.discodeit.DiscodeitApplication.main(DiscodeitApplication.java:14)
Caused by: org.postgresql.util.PSQLException: ERROR: schema "discodeit" does not exist
  Position: 20
	at org.postgresql.core.v3.QueryExecutorImpl.receiveErrorResponse(QueryExecutorImpl.java:2736)
	at org.postgresql.core.v3.QueryExecutorImpl.processResults(QueryExecutorImpl.java:2421)
	at org.postgresql.core.v3.QueryExecutorImpl.execute(QueryExecutorImpl.java:372)
	at org.postgresql.jdbc.PgStatement.executeInternal(PgStatement.java:525)
	at org.postgresql.jdbc.PgStatement.execute(PgStatement.java:435)
	at org.postgresql.jdbc.PgStatement.executeWithFlags(PgStatement.java:357)
	at org.postgresql.jdbc.PgStatement.executeCachedSql(PgStatement.java:342)
	at org.postgresql.jdbc.PgStatement.executeWithFlags(PgStatement.java:318)
	at org.postgresql.jdbc.PgStatement.execute(PgStatement.java:313)
	at com.zaxxer.hikari.pool.ProxyStatement.execute(ProxyStatement.java:95)
	at com.zaxxer.hikari.pool.HikariProxyStatement.execute(HikariProxyStatement.java)
	at org.hibernate.tool.schema.internal.exec.GenerationTargetToDatabase.accept(GenerationTargetToDatabase.java:80)
	... 37 common frames omitted
26-02-17 14:34:53.230 [main] DEBUG org.hibernate.SQL                    - 
    create table discodeit.users (
        id uuid not null,
        created_at timestamp with time zone not null,
        updated_at timestamp with time zone,
        email varchar(100) not null,
        password varchar(60) not null,
        username varchar(50) not null,
        profile_id uuid,
        primary key (id)
    )
26-02-17 14:34:53.231 [main] WARN  o.h.t.s.i.ExceptionHandlerLoggedImpl - GenerationTarget encountered exception accepting command : Error executing DDL "
    create table discodeit.users (
        id uuid not null,
        created_at timestamp with time zone not null,
        updated_at timestamp with time zone,
        email varchar(100) not null,
        password varchar(60) not null,
        username varchar(50) not null,
        profile_id uuid,
        primary key (id)
    )" via JDBC [ERROR: schema "discodeit" does not exist
  Position: 20]
org.hibernate.tool.schema.spi.CommandAcceptanceException: Error executing DDL "
    create table discodeit.users (
        id uuid not null,
        created_at timestamp with time zone not null,
        updated_at timestamp with time zone,
        email varchar(100) not null,
        password varchar(60) not null,
        username varchar(50) not null,
        profile_id uuid,
        primary key (id)
    )" via JDBC [ERROR: schema "discodeit" does not exist
  Position: 20]
	at org.hibernate.tool.schema.internal.exec.GenerationTargetToDatabase.accept(GenerationTargetToDatabase.java:94)
	at org.hibernate.tool.schema.internal.AbstractSchemaMigrator.applySqlString(AbstractSchemaMigrator.java:576)
	at org.hibernate.tool.schema.internal.AbstractSchemaMigrator.applySqlStrings(AbstractSchemaMigrator.java:516)
	at org.hibernate.tool.schema.internal.AbstractSchemaMigrator.createTable(AbstractSchemaMigrator.java:316)
	at org.hibernate.tool.schema.internal.GroupedSchemaMigratorImpl.performTablesMigration(GroupedSchemaMigratorImpl.java:80)
	at org.hibernate.tool.schema.internal.AbstractSchemaMigrator.performMigration(AbstractSchemaMigrator.java:233)
	at org.hibernate.tool.schema.internal.AbstractSchemaMigrator.doMigration(AbstractSchemaMigrator.java:112)
	at org.hibernate.tool.schema.spi.SchemaManagementToolCoordinator.performDatabaseAction(SchemaManagementToolCoordinator.java:280)
	at org.hibernate.tool.schema.spi.SchemaManagementToolCoordinator.lambda$process$5(SchemaManagementToolCoordinator.java:144)
	at java.base/java.util.HashMap.forEach(HashMap.java:1421)
	at org.hibernate.tool.schema.spi.SchemaManagementToolCoordinator.process(SchemaManagementToolCoordinator.java:141)
	at org.hibernate.boot.internal.SessionFactoryObserverForSchemaExport.sessionFactoryCreated(SessionFactoryObserverForSchemaExport.java:37)
	at org.hibernate.internal.SessionFactoryObserverChain.sessionFactoryCreated(SessionFactoryObserverChain.java:35)
	at org.hibernate.internal.SessionFactoryImpl.<init>(SessionFactoryImpl.java:324)
	at org.hibernate.boot.internal.SessionFactoryBuilderImpl.build(SessionFactoryBuilderImpl.java:463)
	at org.hibernate.jpa.boot.internal.EntityManagerFactoryBuilderImpl.build(EntityManagerFactoryBuilderImpl.java:1517)
	at org.springframework.orm.jpa.vendor.SpringHibernateJpaPersistenceProvider.createContainerEntityManagerFactory(SpringHibernateJpaPersistenceProvider.java:66)
	at org.springframework.orm.jpa.LocalContainerEntityManagerFactoryBean.createNativeEntityManagerFactory(LocalContainerEntityManagerFactoryBean.java:390)
	at org.springframework.orm.jpa.AbstractEntityManagerFactoryBean.buildNativeEntityManagerFactory(AbstractEntityManagerFactoryBean.java:419)
	at org.springframework.orm.jpa.AbstractEntityManagerFactoryBean.afterPropertiesSet(AbstractEntityManagerFactoryBean.java:400)
	at org.springframework.orm.jpa.LocalContainerEntityManagerFactoryBean.afterPropertiesSet(LocalContainerEntityManagerFactoryBean.java:366)
	at org.springframework.beans.factory.support.AbstractAutowireCapableBeanFactory.invokeInitMethods(AbstractAutowireCapableBeanFactory.java:1873)
	at org.springframework.beans.factory.support.AbstractAutowireCapableBeanFactory.initializeBean(AbstractAutowireCapableBeanFactory.java:1822)
	at org.springframework.beans.factory.support.AbstractAutowireCapableBeanFactory.doCreateBean(AbstractAutowireCapableBeanFactory.java:607)
	at org.springframework.beans.factory.support.AbstractAutowireCapableBeanFactory.createBean(AbstractAutowireCapableBeanFactory.java:529)
	at org.springframework.beans.factory.support.AbstractBeanFactory.lambda$doGetBean$0(AbstractBeanFactory.java:339)
	at org.springframework.beans.factory.support.DefaultSingletonBeanRegistry.getSingleton(DefaultSingletonBeanRegistry.java:373)
	at org.springframework.beans.factory.support.AbstractBeanFactory.doGetBean(AbstractBeanFactory.java:337)
	at org.springframework.beans.factory.support.AbstractBeanFactory.getBean(AbstractBeanFactory.java:207)
	at org.springframework.context.support.AbstractApplicationContext.finishBeanFactoryInitialization(AbstractApplicationContext.java:973)
	at org.springframework.context.support.AbstractApplicationContext.refresh(AbstractApplicationContext.java:627)
	at org.springframework.boot.web.servlet.context.ServletWebServerApplicationContext.refresh(ServletWebServerApplicationContext.java:146)
	at org.springframework.boot.SpringApplication.refresh(SpringApplication.java:752)
	at org.springframework.boot.SpringApplication.refreshContext(SpringApplication.java:439)
	at org.springframework.boot.SpringApplication.run(SpringApplication.java:318)
	at org.springframework.boot.SpringApplication.run(SpringApplication.java:1361)
	at org.springframework.boot.SpringApplication.run(SpringApplication.java:1350)
	at com.sprint.mission.discodeit.DiscodeitApplication.main(DiscodeitApplication.java:14)
Caused by: org.postgresql.util.PSQLException: ERROR: schema "discodeit" does not exist
  Position: 20
	at org.postgresql.core.v3.QueryExecutorImpl.receiveErrorResponse(QueryExecutorImpl.java:2736)
	at org.postgresql.core.v3.QueryExecutorImpl.processResults(QueryExecutorImpl.java:2421)
	at org.postgresql.core.v3.QueryExecutorImpl.execute(QueryExecutorImpl.java:372)
	at org.postgresql.jdbc.PgStatement.executeInternal(PgStatement.java:525)
	at org.postgresql.jdbc.PgStatement.execute(PgStatement.java:435)
	at org.postgresql.jdbc.PgStatement.executeWithFlags(PgStatement.java:357)
	at org.postgresql.jdbc.PgStatement.executeCachedSql(PgStatement.java:342)
	at org.postgresql.jdbc.PgStatement.executeWithFlags(PgStatement.java:318)
	at org.postgresql.jdbc.PgStatement.execute(PgStatement.java:313)
	at com.zaxxer.hikari.pool.ProxyStatement.execute(ProxyStatement.java:95)
	at com.zaxxer.hikari.pool.HikariProxyStatement.execute(HikariProxyStatement.java)
	at org.hibernate.tool.schema.internal.exec.GenerationTargetToDatabase.accept(GenerationTargetToDatabase.java:80)
	... 37 common frames omitted
26-02-17 14:34:53.233 [main] DEBUG org.hibernate.SQL                    - 
    alter table if exists discodeit.message_attachments 
       drop constraint if exists UKncf4gyvhiwvyfn0cx5jnmtrhm
26-02-17 14:34:53.234 [main] WARN  o.h.e.jdbc.spi.SqlExceptionHelper    - SQL Warning Code: 0, SQLState: 00000
26-02-17 14:34:53.234 [main] WARN  o.h.e.jdbc.spi.SqlExceptionHelper    - relation "message_attachments" does not exist, skipping
26-02-17 14:34:53.234 [main] DEBUG org.hibernate.SQL                    - 
    alter table if exists discodeit.message_attachments 
       add constraint UKncf4gyvhiwvyfn0cx5jnmtrhm unique (attachment_id)
26-02-17 14:34:53.235 [main] WARN  o.h.e.jdbc.spi.SqlExceptionHelper    - SQL Warning Code: 0, SQLState: 00000
26-02-17 14:34:53.235 [main] WARN  o.h.e.jdbc.spi.SqlExceptionHelper    - relation "message_attachments" does not exist, skipping
26-02-17 14:34:53.235 [main] DEBUG org.hibernate.SQL                    - 
    alter table if exists discodeit.read_statuses 
       drop constraint if exists UKqttel343c4eq691kcxipoixr7
26-02-17 14:34:53.235 [main] WARN  o.h.e.jdbc.spi.SqlExceptionHelper    - SQL Warning Code: 0, SQLState: 00000
26-02-17 14:34:53.235 [main] WARN  o.h.e.jdbc.spi.SqlExceptionHelper    - relation "read_statuses" does not exist, skipping
26-02-17 14:34:53.236 [main] DEBUG org.hibernate.SQL                    - 
    alter table if exists discodeit.read_statuses 
       add constraint UKqttel343c4eq691kcxipoixr7 unique (user_id, channel_id)
26-02-17 14:34:53.236 [main] WARN  o.h.e.jdbc.spi.SqlExceptionHelper    - SQL Warning Code: 0, SQLState: 00000
26-02-17 14:34:53.236 [main] WARN  o.h.e.jdbc.spi.SqlExceptionHelper    - relation "read_statuses" does not exist, skipping
26-02-17 14:34:53.236 [main] DEBUG org.hibernate.SQL                    - 
    alter table if exists discodeit.user_statuses 
       drop constraint if exists UK4dhc0tcwpkot8n3tmpc6mxxp0
26-02-17 14:34:53.236 [main] WARN  o.h.e.jdbc.spi.SqlExceptionHelper    - SQL Warning Code: 0, SQLState: 00000
26-02-17 14:34:53.236 [main] WARN  o.h.e.jdbc.spi.SqlExceptionHelper    - relation "user_statuses" does not exist, skipping
26-02-17 14:34:53.237 [main] DEBUG org.hibernate.SQL                    - 
    alter table if exists discodeit.user_statuses 
       add constraint UK4dhc0tcwpkot8n3tmpc6mxxp0 unique (user_id)
26-02-17 14:34:53.237 [main] WARN  o.h.e.jdbc.spi.SqlExceptionHelper    - SQL Warning Code: 0, SQLState: 00000
26-02-17 14:34:53.237 [main] WARN  o.h.e.jdbc.spi.SqlExceptionHelper    - relation "user_statuses" does not exist, skipping
26-02-17 14:34:53.237 [main] DEBUG org.hibernate.SQL                    - 
    alter table if exists discodeit.users 
       drop constraint if exists UK6dotkott2kjsp8vw4d0m25fb7
26-02-17 14:34:53.237 [main] WARN  o.h.e.jdbc.spi.SqlExceptionHelper    - SQL Warning Code: 0, SQLState: 00000
26-02-17 14:34:53.237 [main] WARN  o.h.e.jdbc.spi.SqlExceptionHelper    - relation "users" does not exist, skipping
26-02-17 14:34:53.237 [main] DEBUG org.hibernate.SQL                    - 
    alter table if exists discodeit.users 
       add constraint UK6dotkott2kjsp8vw4d0m25fb7 unique (email)
26-02-17 14:34:53.238 [main] WARN  o.h.e.jdbc.spi.SqlExceptionHelper    - SQL Warning Code: 0, SQLState: 00000
26-02-17 14:34:53.238 [main] WARN  o.h.e.jdbc.spi.SqlExceptionHelper    - relation "users" does not exist, skipping
26-02-17 14:34:53.238 [main] DEBUG org.hibernate.SQL                    - 
    alter table if exists discodeit.users 
       drop constraint if exists UKr43af9ap4edm43mmtq01oddj6
26-02-17 14:34:53.238 [main] WARN  o.h.e.jdbc.spi.SqlExceptionHelper    - SQL Warning Code: 0, SQLState: 00000
26-02-17 14:34:53.238 [main] WARN  o.h.e.jdbc.spi.SqlExceptionHelper    - relation "users" does not exist, skipping
26-02-17 14:34:53.238 [main] DEBUG org.hibernate.SQL                    - 
    alter table if exists discodeit.users 
       add constraint UKr43af9ap4edm43mmtq01oddj6 unique (username)
26-02-17 14:34:53.239 [main] WARN  o.h.e.jdbc.spi.SqlExceptionHelper    - SQL Warning Code: 0, SQLState: 00000
26-02-17 14:34:53.239 [main] WARN  o.h.e.jdbc.spi.SqlExceptionHelper    - relation "users" does not exist, skipping
26-02-17 14:34:53.239 [main] DEBUG org.hibernate.SQL                    - 
    alter table if exists discodeit.users 
       drop constraint if exists UK7s5nlreekaxdbfml4ofky7utw
26-02-17 14:34:53.239 [main] WARN  o.h.e.jdbc.spi.SqlExceptionHelper    - SQL Warning Code: 0, SQLState: 00000
26-02-17 14:34:53.239 [main] WARN  o.h.e.jdbc.spi.SqlExceptionHelper    - relation "users" does not exist, skipping
26-02-17 14:34:53.240 [main] DEBUG org.hibernate.SQL                    - 
    alter table if exists discodeit.users 
       add constraint UK7s5nlreekaxdbfml4ofky7utw unique (profile_id)
26-02-17 14:34:53.240 [main] WARN  o.h.e.jdbc.spi.SqlExceptionHelper    - SQL Warning Code: 0, SQLState: 00000
26-02-17 14:34:53.240 [main] WARN  o.h.e.jdbc.spi.SqlExceptionHelper    - relation "users" does not exist, skipping
26-02-17 14:34:53.240 [main] DEBUG org.hibernate.SQL                    - 
    alter table if exists discodeit.message_attachments 
       add constraint FKsd1m8rb8jcpbcnb7rpdue7ctc 
       foreign key (attachment_id) 
       references discodeit.binary_contents
26-02-17 14:34:53.241 [main] WARN  o.h.e.jdbc.spi.SqlExceptionHelper    - SQL Warning Code: 0, SQLState: 00000
26-02-17 14:34:53.241 [main] WARN  o.h.e.jdbc.spi.SqlExceptionHelper    - relation "message_attachments" does not exist, skipping
26-02-17 14:34:53.241 [main] DEBUG org.hibernate.SQL                    - 
    alter table if exists discodeit.message_attachments 
       add constraint FKj7twd218e2gqw9cmlhwvo1rth 
       foreign key (message_id) 
       references discodeit.messages
26-02-17 14:34:53.242 [main] WARN  o.h.e.jdbc.spi.SqlExceptionHelper    - SQL Warning Code: 0, SQLState: 00000
26-02-17 14:34:53.242 [main] WARN  o.h.e.jdbc.spi.SqlExceptionHelper    - relation "message_attachments" does not exist, skipping
26-02-17 14:34:53.242 [main] DEBUG org.hibernate.SQL                    - 
    alter table if exists discodeit.messages 
       add constraint FKowtlim26svclkatusptbgi7u1 
       foreign key (author_id) 
       references discodeit.users
26-02-17 14:34:53.243 [main] WARN  o.h.e.jdbc.spi.SqlExceptionHelper    - SQL Warning Code: 0, SQLState: 00000
26-02-17 14:34:53.243 [main] WARN  o.h.e.jdbc.spi.SqlExceptionHelper    - relation "messages" does not exist, skipping
26-02-17 14:34:53.243 [main] DEBUG org.hibernate.SQL                    - 
    alter table if exists discodeit.messages 
       add constraint FK3u3ckbhwq9se1cmopk2pq05b2 
       foreign key (channel_id) 
       references discodeit.channels
26-02-17 14:34:53.243 [main] WARN  o.h.e.jdbc.spi.SqlExceptionHelper    - SQL Warning Code: 0, SQLState: 00000
26-02-17 14:34:53.243 [main] WARN  o.h.e.jdbc.spi.SqlExceptionHelper    - relation "messages" does not exist, skipping
26-02-17 14:34:53.243 [main] DEBUG org.hibernate.SQL                    - 
    alter table if exists discodeit.read_statuses 
       add constraint FKa38ri44ml4gfdpklx4ahqr8gd 
       foreign key (channel_id) 
       references discodeit.channels
26-02-17 14:34:53.244 [main] WARN  o.h.e.jdbc.spi.SqlExceptionHelper    - SQL Warning Code: 0, SQLState: 00000
26-02-17 14:34:53.244 [main] WARN  o.h.e.jdbc.spi.SqlExceptionHelper    - relation "read_statuses" does not exist, skipping
26-02-17 14:34:53.244 [main] DEBUG org.hibernate.SQL                    - 
    alter table if exists discodeit.read_statuses 
       add constraint FKml3k4wr9sj5yxrmj6d0aoib2e 
       foreign key (user_id) 
       references discodeit.users
26-02-17 14:34:53.245 [main] WARN  o.h.e.jdbc.spi.SqlExceptionHelper    - SQL Warning Code: 0, SQLState: 00000
26-02-17 14:34:53.245 [main] WARN  o.h.e.jdbc.spi.SqlExceptionHelper    - relation "read_statuses" does not exist, skipping
26-02-17 14:34:53.245 [main] DEBUG org.hibernate.SQL                    - 
    alter table if exists discodeit.user_statuses 
       add constraint FK4lfl3ei2ubchgcxrrpo3pw4mm 
       foreign key (user_id) 
       references discodeit.users
26-02-17 14:34:53.245 [main] WARN  o.h.e.jdbc.spi.SqlExceptionHelper    - SQL Warning Code: 0, SQLState: 00000
26-02-17 14:34:53.246 [main] WARN  o.h.e.jdbc.spi.SqlExceptionHelper    - relation "user_statuses" does not exist, skipping
26-02-17 14:34:53.246 [main] DEBUG org.hibernate.SQL                    - 
    alter table if exists discodeit.users 
       add constraint FKtbudycgrip49xdptogmhfqnso 
       foreign key (profile_id) 
       references discodeit.binary_contents
26-02-17 14:34:53.246 [main] WARN  o.h.e.jdbc.spi.SqlExceptionHelper    - SQL Warning Code: 0, SQLState: 00000
26-02-17 14:34:53.246 [main] WARN  o.h.e.jdbc.spi.SqlExceptionHelper    - relation "users" does not exist, skipping
26-02-17 14:34:53.248 [main] INFO  o.s.o.j.LocalContainerEntityManagerFactoryBean - Initialized JPA EntityManagerFactory for persistence unit 'default'
26-02-17 14:34:53.274 [main] WARN  o.s.b.w.s.c.AnnotationConfigServletWebServerApplicationContext - Exception encountered during context initialization - cancelling refresh attempt: org.springframework.beans.factory.UnsatisfiedDependencyException: Error creating bean with name 'dataInitializer' defined in file [C:\myWs\Mission\8-sprint-mission\build\classes\java\main\com\sprint\mission\discodeit\config\DataInitializer.class]: Unsatisfied dependency expressed through constructor parameter 0: Error creating bean with name 'basicUserService' defined in file [C:\myWs\Mission\8-sprint-mission\build\classes\java\main\com\sprint\mission\discodeit\service\basic\BasicUserService.class]: Unsatisfied dependency expressed through constructor parameter 0: No qualifying bean of type 'com.sprint.mission.discodeit.repository.UserRepository' available: expected at least 1 bean which qualifies as autowire candidate. Dependency annotations: {}
26-02-17 14:34:53.274 [main] INFO  o.s.o.j.LocalContainerEntityManagerFactoryBean - Closing JPA EntityManagerFactory for persistence unit 'default'
26-02-17 14:34:53.285 [main] INFO  com.zaxxer.hikari.HikariDataSource   - HikariPool-1 - Shutdown initiated...
26-02-17 14:34:53.289 [main] INFO  com.zaxxer.hikari.HikariDataSource   - HikariPool-1 - Shutdown completed.
26-02-17 14:34:53.295 [main] INFO  o.a.catalina.core.StandardService    - Stopping service [Tomcat]
26-02-17 14:34:53.318 [main] INFO  o.s.b.a.l.ConditionEvaluationReportLogger - 

Error starting ApplicationContext. To display the condition evaluation report re-run your application with 'debug' enabled.
26-02-17 14:34:53.436 [main] ERROR o.s.b.d.LoggingFailureAnalysisReporter - 

***************************
APPLICATION FAILED TO START
***************************

Description:

Parameter 0 of constructor in com.sprint.mission.discodeit.service.basic.BasicUserService required a bean of type 'com.sprint.mission.discodeit.repository.UserRepository' that could not be found.


Action:

Consider defining a bean of type 'com.sprint.mission.discodeit.repository.UserRepository' in your configuration.

26-02-17 14:36:15.352 [main] INFO  c.s.m.discodeit.DiscodeitApplication - Starting DiscodeitApplication using Java 17.0.16 with PID 37320 (C:\myWs\Mission\8-sprint-mission\build\classes\java\main started by samsung in C:\myWs\Mission\8-sprint-mission)
26-02-17 14:36:15.356 [main] INFO  c.s.m.discodeit.DiscodeitApplication - No active profile set, falling back to 1 default profile: "default"
26-02-17 14:36:16.279 [main] INFO  o.s.d.r.c.RepositoryConfigurationDelegate - Bootstrapping Spring Data JPA repositories in DEFAULT mode.
26-02-17 14:36:16.305 [main] INFO  o.s.d.r.c.RepositoryConfigurationDelegate - Finished Spring Data repository scanning in 9 ms. Found 0 JPA repository interfaces.
26-02-17 14:36:17.433 [main] INFO  o.s.b.w.e.tomcat.TomcatWebServer     - Tomcat initialized with port 8080 (http)
26-02-17 14:36:17.449 [main] INFO  o.a.coyote.http11.Http11NioProtocol  - Initializing ProtocolHandler ["http-nio-8080"]
26-02-17 14:36:17.452 [main] INFO  o.a.catalina.core.StandardService    - Starting service [Tomcat]
26-02-17 14:36:17.452 [main] INFO  o.a.catalina.core.StandardEngine     - Starting Servlet engine: [Apache Tomcat/10.1.50]
26-02-17 14:36:17.558 [main] INFO  o.a.c.c.C.[Tomcat].[localhost].[/]   - Initializing Spring embedded WebApplicationContext
26-02-17 14:36:17.559 [main] INFO  o.s.b.w.s.c.ServletWebServerApplicationContext - Root WebApplicationContext: initialization completed in 2120 ms
26-02-17 14:36:17.666 [main] INFO  com.zaxxer.hikari.HikariDataSource   - HikariPool-1 - Starting...
26-02-17 14:36:17.922 [main] INFO  com.zaxxer.hikari.pool.HikariPool    - HikariPool-1 - Added connection org.postgresql.jdbc.PgConnection@474e34e4
26-02-17 14:36:17.924 [main] INFO  com.zaxxer.hikari.HikariDataSource   - HikariPool-1 - Start completed.
26-02-17 14:36:18.081 [main] INFO  o.h.jpa.internal.util.LogHelper      - HHH000204: Processing PersistenceUnitInfo [name: default]
26-02-17 14:36:18.189 [main] INFO  org.hibernate.Version                - HHH000412: Hibernate ORM core version 6.6.39.Final
26-02-17 14:36:18.288 [main] INFO  o.h.c.i.RegionFactoryInitiator       - HHH000026: Second-level cache disabled
26-02-17 14:36:18.851 [main] INFO  o.s.o.j.p.SpringPersistenceUnitInfo  - No LoadTimeWeaver setup: ignoring JPA class transformer
26-02-17 14:36:18.965 [main] WARN  org.hibernate.orm.deprecation        - HHH90000025: PostgreSQLDialect does not need to be specified explicitly using 'hibernate.dialect' (remove the property setting and it will be selected by default)
26-02-17 14:36:19.013 [main] INFO  o.hibernate.orm.connections.pooling  - HHH10001005: Database info:
	Database JDBC URL [Connecting through datasource 'HikariDataSource (HikariPool-1)']
	Database driver: undefined/unknown
	Database version: 17.7
	Autocommit mode: undefined/unknown
	Isolation level: undefined/unknown
	Minimum pool size: undefined/unknown
	Maximum pool size: undefined/unknown
26-02-17 14:36:20.608 [main] INFO  o.h.e.t.j.p.i.JtaPlatformInitiator   - HHH000489: No JTA platform available (set 'hibernate.transaction.jta.platform' to enable JTA platform integration)
26-02-17 14:36:20.690 [main] DEBUG org.hibernate.SQL                    - 
    alter table if exists discodeit.channels 
       alter column type set data type varchar(255)
26-02-17 14:36:20.719 [main] DEBUG org.hibernate.SQL                    - 
    alter table if exists discodeit.read_statuses 
       drop constraint if exists UKqttel343c4eq691kcxipoixr7
26-02-17 14:36:20.721 [main] WARN  o.h.e.jdbc.spi.SqlExceptionHelper    - SQL Warning Code: 0, SQLState: 00000
26-02-17 14:36:20.722 [main] WARN  o.h.e.jdbc.spi.SqlExceptionHelper    - constraint "ukqttel343c4eq691kcxipoixr7" of relation "read_statuses" does not exist, skipping
26-02-17 14:36:20.722 [main] DEBUG org.hibernate.SQL                    - 
    alter table if exists discodeit.read_statuses 
       add constraint UKqttel343c4eq691kcxipoixr7 unique (user_id, channel_id)
26-02-17 14:36:20.819 [main] INFO  o.s.o.j.LocalContainerEntityManagerFactoryBean - Initialized JPA EntityManagerFactory for persistence unit 'default'
26-02-17 14:36:20.846 [main] WARN  o.s.b.w.s.c.AnnotationConfigServletWebServerApplicationContext - Exception encountered during context initialization - cancelling refresh attempt: org.springframework.beans.factory.UnsatisfiedDependencyException: Error creating bean with name 'dataInitializer' defined in file [C:\myWs\Mission\8-sprint-mission\build\classes\java\main\com\sprint\mission\discodeit\config\DataInitializer.class]: Unsatisfied dependency expressed through constructor parameter 0: Error creating bean with name 'basicUserService' defined in file [C:\myWs\Mission\8-sprint-mission\build\classes\java\main\com\sprint\mission\discodeit\service\basic\BasicUserService.class]: Unsatisfied dependency expressed through constructor parameter 0: No qualifying bean of type 'com.sprint.mission.discodeit.repository.UserRepository' available: expected at least 1 bean which qualifies as autowire candidate. Dependency annotations: {}
26-02-17 14:36:20.847 [main] INFO  o.s.o.j.LocalContainerEntityManagerFactoryBean - Closing JPA EntityManagerFactory for persistence unit 'default'
26-02-17 14:36:20.850 [main] INFO  com.zaxxer.hikari.HikariDataSource   - HikariPool-1 - Shutdown initiated...
26-02-17 14:36:20.854 [main] INFO  com.zaxxer.hikari.HikariDataSource   - HikariPool-1 - Shutdown completed.
26-02-17 14:36:20.859 [main] INFO  o.a.catalina.core.StandardService    - Stopping service [Tomcat]
26-02-17 14:36:20.875 [main] INFO  o.s.b.a.l.ConditionEvaluationReportLogger - 

Error starting ApplicationContext. To display the condition evaluation report re-run your application with 'debug' enabled.
26-02-17 14:36:20.901 [main] ERROR o.s.b.d.LoggingFailureAnalysisReporter - 

***************************
APPLICATION FAILED TO START
***************************

Description:

Parameter 0 of constructor in com.sprint.mission.discodeit.service.basic.BasicUserService required a bean of type 'com.sprint.mission.discodeit.repository.UserRepository' that could not be found.


Action:

Consider defining a bean of type 'com.sprint.mission.discodeit.repository.UserRepository' in your configuration.

26-02-17 14:37:42.624 [main] INFO  c.s.m.discodeit.DiscodeitApplication - Starting DiscodeitApplication using Java 17.0.16 with PID 31704 (C:\myWs\Mission\8-sprint-mission\build\classes\java\main started by samsung in C:\myWs\Mission\8-sprint-mission)
26-02-17 14:37:42.627 [main] INFO  c.s.m.discodeit.DiscodeitApplication - No active profile set, falling back to 1 default profile: "default"
26-02-17 14:37:43.451 [main] INFO  o.s.d.r.c.RepositoryConfigurationDelegate - Bootstrapping Spring Data JPA repositories in DEFAULT mode.
26-02-17 14:37:43.465 [main] INFO  o.s.d.r.c.RepositoryConfigurationDelegate - Finished Spring Data repository scanning in 5 ms. Found 0 JPA repository interfaces.
26-02-17 14:37:44.369 [main] INFO  o.s.b.w.e.tomcat.TomcatWebServer     - Tomcat initialized with port 8080 (http)
26-02-17 14:37:44.382 [main] INFO  o.a.coyote.http11.Http11NioProtocol  - Initializing ProtocolHandler ["http-nio-8080"]
26-02-17 14:37:44.385 [main] INFO  o.a.catalina.core.StandardService    - Starting service [Tomcat]
26-02-17 14:37:44.386 [main] INFO  o.a.catalina.core.StandardEngine     - Starting Servlet engine: [Apache Tomcat/10.1.50]
26-02-17 14:37:44.478 [main] INFO  o.a.c.c.C.[Tomcat].[localhost].[/]   - Initializing Spring embedded WebApplicationContext
26-02-17 14:37:44.478 [main] INFO  o.s.b.w.s.c.ServletWebServerApplicationContext - Root WebApplicationContext: initialization completed in 1800 ms
26-02-17 14:37:44.576 [main] INFO  com.zaxxer.hikari.HikariDataSource   - HikariPool-1 - Starting...
26-02-17 14:37:44.829 [main] INFO  com.zaxxer.hikari.pool.HikariPool    - HikariPool-1 - Added connection org.postgresql.jdbc.PgConnection@5fb7ab9c
26-02-17 14:37:44.831 [main] INFO  com.zaxxer.hikari.HikariDataSource   - HikariPool-1 - Start completed.
26-02-17 14:37:44.957 [main] INFO  o.h.jpa.internal.util.LogHelper      - HHH000204: Processing PersistenceUnitInfo [name: default]
26-02-17 14:37:45.041 [main] INFO  org.hibernate.Version                - HHH000412: Hibernate ORM core version 6.6.39.Final
26-02-17 14:37:45.087 [main] INFO  o.h.c.i.RegionFactoryInitiator       - HHH000026: Second-level cache disabled
26-02-17 14:37:45.528 [main] INFO  o.s.o.j.p.SpringPersistenceUnitInfo  - No LoadTimeWeaver setup: ignoring JPA class transformer
26-02-17 14:37:45.611 [main] WARN  org.hibernate.orm.deprecation        - HHH90000025: PostgreSQLDialect does not need to be specified explicitly using 'hibernate.dialect' (remove the property setting and it will be selected by default)
26-02-17 14:37:45.631 [main] INFO  o.hibernate.orm.connections.pooling  - HHH10001005: Database info:
	Database JDBC URL [Connecting through datasource 'HikariDataSource (HikariPool-1)']
	Database driver: undefined/unknown
	Database version: 17.7
	Autocommit mode: undefined/unknown
	Isolation level: undefined/unknown
	Minimum pool size: undefined/unknown
	Maximum pool size: undefined/unknown
26-02-17 14:37:46.830 [main] INFO  o.h.e.t.j.p.i.JtaPlatformInitiator   - HHH000489: No JTA platform available (set 'hibernate.transaction.jta.platform' to enable JTA platform integration)
26-02-17 14:37:46.991 [main] INFO  o.s.o.j.LocalContainerEntityManagerFactoryBean - Initialized JPA EntityManagerFactory for persistence unit 'default'
26-02-17 14:37:47.018 [main] WARN  o.s.b.w.s.c.AnnotationConfigServletWebServerApplicationContext - Exception encountered during context initialization - cancelling refresh attempt: org.springframework.beans.factory.UnsatisfiedDependencyException: Error creating bean with name 'dataInitializer' defined in file [C:\myWs\Mission\8-sprint-mission\build\classes\java\main\com\sprint\mission\discodeit\config\DataInitializer.class]: Unsatisfied dependency expressed through constructor parameter 0: Error creating bean with name 'basicUserService' defined in file [C:\myWs\Mission\8-sprint-mission\build\classes\java\main\com\sprint\mission\discodeit\service\basic\BasicUserService.class]: Unsatisfied dependency expressed through constructor parameter 0: No qualifying bean of type 'com.sprint.mission.discodeit.repository.UserRepository' available: expected at least 1 bean which qualifies as autowire candidate. Dependency annotations: {}
26-02-17 14:37:47.018 [main] INFO  o.s.o.j.LocalContainerEntityManagerFactoryBean - Closing JPA EntityManagerFactory for persistence unit 'default'
26-02-17 14:37:47.021 [main] INFO  com.zaxxer.hikari.HikariDataSource   - HikariPool-1 - Shutdown initiated...
26-02-17 14:37:47.025 [main] INFO  com.zaxxer.hikari.HikariDataSource   - HikariPool-1 - Shutdown completed.
26-02-17 14:37:47.030 [main] INFO  o.a.catalina.core.StandardService    - Stopping service [Tomcat]
26-02-17 14:37:47.051 [main] INFO  o.s.b.a.l.ConditionEvaluationReportLogger - 

Error starting ApplicationContext. To display the condition evaluation report re-run your application with 'debug' enabled.
26-02-17 14:37:47.079 [main] ERROR o.s.b.d.LoggingFailureAnalysisReporter - 

***************************
APPLICATION FAILED TO START
***************************

Description:

Parameter 0 of constructor in com.sprint.mission.discodeit.service.basic.BasicUserService required a bean of type 'com.sprint.mission.discodeit.repository.UserRepository' that could not be found.


Action:

Consider defining a bean of type 'com.sprint.mission.discodeit.repository.UserRepository' in your configuration.

26-02-17 14:38:03.692 [main] INFO  c.s.m.discodeit.DiscodeitApplication - Starting DiscodeitApplication using Java 17.0.16 with PID 20236 (C:\myWs\Mission\8-sprint-mission\build\classes\java\main started by samsung in C:\myWs\Mission\8-sprint-mission)
26-02-17 14:38:03.695 [main] INFO  c.s.m.discodeit.DiscodeitApplication - No active profile set, falling back to 1 default profile: "default"
26-02-17 14:38:04.533 [main] INFO  o.s.d.r.c.RepositoryConfigurationDelegate - Bootstrapping Spring Data JPA repositories in DEFAULT mode.
26-02-17 14:38:04.547 [main] INFO  o.s.d.r.c.RepositoryConfigurationDelegate - Finished Spring Data repository scanning in 4 ms. Found 0 JPA repository interfaces.
26-02-17 14:38:05.535 [main] INFO  o.s.b.w.e.tomcat.TomcatWebServer     - Tomcat initialized with port 8080 (http)
26-02-17 14:38:05.549 [main] INFO  o.a.coyote.http11.Http11NioProtocol  - Initializing ProtocolHandler ["http-nio-8080"]
26-02-17 14:38:05.552 [main] INFO  o.a.catalina.core.StandardService    - Starting service [Tomcat]
26-02-17 14:38:05.552 [main] INFO  o.a.catalina.core.StandardEngine     - Starting Servlet engine: [Apache Tomcat/10.1.50]
26-02-17 14:38:05.645 [main] INFO  o.a.c.c.C.[Tomcat].[localhost].[/]   - Initializing Spring embedded WebApplicationContext
26-02-17 14:38:05.645 [main] INFO  o.s.b.w.s.c.ServletWebServerApplicationContext - Root WebApplicationContext: initialization completed in 1890 ms
26-02-17 14:38:05.743 [main] INFO  com.zaxxer.hikari.HikariDataSource   - HikariPool-1 - Starting...
26-02-17 14:38:05.994 [main] INFO  com.zaxxer.hikari.pool.HikariPool    - HikariPool-1 - Added connection org.postgresql.jdbc.PgConnection@15994b0b
26-02-17 14:38:05.996 [main] INFO  com.zaxxer.hikari.HikariDataSource   - HikariPool-1 - Start completed.
26-02-17 14:38:06.120 [main] INFO  o.h.jpa.internal.util.LogHelper      - HHH000204: Processing PersistenceUnitInfo [name: default]
26-02-17 14:38:06.195 [main] INFO  org.hibernate.Version                - HHH000412: Hibernate ORM core version 6.6.39.Final
26-02-17 14:38:06.249 [main] INFO  o.h.c.i.RegionFactoryInitiator       - HHH000026: Second-level cache disabled
26-02-17 14:38:06.629 [main] INFO  o.s.o.j.p.SpringPersistenceUnitInfo  - No LoadTimeWeaver setup: ignoring JPA class transformer
26-02-17 14:38:06.709 [main] WARN  org.hibernate.orm.deprecation        - HHH90000025: PostgreSQLDialect does not need to be specified explicitly using 'hibernate.dialect' (remove the property setting and it will be selected by default)
26-02-17 14:38:06.728 [main] INFO  o.hibernate.orm.connections.pooling  - HHH10001005: Database info:
	Database JDBC URL [Connecting through datasource 'HikariDataSource (HikariPool-1)']
	Database driver: undefined/unknown
	Database version: 17.7
	Autocommit mode: undefined/unknown
	Isolation level: undefined/unknown
	Minimum pool size: undefined/unknown
	Maximum pool size: undefined/unknown
26-02-17 14:38:07.998 [main] INFO  o.h.e.t.j.p.i.JtaPlatformInitiator   - HHH000489: No JTA platform available (set 'hibernate.transaction.jta.platform' to enable JTA platform integration)
26-02-17 14:38:08.169 [main] INFO  o.s.o.j.LocalContainerEntityManagerFactoryBean - Initialized JPA EntityManagerFactory for persistence unit 'default'
26-02-17 14:38:08.191 [main] WARN  o.s.b.w.s.c.AnnotationConfigServletWebServerApplicationContext - Exception encountered during context initialization - cancelling refresh attempt: org.springframework.beans.factory.UnsatisfiedDependencyException: Error creating bean with name 'dataInitializer' defined in file [C:\myWs\Mission\8-sprint-mission\build\classes\java\main\com\sprint\mission\discodeit\config\DataInitializer.class]: Unsatisfied dependency expressed through constructor parameter 0: Error creating bean with name 'basicUserService' defined in file [C:\myWs\Mission\8-sprint-mission\build\classes\java\main\com\sprint\mission\discodeit\service\basic\BasicUserService.class]: Unsatisfied dependency expressed through constructor parameter 0: No qualifying bean of type 'com.sprint.mission.discodeit.repository.UserRepository' available: expected at least 1 bean which qualifies as autowire candidate. Dependency annotations: {}
26-02-17 14:38:08.191 [main] INFO  o.s.o.j.LocalContainerEntityManagerFactoryBean - Closing JPA EntityManagerFactory for persistence unit 'default'
26-02-17 14:38:08.194 [main] INFO  com.zaxxer.hikari.HikariDataSource   - HikariPool-1 - Shutdown initiated...
26-02-17 14:38:08.199 [main] INFO  com.zaxxer.hikari.HikariDataSource   - HikariPool-1 - Shutdown completed.
26-02-17 14:38:08.204 [main] INFO  o.a.catalina.core.StandardService    - Stopping service [Tomcat]
26-02-17 14:38:08.221 [main] INFO  o.s.b.a.l.ConditionEvaluationReportLogger - 

Error starting ApplicationContext. To display the condition evaluation report re-run your application with 'debug' enabled.
26-02-17 14:38:08.259 [main] ERROR o.s.b.d.LoggingFailureAnalysisReporter - 

***************************
APPLICATION FAILED TO START
***************************

Description:

Parameter 0 of constructor in com.sprint.mission.discodeit.service.basic.BasicUserService required a bean of type 'com.sprint.mission.discodeit.repository.UserRepository' that could not be found.


Action:

Consider defining a bean of type 'com.sprint.mission.discodeit.repository.UserRepository' in your configuration.

26-02-17 14:39:29.395 [main] INFO  c.s.m.discodeit.DiscodeitApplication - Starting DiscodeitApplication using Java 17.0.16 with PID 26184 (C:\myWs\Mission\8-sprint-mission\build\classes\java\main started by samsung in C:\myWs\Mission\8-sprint-mission)
26-02-17 14:39:29.398 [main] INFO  c.s.m.discodeit.DiscodeitApplication - No active profile set, falling back to 1 default profile: "default"
26-02-17 14:39:30.990 [main] INFO  o.s.d.r.c.RepositoryConfigurationDelegate - Bootstrapping Spring Data JPA repositories in DEFAULT mode.
26-02-17 14:39:31.174 [main] INFO  o.s.d.r.c.RepositoryConfigurationDelegate - Finished Spring Data repository scanning in 174 ms. Found 6 JPA repository interfaces.
26-02-17 14:39:31.832 [main] INFO  o.s.b.w.e.tomcat.TomcatWebServer     - Tomcat initialized with port 8080 (http)
26-02-17 14:39:31.845 [main] INFO  o.a.coyote.http11.Http11NioProtocol  - Initializing ProtocolHandler ["http-nio-8080"]
26-02-17 14:39:31.847 [main] INFO  o.a.catalina.core.StandardService    - Starting service [Tomcat]
26-02-17 14:39:31.848 [main] INFO  o.a.catalina.core.StandardEngine     - Starting Servlet engine: [Apache Tomcat/10.1.50]
26-02-17 14:39:31.954 [main] INFO  o.a.c.c.C.[Tomcat].[localhost].[/]   - Initializing Spring embedded WebApplicationContext
26-02-17 14:39:31.954 [main] INFO  o.s.b.w.s.c.ServletWebServerApplicationContext - Root WebApplicationContext: initialization completed in 2507 ms
26-02-17 14:39:32.074 [main] INFO  com.zaxxer.hikari.HikariDataSource   - HikariPool-1 - Starting...
26-02-17 14:39:32.319 [main] INFO  com.zaxxer.hikari.pool.HikariPool    - HikariPool-1 - Added connection org.postgresql.jdbc.PgConnection@2fee69a1
26-02-17 14:39:32.321 [main] INFO  com.zaxxer.hikari.HikariDataSource   - HikariPool-1 - Start completed.
26-02-17 14:39:32.447 [main] INFO  o.h.jpa.internal.util.LogHelper      - HHH000204: Processing PersistenceUnitInfo [name: default]
26-02-17 14:39:32.529 [main] INFO  org.hibernate.Version                - HHH000412: Hibernate ORM core version 6.6.39.Final
26-02-17 14:39:32.594 [main] INFO  o.h.c.i.RegionFactoryInitiator       - HHH000026: Second-level cache disabled
26-02-17 14:39:33.006 [main] INFO  o.s.o.j.p.SpringPersistenceUnitInfo  - No LoadTimeWeaver setup: ignoring JPA class transformer
26-02-17 14:39:33.091 [main] WARN  org.hibernate.orm.deprecation        - HHH90000025: PostgreSQLDialect does not need to be specified explicitly using 'hibernate.dialect' (remove the property setting and it will be selected by default)
26-02-17 14:39:33.112 [main] INFO  o.hibernate.orm.connections.pooling  - HHH10001005: Database info:
	Database JDBC URL [Connecting through datasource 'HikariDataSource (HikariPool-1)']
	Database driver: undefined/unknown
	Database version: 17.7
	Autocommit mode: undefined/unknown
	Isolation level: undefined/unknown
	Minimum pool size: undefined/unknown
	Maximum pool size: undefined/unknown
26-02-17 14:39:34.358 [main] INFO  o.h.e.t.j.p.i.JtaPlatformInitiator   - HHH000489: No JTA platform available (set 'hibernate.transaction.jta.platform' to enable JTA platform integration)
26-02-17 14:39:34.536 [main] INFO  o.s.o.j.LocalContainerEntityManagerFactoryBean - Initialized JPA EntityManagerFactory for persistence unit 'default'
26-02-17 14:39:34.887 [main] INFO  o.s.d.j.r.query.QueryEnhancerFactory - Hibernate is in classpath; If applicable, HQL parser will be used.
26-02-17 14:39:35.499 [main] DEBUG org.hibernate.SQL                    - 
    /* <criteria> */ select
        u1_0.id 
    from
        discodeit.users u1_0 
    where
        u1_0.username=? 
    fetch
        first ? rows only
26-02-17 14:39:35.501 [main] TRACE org.hibernate.orm.jdbc.bind          - binding parameter (1:VARCHAR) <- [buzz]
26-02-17 14:39:35.501 [main] TRACE org.hibernate.orm.jdbc.bind          - binding parameter (2:INTEGER) <- [1]
26-02-17 14:39:35.545 [main] DEBUG org.hibernate.SQL                    - 
    /* <criteria> */ select
        u1_0.id 
    from
        discodeit.users u1_0 
    where
        u1_0.email=? 
    fetch
        first ? rows only
26-02-17 14:39:35.545 [main] TRACE org.hibernate.orm.jdbc.bind          - binding parameter (1:VARCHAR) <- [buzz@codeit.com]
26-02-17 14:39:35.546 [main] TRACE org.hibernate.orm.jdbc.bind          - binding parameter (2:INTEGER) <- [1]
26-02-17 14:39:35.550 [main] DEBUG org.hibernate.SQL                    - 
    /* <criteria> */ select
        u1_0.id 
    from
        discodeit.users u1_0 
    where
        u1_0.username=? 
    fetch
        first ? rows only
26-02-17 14:39:35.550 [main] TRACE org.hibernate.orm.jdbc.bind          - binding parameter (1:VARCHAR) <- [buzz]
26-02-17 14:39:35.550 [main] TRACE org.hibernate.orm.jdbc.bind          - binding parameter (2:INTEGER) <- [1]
26-02-17 14:39:35.637 [main] INFO  c.s.m.d.s.basic.BasicUserService     - ì‚¬ìš©ìž ìƒì„± ì™„ë£Œ, id=bb752748-84fd-48d6-9a72-5aab527b6e3e, username=buzz
26-02-17 14:39:35.660 [main] DEBUG org.hibernate.SQL                    - 
    /* insert for
        com.sprint.mission.discodeit.entity.BinaryContent */insert 
    into
        discodeit.binary_contents (content_type, created_at, file_name, size, id) 
    values
        (?, ?, ?, ?, ?)
26-02-17 14:39:35.662 [main] TRACE org.hibernate.orm.jdbc.bind          - binding parameter (1:VARCHAR) <- [image/png]
26-02-17 14:39:35.662 [main] TRACE org.hibernate.orm.jdbc.bind          - binding parameter (2:TIMESTAMP_UTC) <- [2026-02-17T05:39:35.592451900Z]
26-02-17 14:39:35.663 [main] TRACE org.hibernate.orm.jdbc.bind          - binding parameter (3:VARCHAR) <- [buzz.png]
26-02-17 14:39:35.663 [main] TRACE org.hibernate.orm.jdbc.bind          - binding parameter (4:BIGINT) <- [67]
26-02-17 14:39:35.664 [main] TRACE org.hibernate.orm.jdbc.bind          - binding parameter (5:UUID) <- [e9e08e0a-c0b9-47f2-acb0-746332b7a819]
26-02-17 14:39:35.671 [main] WARN  o.h.e.jdbc.spi.SqlExceptionHelper    - SQL Error: 0, SQLState: 23502
26-02-17 14:39:35.671 [main] ERROR o.h.e.jdbc.spi.SqlExceptionHelper    - ERROR: null value in column "bytes" of relation "binary_contents" violates not-null constraint
  Detail: Failing row contains (e9e08e0a-c0b9-47f2-acb0-746332b7a819, 2026-02-17 14:39:35.592452+09, buzz.png, 67, image/png, null).
26-02-17 14:39:35.679 [main] WARN  c.s.m.d.config.DataInitializer       - Could not create seed user buzz: could not execute statement [ERROR: null value in column "bytes" of relation "binary_contents" violates not-null constraint
  Detail: Failing row contains (e9e08e0a-c0b9-47f2-acb0-746332b7a819, 2026-02-17 14:39:35.592452+09, buzz.png, 67, image/png, null).] [/* insert for com.sprint.mission.discodeit.entity.BinaryContent */insert into discodeit.binary_contents (content_type,created_at,file_name,size,id) values (?,?,?,?,?)]; SQL [/* insert for com.sprint.mission.discodeit.entity.BinaryContent */insert into discodeit.binary_contents (content_type,created_at,file_name,size,id) values (?,?,?,?,?)]; constraint [bytes" of relation "binary_contents]
26-02-17 14:39:35.681 [main] DEBUG org.hibernate.SQL                    - 
    /* <criteria> */ select
        u1_0.id 
    from
        discodeit.users u1_0 
    where
        u1_0.username=? 
    fetch
        first ? rows only
26-02-17 14:39:35.681 [main] TRACE org.hibernate.orm.jdbc.bind          - binding parameter (1:VARCHAR) <- [jessie]
26-02-17 14:39:35.681 [main] TRACE org.hibernate.orm.jdbc.bind          - binding parameter (2:INTEGER) <- [1]
26-02-17 14:39:35.683 [main] DEBUG org.hibernate.SQL                    - 
    /* <criteria> */ select
        u1_0.id 
    from
        discodeit.users u1_0 
    where
        u1_0.email=? 
    fetch
        first ? rows only
26-02-17 14:39:35.684 [main] TRACE org.hibernate.orm.jdbc.bind          - binding parameter (1:VARCHAR) <- [jessie@codeit.com]
26-02-17 14:39:35.684 [main] TRACE org.hibernate.orm.jdbc.bind          - binding parameter (2:INTEGER) <- [1]
26-02-17 14:39:35.686 [main] DEBUG org.hibernate.SQL                    - 
    /* <criteria> */ select
        u1_0.id 
    from
        discodeit.users u1_0 
    where
        u1_0.username=? 
    fetch
        first ? rows only
26-02-17 14:39:35.686 [main] TRACE org.hibernate.orm.jdbc.bind          - binding parameter (1:VARCHAR) <- [jessie]
26-02-17 14:39:35.686 [main] TRACE org.hibernate.orm.jdbc.bind          - binding parameter (2:INTEGER) <- [1]
26-02-17 14:39:35.691 [main] INFO  c.s.m.d.s.basic.BasicUserService     - ì‚¬ìš©ìž ìƒì„± ì™„ë£Œ, id=d66be722-24bb-47c3-b319-b4ce6f2817e4, username=jessie
26-02-17 14:39:35.691 [main] DEBUG org.hibernate.SQL                    - 
    /* insert for
        com.sprint.mission.discodeit.entity.BinaryContent */insert 
    into
        discodeit.binary_contents (content_type, created_at, file_name, size, id) 
    values
        (?, ?, ?, ?, ?)
26-02-17 14:39:35.691 [main] TRACE org.hibernate.orm.jdbc.bind          - binding parameter (1:VARCHAR) <- [image/png]
26-02-17 14:39:35.691 [main] TRACE org.hibernate.orm.jdbc.bind          - binding parameter (2:TIMESTAMP_UTC) <- [2026-02-17T05:39:35.687677200Z]
26-02-17 14:39:35.692 [main] TRACE org.hibernate.orm.jdbc.bind          - binding parameter (3:VARCHAR) <- [jessie.png]
26-02-17 14:39:35.692 [main] TRACE org.hibernate.orm.jdbc.bind          - binding parameter (4:BIGINT) <- [67]
26-02-17 14:39:35.692 [main] TRACE org.hibernate.orm.jdbc.bind          - binding parameter (5:UUID) <- [464bc38e-ec3a-40dc-a6e8-399fae7fa358]
26-02-17 14:39:35.693 [main] WARN  o.h.e.jdbc.spi.SqlExceptionHelper    - SQL Error: 0, SQLState: 23502
26-02-17 14:39:35.693 [main] ERROR o.h.e.jdbc.spi.SqlExceptionHelper    - ERROR: null value in column "bytes" of relation "binary_contents" violates not-null constraint
  Detail: Failing row contains (464bc38e-ec3a-40dc-a6e8-399fae7fa358, 2026-02-17 14:39:35.687677+09, jessie.png, 67, image/png, null).
26-02-17 14:39:35.693 [main] WARN  c.s.m.d.config.DataInitializer       - Could not create seed user jessie: could not execute statement [ERROR: null value in column "bytes" of relation "binary_contents" violates not-null constraint
  Detail: Failing row contains (464bc38e-ec3a-40dc-a6e8-399fae7fa358, 2026-02-17 14:39:35.687677+09, jessie.png, 67, image/png, null).] [/* insert for com.sprint.mission.discodeit.entity.BinaryContent */insert into discodeit.binary_contents (content_type,created_at,file_name,size,id) values (?,?,?,?,?)]; SQL [/* insert for com.sprint.mission.discodeit.entity.BinaryContent */insert into discodeit.binary_contents (content_type,created_at,file_name,size,id) values (?,?,?,?,?)]; constraint [bytes" of relation "binary_contents]
26-02-17 14:39:35.695 [main] DEBUG org.hibernate.SQL                    - 
    /* <criteria> */ select
        u1_0.id 
    from
        discodeit.users u1_0 
    where
        u1_0.username=? 
    fetch
        first ? rows only
26-02-17 14:39:35.695 [main] TRACE org.hibernate.orm.jdbc.bind          - binding parameter (1:VARCHAR) <- [rex]
26-02-17 14:39:35.695 [main] TRACE org.hibernate.orm.jdbc.bind          - binding parameter (2:INTEGER) <- [1]
26-02-17 14:39:35.697 [main] DEBUG org.hibernate.SQL                    - 
    /* <criteria> */ select
        u1_0.id 
    from
        discodeit.users u1_0 
    where
        u1_0.email=? 
    fetch
        first ? rows only
26-02-17 14:39:35.698 [main] TRACE org.hibernate.orm.jdbc.bind          - binding parameter (1:VARCHAR) <- [rex@codeit.com]
26-02-17 14:39:35.698 [main] TRACE org.hibernate.orm.jdbc.bind          - binding parameter (2:INTEGER) <- [1]
26-02-17 14:39:35.700 [main] DEBUG org.hibernate.SQL                    - 
    /* <criteria> */ select
        u1_0.id 
    from
        discodeit.users u1_0 
    where
        u1_0.username=? 
    fetch
        first ? rows only
26-02-17 14:39:35.700 [main] TRACE org.hibernate.orm.jdbc.bind          - binding parameter (1:VARCHAR) <- [rex]
26-02-17 14:39:35.700 [main] TRACE org.hibernate.orm.jdbc.bind          - binding parameter (2:INTEGER) <- [1]
26-02-17 14:39:35.707 [main] INFO  c.s.m.d.s.basic.BasicUserService     - ì‚¬ìš©ìž ìƒì„± ì™„ë£Œ, id=59283398-4b4d-4250-a2aa-7aeb47abaab6, username=rex
26-02-17 14:39:35.708 [main] DEBUG org.hibernate.SQL                    - 
    /* insert for
        com.sprint.mission.discodeit.entity.BinaryContent */insert 
    into
        discodeit.binary_contents (content_type, created_at, file_name, size, id) 
    values
        (?, ?, ?, ?, ?)
26-02-17 14:39:35.709 [main] TRACE org.hibernate.orm.jdbc.bind          - binding parameter (1:VARCHAR) <- [image/png]
26-02-17 14:39:35.709 [main] TRACE org.hibernate.orm.jdbc.bind          - binding parameter (2:TIMESTAMP_UTC) <- [2026-02-17T05:39:35.702190700Z]
26-02-17 14:39:35.709 [main] TRACE org.hibernate.orm.jdbc.bind          - binding parameter (3:VARCHAR) <- [rex.png]
26-02-17 14:39:35.709 [main] TRACE org.hibernate.orm.jdbc.bind          - binding parameter (4:BIGINT) <- [67]
26-02-17 14:39:35.709 [main] TRACE org.hibernate.orm.jdbc.bind          - binding parameter (5:UUID) <- [2bc721d0-831e-424c-a7b3-695e038c6f96]
26-02-17 14:39:35.710 [main] WARN  o.h.e.jdbc.spi.SqlExceptionHelper    - SQL Error: 0, SQLState: 23502
26-02-17 14:39:35.710 [main] ERROR o.h.e.jdbc.spi.SqlExceptionHelper    - ERROR: null value in column "bytes" of relation "binary_contents" violates not-null constraint
  Detail: Failing row contains (2bc721d0-831e-424c-a7b3-695e038c6f96, 2026-02-17 14:39:35.702191+09, rex.png, 67, image/png, null).
26-02-17 14:39:35.711 [main] WARN  c.s.m.d.config.DataInitializer       - Could not create seed user rex: could not execute statement [ERROR: null value in column "bytes" of relation "binary_contents" violates not-null constraint
  Detail: Failing row contains (2bc721d0-831e-424c-a7b3-695e038c6f96, 2026-02-17 14:39:35.702191+09, rex.png, 67, image/png, null).] [/* insert for com.sprint.mission.discodeit.entity.BinaryContent */insert into discodeit.binary_contents (content_type,created_at,file_name,size,id) values (?,?,?,?,?)]; SQL [/* insert for com.sprint.mission.discodeit.entity.BinaryContent */insert into discodeit.binary_contents (content_type,created_at,file_name,size,id) values (?,?,?,?,?)]; constraint [bytes" of relation "binary_contents]
26-02-17 14:39:35.713 [main] DEBUG org.hibernate.SQL                    - 
    /* <criteria> */ select
        u1_0.id 
    from
        discodeit.users u1_0 
    where
        u1_0.username=? 
    fetch
        first ? rows only
26-02-17 14:39:35.714 [main] TRACE org.hibernate.orm.jdbc.bind          - binding parameter (1:VARCHAR) <- [woody]
26-02-17 14:39:35.714 [main] TRACE org.hibernate.orm.jdbc.bind          - binding parameter (2:INTEGER) <- [1]
26-02-17 14:39:35.718 [main] DEBUG org.hibernate.SQL                    - 
    /* <criteria> */ select
        u1_0.id 
    from
        discodeit.users u1_0 
    where
        u1_0.email=? 
    fetch
        first ? rows only
26-02-17 14:39:35.719 [main] TRACE org.hibernate.orm.jdbc.bind          - binding parameter (1:VARCHAR) <- [woody@codeit.com]
26-02-17 14:39:35.719 [main] TRACE org.hibernate.orm.jdbc.bind          - binding parameter (2:INTEGER) <- [1]
26-02-17 14:39:35.721 [main] DEBUG org.hibernate.SQL                    - 
    /* <criteria> */ select
        u1_0.id 
    from
        discodeit.users u1_0 
    where
        u1_0.username=? 
    fetch
        first ? rows only
26-02-17 14:39:35.722 [main] TRACE org.hibernate.orm.jdbc.bind          - binding parameter (1:VARCHAR) <- [woody]
26-02-17 14:39:35.722 [main] TRACE org.hibernate.orm.jdbc.bind          - binding parameter (2:INTEGER) <- [1]
26-02-17 14:39:35.727 [main] INFO  c.s.m.d.s.basic.BasicUserService     - ì‚¬ìš©ìž ìƒì„± ì™„ë£Œ, id=4fc49524-7b2e-40a5-afa9-999185dffd66, username=woody
26-02-17 14:39:35.729 [main] DEBUG org.hibernate.SQL                    - 
    /* insert for
        com.sprint.mission.discodeit.entity.BinaryContent */insert 
    into
        discodeit.binary_contents (content_type, created_at, file_name, size, id) 
    values
        (?, ?, ?, ?, ?)
26-02-17 14:39:35.730 [main] TRACE org.hibernate.orm.jdbc.bind          - binding parameter (1:VARCHAR) <- [image/png]
26-02-17 14:39:35.730 [main] TRACE org.hibernate.orm.jdbc.bind          - binding parameter (2:TIMESTAMP_UTC) <- [2026-02-17T05:39:35.723741100Z]
26-02-17 14:39:35.730 [main] TRACE org.hibernate.orm.jdbc.bind          - binding parameter (3:VARCHAR) <- [woody.png]
26-02-17 14:39:35.730 [main] TRACE org.hibernate.orm.jdbc.bind          - binding parameter (4:BIGINT) <- [67]
26-02-17 14:39:35.730 [main] TRACE org.hibernate.orm.jdbc.bind          - binding parameter (5:UUID) <- [b6e06149-e883-4b1b-bb27-4e9625ba55ca]
26-02-17 14:39:35.731 [main] WARN  o.h.e.jdbc.spi.SqlExceptionHelper    - SQL Error: 0, SQLState: 23502
26-02-17 14:39:35.731 [main] ERROR o.h.e.jdbc.spi.SqlExceptionHelper    - ERROR: null value in column "bytes" of relation "binary_contents" violates not-null constraint
  Detail: Failing row contains (b6e06149-e883-4b1b-bb27-4e9625ba55ca, 2026-02-17 14:39:35.723741+09, woody.png, 67, image/png, null).
26-02-17 14:39:35.732 [main] WARN  c.s.m.d.config.DataInitializer       - Could not create seed user woody: could not execute statement [ERROR: null value in column "bytes" of relation "binary_contents" violates not-null constraint
  Detail: Failing row contains (b6e06149-e883-4b1b-bb27-4e9625ba55ca, 2026-02-17 14:39:35.723741+09, woody.png, 67, image/png, null).] [/* insert for com.sprint.mission.discodeit.entity.BinaryContent */insert into discodeit.binary_contents (content_type,created_at,file_name,size,id) values (?,?,?,?,?)]; SQL [/* insert for com.sprint.mission.discodeit.entity.BinaryContent */insert into discodeit.binary_contents (content_type,created_at,file_name,size,id) values (?,?,?,?,?)]; constraint [bytes" of relation "binary_contents]
26-02-17 14:39:35.742 [main] DEBUG org.hibernate.SQL                    - 
    /* <criteria> */ select
        u1_0.id,
        u1_0.created_at,
        u1_0.email,
        u1_0.password,
        u1_0.profile_id,
        u1_0.updated_at,
        u1_0.username 
    from
        discodeit.users u1_0 
    where
        u1_0.username=?
26-02-17 14:39:35.743 [main] TRACE org.hibernate.orm.jdbc.bind          - binding parameter (1:VARCHAR) <- [buzz]
26-02-17 14:39:35.766 [main] DEBUG org.hibernate.SQL                    - 
    /* <criteria> */ select
        u1_0.id,
        u1_0.created_at,
        u1_0.email,
        u1_0.password,
        u1_0.profile_id,
        u1_0.updated_at,
        u1_0.username 
    from
        discodeit.users u1_0 
    where
        u1_0.username=?
26-02-17 14:39:35.766 [main] TRACE org.hibernate.orm.jdbc.bind          - binding parameter (1:VARCHAR) <- [jessie]
26-02-17 14:39:35.770 [main] DEBUG org.hibernate.SQL                    - 
    /* <criteria> */ select
        u1_0.id,
        u1_0.created_at,
        u1_0.email,
        u1_0.password,
        u1_0.profile_id,
        u1_0.updated_at,
        u1_0.username 
    from
        discodeit.users u1_0 
    where
        u1_0.username=?
26-02-17 14:39:35.770 [main] TRACE org.hibernate.orm.jdbc.bind          - binding parameter (1:VARCHAR) <- [rex]
26-02-17 14:39:35.773 [main] DEBUG org.hibernate.SQL                    - 
    /* <criteria> */ select
        u1_0.id,
        u1_0.created_at,
        u1_0.email,
        u1_0.password,
        u1_0.profile_id,
        u1_0.updated_at,
        u1_0.username 
    from
        discodeit.users u1_0 
    where
        u1_0.username=?
26-02-17 14:39:35.773 [main] TRACE org.hibernate.orm.jdbc.bind          - binding parameter (1:VARCHAR) <- [woody]
26-02-17 14:39:35.795 [main] DEBUG org.hibernate.SQL                    - 
    /* select
        count(*) 
    from
        Channel x */ select
            count(*) 
        from
            discodeit.channels c1_0
26-02-17 14:39:35.804 [main] DEBUG org.hibernate.SQL                    - 
    /* insert for
        com.sprint.mission.discodeit.entity.Channel */insert 
    into
        discodeit.channels (created_at, description, name, type, updated_at, id) 
    values
        (?, ?, ?, ?, ?, ?)
26-02-17 14:39:35.804 [main] TRACE org.hibernate.orm.jdbc.bind          - binding parameter (1:TIMESTAMP_UTC) <- [2026-02-17T05:39:35.799996700Z]
26-02-17 14:39:35.804 [main] TRACE org.hibernate.orm.jdbc.bind          - binding parameter (2:VARCHAR) <- [ì¼ë°˜ ì±„íŒ…]
26-02-17 14:39:35.804 [main] TRACE org.hibernate.orm.jdbc.bind          - binding parameter (3:VARCHAR) <- [ì¼ë°˜]
26-02-17 14:39:35.804 [main] TRACE org.hibernate.orm.jdbc.bind          - binding parameter (4:VARCHAR) <- [PUBLIC]
26-02-17 14:39:35.805 [main] TRACE org.hibernate.orm.jdbc.bind          - binding parameter (5:TIMESTAMP_UTC) <- [2026-02-17T05:39:35.799996700Z]
26-02-17 14:39:35.805 [main] TRACE org.hibernate.orm.jdbc.bind          - binding parameter (6:UUID) <- [6e85aeb2-e4ea-4968-9648-e924e6bb4525]
26-02-17 14:39:35.809 [main] INFO  c.s.m.d.config.DataInitializer       - Created default channel: ì¼ë°˜
26-02-17 14:39:35.813 [main] DEBUG org.hibernate.SQL                    - 
    /* <criteria> */ select
        u1_0.id,
        u1_0.created_at,
        u1_0.email,
        u1_0.password,
        u1_0.profile_id,
        u1_0.updated_at,
        u1_0.username 
    from
        discodeit.users u1_0 
    where
        u1_0.username=?
26-02-17 14:39:35.813 [main] TRACE org.hibernate.orm.jdbc.bind          - binding parameter (1:VARCHAR) <- [buzz]
26-02-17 14:39:35.818 [main] DEBUG org.hibernate.SQL                    - 
    /* <criteria> */ select
        u1_0.id,
        u1_0.created_at,
        u1_0.email,
        u1_0.password,
        u1_0.profile_id,
        u1_0.updated_at,
        u1_0.username 
    from
        discodeit.users u1_0 
    where
        u1_0.username=?
26-02-17 14:39:35.818 [main] TRACE org.hibernate.orm.jdbc.bind          - binding parameter (1:VARCHAR) <- [jessie]
26-02-17 14:39:35.821 [main] DEBUG org.hibernate.SQL                    - 
    /* <criteria> */ select
        u1_0.id,
        u1_0.created_at,
        u1_0.email,
        u1_0.password,
        u1_0.profile_id,
        u1_0.updated_at,
        u1_0.username 
    from
        discodeit.users u1_0 
    where
        u1_0.username=?
26-02-17 14:39:35.822 [main] TRACE org.hibernate.orm.jdbc.bind          - binding parameter (1:VARCHAR) <- [rex]
26-02-17 14:39:35.823 [main] DEBUG org.hibernate.SQL                    - 
    /* <criteria> */ select
        u1_0.id,
        u1_0.created_at,
        u1_0.email,
        u1_0.password,
        u1_0.profile_id,
        u1_0.updated_at,
        u1_0.username 
    from
        discodeit.users u1_0 
    where
        u1_0.username=?
26-02-17 14:39:35.823 [main] TRACE org.hibernate.orm.jdbc.bind          - binding parameter (1:VARCHAR) <- [woody]
26-02-17 14:39:36.073 [main] WARN  o.s.b.a.o.j.JpaBaseConfiguration$JpaWebConfiguration - spring.jpa.open-in-view is enabled by default. Therefore, database queries may be performed during view rendering. Explicitly configure spring.jpa.open-in-view to disable this warning
26-02-17 14:39:36.096 [main] INFO  o.s.b.a.w.s.WelcomePageHandlerMapping - Adding welcome page: class path resource [static/index.html]
26-02-17 14:39:36.126 [main] INFO  o.s.v.b.OptionalValidatorFactoryBean - Failed to set up a Bean Validation provider: jakarta.validation.NoProviderFoundException: Unable to create a Configuration, because no Jakarta Bean Validation provider could be found. Add a provider like Hibernate Validator (RI) to your classpath.
26-02-17 14:39:36.608 [main] INFO  o.a.coyote.http11.Http11NioProtocol  - Starting ProtocolHandler ["http-nio-8080"]
26-02-17 14:39:36.636 [main] INFO  o.s.b.w.e.tomcat.TomcatWebServer     - Tomcat started on port 8080 (http) with context path '/'
26-02-17 14:39:36.647 [main] INFO  c.s.m.discodeit.DiscodeitApplication - Started DiscodeitApplication in 7.927 seconds (process running for 8.744)
26-02-17 14:39:39.471 [SpringApplicationShutdownHook] INFO  o.s.b.w.e.tomcat.GracefulShutdown    - Commencing graceful shutdown. Waiting for active requests to complete
26-02-17 14:39:40.062 [tomcat-shutdown] INFO  o.s.b.w.e.tomcat.GracefulShutdown    - Graceful shutdown complete
26-02-17 14:39:40.067 [SpringApplicationShutdownHook] INFO  o.s.o.j.LocalContainerEntityManagerFactoryBean - Closing JPA EntityManagerFactory for persistence unit 'default'
26-02-17 14:39:40.070 [SpringApplicationShutdownHook] INFO  com.zaxxer.hikari.HikariDataSource   - HikariPool-1 - Shutdown initiated...
26-02-17 14:39:40.074 [SpringApplicationShutdownHook] INFO  com.zaxxer.hikari.HikariDataSource   - HikariPool-1 - Shutdown completed.
26-02-28 02:06:11.767 [background-preinit] INFO  o.h.validator.internal.util.Version  - HV000001: Hibernate Validator 8.0.2.Final
26-02-28 02:06:11.844 [main] INFO  c.s.m.discodeit.DiscodeitApplication - Starting DiscodeitApplication using Java 17.0.16 with PID 26992 (C:\myWs\Mission\8-sprint-mission\build\classes\java\main started by samsung in C:\myWs\Mission\8-sprint-mission)
26-02-28 02:06:11.846 [main] DEBUG c.s.m.discodeit.DiscodeitApplication - Running with Spring Boot v3.4.3, Spring v6.2.3
26-02-28 02:06:11.846 [main] INFO  c.s.m.discodeit.DiscodeitApplication - The following 1 profile is active: "dev"
26-02-28 02:06:13.846 [main] INFO  o.s.d.r.c.RepositoryConfigurationDelegate - Bootstrapping Spring Data JPA repositories in DEFAULT mode.
26-02-28 02:06:14.100 [main] INFO  o.s.d.r.c.RepositoryConfigurationDelegate - Finished Spring Data repository scanning in 243 ms. Found 6 JPA repository interfaces.
26-02-28 02:06:15.150 [main] INFO  o.s.b.w.e.tomcat.TomcatWebServer     - Tomcat initialized with port 8080 (http)
26-02-28 02:06:15.169 [main] INFO  o.a.coyote.http11.Http11NioProtocol  - Initializing ProtocolHandler ["http-nio-8080"]
26-02-28 02:06:15.171 [main] INFO  o.a.catalina.core.StandardService    - Starting service [Tomcat]
26-02-28 02:06:15.171 [main] INFO  o.a.catalina.core.StandardEngine     - Starting Servlet engine: [Apache Tomcat/10.1.36]
26-02-28 02:06:15.302 [main] INFO  o.a.c.c.C.[Tomcat].[localhost].[/]   - Initializing Spring embedded WebApplicationContext
26-02-28 02:06:15.302 [main] INFO  o.s.b.w.s.c.ServletWebServerApplicationContext - Root WebApplicationContext: initialization completed in 3394 ms
26-02-28 02:06:15.603 [main] INFO  com.zaxxer.hikari.HikariDataSource   - HikariPool-1 - Starting...
26-02-28 02:06:15.931 [main] INFO  com.zaxxer.hikari.pool.HikariPool    - HikariPool-1 - Added connection org.postgresql.jdbc.PgConnection@38ebc866
26-02-28 02:06:15.934 [main] INFO  com.zaxxer.hikari.HikariDataSource   - HikariPool-1 - Start completed.
26-02-28 02:06:16.133 [main] INFO  o.h.jpa.internal.util.LogHelper      - HHH000204: Processing PersistenceUnitInfo [name: default]
26-02-28 02:06:16.244 [main] INFO  org.hibernate.Version                - HHH000412: Hibernate ORM core version 6.6.8.Final
26-02-28 02:06:16.308 [main] INFO  o.h.c.i.RegionFactoryInitiator       - HHH000026: Second-level cache disabled
26-02-28 02:06:16.778 [main] INFO  o.s.o.j.p.SpringPersistenceUnitInfo  - No LoadTimeWeaver setup: ignoring JPA class transformer
26-02-28 02:06:16.898 [main] WARN  org.hibernate.orm.deprecation        - HHH90000025: PostgreSQLDialect does not need to be specified explicitly using 'hibernate.dialect' (remove the property setting and it will be selected by default)
26-02-28 02:06:16.933 [main] INFO  o.hibernate.orm.connections.pooling  - HHH10001005: Database info:
	Database JDBC URL [Connecting through datasource 'HikariDataSource (HikariPool-1)']
	Database driver: undefined/unknown
	Database version: 17.7
	Autocommit mode: undefined/unknown
	Isolation level: undefined/unknown
	Minimum pool size: undefined/unknown
	Maximum pool size: undefined/unknown
26-02-28 02:06:18.805 [main] INFO  o.h.e.t.j.p.i.JtaPlatformInitiator   - HHH000489: No JTA platform available (set 'hibernate.transaction.jta.platform' to enable JTA platform integration)
26-02-28 02:06:19.474 [main] INFO  o.s.o.j.LocalContainerEntityManagerFactoryBean - Initialized JPA EntityManagerFactory for persistence unit 'default'
26-02-28 02:06:19.965 [main] INFO  o.s.d.j.r.query.QueryEnhancerFactory - Hibernate is in classpath; If applicable, HQL parser will be used.
26-02-28 02:06:20.756 [main] DEBUG org.hibernate.SQL                    - 
    /* <criteria> */ select
        u1_0.id 
    from
        discodeit.users u1_0 
    where
        u1_0.username=? 
    fetch
        first ? rows only
26-02-28 02:06:20.758 [main] TRACE org.hibernate.orm.jdbc.bind          - binding parameter (1:VARCHAR) <- [buzz]
26-02-28 02:06:20.759 [main] TRACE org.hibernate.orm.jdbc.bind          - binding parameter (2:INTEGER) <- [1]
26-02-28 02:06:20.798 [main] DEBUG c.s.m.d.config.DataInitializer       - Seed user already exists: buzz
26-02-28 02:06:20.799 [main] DEBUG org.hibernate.SQL                    - 
    /* <criteria> */ select
        u1_0.id 
    from
        discodeit.users u1_0 
    where
        u1_0.username=? 
    fetch
        first ? rows only
26-02-28 02:06:20.799 [main] TRACE org.hibernate.orm.jdbc.bind          - binding parameter (1:VARCHAR) <- [jessie]
26-02-28 02:06:20.800 [main] TRACE org.hibernate.orm.jdbc.bind          - binding parameter (2:INTEGER) <- [1]
26-02-28 02:06:20.801 [main] DEBUG c.s.m.d.config.DataInitializer       - Seed user already exists: jessie
26-02-28 02:06:20.803 [main] DEBUG org.hibernate.SQL                    - 
    /* <criteria> */ select
        u1_0.id 
    from
        discodeit.users u1_0 
    where
        u1_0.username=? 
    fetch
        first ? rows only
26-02-28 02:06:20.803 [main] TRACE org.hibernate.orm.jdbc.bind          - binding parameter (1:VARCHAR) <- [rex]
26-02-28 02:06:20.803 [main] TRACE org.hibernate.orm.jdbc.bind          - binding parameter (2:INTEGER) <- [1]
26-02-28 02:06:20.804 [main] DEBUG c.s.m.d.config.DataInitializer       - Seed user already exists: rex
26-02-28 02:06:20.806 [main] DEBUG org.hibernate.SQL                    - 
    /* <criteria> */ select
        u1_0.id 
    from
        discodeit.users u1_0 
    where
        u1_0.username=? 
    fetch
        first ? rows only
26-02-28 02:06:20.806 [main] TRACE org.hibernate.orm.jdbc.bind          - binding parameter (1:VARCHAR) <- [woody]
26-02-28 02:06:20.806 [main] TRACE org.hibernate.orm.jdbc.bind          - binding parameter (2:INTEGER) <- [1]
26-02-28 02:06:20.807 [main] DEBUG c.s.m.d.config.DataInitializer       - Seed user already exists: woody
26-02-28 02:06:20.816 [main] DEBUG org.hibernate.SQL                    - 
    /* SELECT
        u 
    FROM
        User u 
    LEFT JOIN
        
    FETCH
        u.profile 
    WHERE
        u.username = :username */ select
            u1_0.id,
            u1_0.created_at,
            u1_0.email,
            u1_0.password,
            p1_0.id,
            p1_0.content_type,
            p1_0.created_at,
            p1_0.file_name,
            p1_0.size,
            u1_0.updated_at,
            u1_0.username 
        from
            discodeit.users u1_0 
        left join
            discodeit.binary_contents p1_0 
                on p1_0.id=u1_0.profile_id 
        where
            u1_0.username=?
26-02-28 02:06:20.816 [main] TRACE org.hibernate.orm.jdbc.bind          - binding parameter (1:VARCHAR) <- [buzz]
26-02-28 02:06:20.837 [main] DEBUG org.hibernate.SQL                    - 
    select
        us1_0.id,
        us1_0.created_at,
        us1_0.last_active_at,
        us1_0.updated_at,
        us1_0.user_id 
    from
        discodeit.user_statuses us1_0 
    where
        us1_0.user_id=?
26-02-28 02:06:20.837 [main] TRACE org.hibernate.orm.jdbc.bind          - binding parameter (1:UUID) <- [109cc8d3-0794-4a69-a048-3542b1b5ceea]
26-02-28 02:06:20.890 [main] DEBUG c.s.m.d.s.basic.BasicUserService     - ì‚¬ìš©ìž ìˆ˜ì • ì‹œë„, userId=109cc8d3-0794-4a69-a048-3542b1b5ceea
26-02-28 02:06:20.904 [main] DEBUG org.hibernate.SQL                    - 
    select
        u1_0.id,
        u1_0.created_at,
        u1_0.email,
        u1_0.password,
        u1_0.profile_id,
        s1_0.id,
        s1_0.created_at,
        s1_0.last_active_at,
        s1_0.updated_at,
        s1_0.user_id,
        u1_0.updated_at,
        u1_0.username 
    from
        discodeit.users u1_0 
    left join
        discodeit.user_statuses s1_0 
            on u1_0.id=s1_0.user_id 
    where
        u1_0.id=?
26-02-28 02:06:20.904 [main] TRACE org.hibernate.orm.jdbc.bind          - binding parameter (1:UUID) <- [109cc8d3-0794-4a69-a048-3542b1b5ceea]
26-02-28 02:06:20.977 [main] INFO  c.s.m.d.s.basic.BasicUserService     - ì‚¬ìš©ìž ìˆ˜ì • ì™„ë£Œ, userId=109cc8d3-0794-4a69-a048-3542b1b5ceea, username=buzz
26-02-28 02:06:20.981 [main] DEBUG org.hibernate.SQL                    - 
    select
        bc1_0.id,
        bc1_0.content_type,
        bc1_0.created_at,
        bc1_0.file_name,
        bc1_0.size 
    from
        discodeit.binary_contents bc1_0 
    where
        bc1_0.id=?
26-02-28 02:06:20.982 [main] TRACE org.hibernate.orm.jdbc.bind          - binding parameter (1:UUID) <- [81caf2fa-a137-43c7-928b-2a715de8babd]
26-02-28 02:06:21.021 [main] DEBUG org.hibernate.SQL                    - 
    /* insert for
        com.sprint.mission.discodeit.entity.BinaryContent */insert 
    into
        discodeit.binary_contents (content_type, created_at, file_name, size, id) 
    values
        (?, ?, ?, ?, ?)
26-02-28 02:06:21.024 [main] TRACE org.hibernate.orm.jdbc.bind          - binding parameter (1:VARCHAR) <- [image/png]
26-02-28 02:06:21.024 [main] TRACE org.hibernate.orm.jdbc.bind          - binding parameter (2:TIMESTAMP_UTC) <- [2026-02-27T17:06:20.946199800Z]
26-02-28 02:06:21.025 [main] TRACE org.hibernate.orm.jdbc.bind          - binding parameter (3:VARCHAR) <- [buzz.png]
26-02-28 02:06:21.025 [main] TRACE org.hibernate.orm.jdbc.bind          - binding parameter (4:BIGINT) <- [34010]
26-02-28 02:06:21.026 [main] TRACE org.hibernate.orm.jdbc.bind          - binding parameter (5:UUID) <- [b18dd6dc-d431-46f2-9335-7f760769e3d2]
26-02-28 02:06:21.035 [main] DEBUG org.hibernate.SQL                    - 
    /* update
        for com.sprint.mission.discodeit.entity.User */update discodeit.users 
    set
        email=?,
        password=?,
        profile_id=?,
        updated_at=?,
        username=? 
    where
        id=?
26-02-28 02:06:21.035 [main] TRACE org.hibernate.orm.jdbc.bind          - binding parameter (1:VARCHAR) <- [buzz@codeit.com]
26-02-28 02:06:21.036 [main] TRACE org.hibernate.orm.jdbc.bind          - binding parameter (2:VARCHAR) <- [password]
26-02-28 02:06:21.036 [main] TRACE org.hibernate.orm.jdbc.bind          - binding parameter (3:UUID) <- [b18dd6dc-d431-46f2-9335-7f760769e3d2]
26-02-28 02:06:21.036 [main] TRACE org.hibernate.orm.jdbc.bind          - binding parameter (4:TIMESTAMP_UTC) <- [2026-02-27T17:06:20.993798700Z]
26-02-28 02:06:21.036 [main] TRACE org.hibernate.orm.jdbc.bind          - binding parameter (5:VARCHAR) <- [buzz]
26-02-28 02:06:21.036 [main] TRACE org.hibernate.orm.jdbc.bind          - binding parameter (6:UUID) <- [109cc8d3-0794-4a69-a048-3542b1b5ceea]
26-02-28 02:06:21.043 [main] DEBUG org.hibernate.SQL                    - 
    /* delete for com.sprint.mission.discodeit.entity.BinaryContent */delete 
    from
        discodeit.binary_contents 
    where
        id=?
26-02-28 02:06:21.043 [main] TRACE org.hibernate.orm.jdbc.bind          - binding parameter (1:UUID) <- [81caf2fa-a137-43c7-928b-2a715de8babd]
26-02-28 02:06:21.052 [main] INFO  c.s.m.d.config.DataInitializer       - Updated profile for seed user: buzz
26-02-28 02:06:21.054 [main] DEBUG org.hibernate.SQL                    - 
    /* SELECT
        u 
    FROM
        User u 
    LEFT JOIN
        
    FETCH
        u.profile 
    WHERE
        u.username = :username */ select
            u1_0.id,
            u1_0.created_at,
            u1_0.email,
            u1_0.password,
            p1_0.id,
            p1_0.content_type,
            p1_0.created_at,
            p1_0.file_name,
            p1_0.size,
            u1_0.updated_at,
            u1_0.username 
        from
            discodeit.users u1_0 
        left join
            discodeit.binary_contents p1_0 
                on p1_0.id=u1_0.profile_id 
        where
            u1_0.username=?
26-02-28 02:06:21.054 [main] TRACE org.hibernate.orm.jdbc.bind          - binding parameter (1:VARCHAR) <- [jessie]
26-02-28 02:06:21.055 [main] DEBUG org.hibernate.SQL                    - 
    select
        us1_0.id,
        us1_0.created_at,
        us1_0.last_active_at,
        us1_0.updated_at,
        us1_0.user_id 
    from
        discodeit.user_statuses us1_0 
    where
        us1_0.user_id=?
26-02-28 02:06:21.055 [main] TRACE org.hibernate.orm.jdbc.bind          - binding parameter (1:UUID) <- [38f333a8-28c6-477d-b7d7-b220165fe0c3]
26-02-28 02:06:21.060 [main] DEBUG c.s.m.d.s.basic.BasicUserService     - ì‚¬ìš©ìž ìˆ˜ì • ì‹œë„, userId=38f333a8-28c6-477d-b7d7-b220165fe0c3
26-02-28 02:06:21.061 [main] DEBUG org.hibernate.SQL                    - 
    select
        u1_0.id,
        u1_0.created_at,
        u1_0.email,
        u1_0.password,
        u1_0.profile_id,
        s1_0.id,
        s1_0.created_at,
        s1_0.last_active_at,
        s1_0.updated_at,
        s1_0.user_id,
        u1_0.updated_at,
        u1_0.username 
    from
        discodeit.users u1_0 
    left join
        discodeit.user_statuses s1_0 
            on u1_0.id=s1_0.user_id 
    where
        u1_0.id=?
26-02-28 02:06:21.061 [main] TRACE org.hibernate.orm.jdbc.bind          - binding parameter (1:UUID) <- [38f333a8-28c6-477d-b7d7-b220165fe0c3]
26-02-28 02:06:21.068 [main] INFO  c.s.m.d.s.basic.BasicUserService     - ì‚¬ìš©ìž ìˆ˜ì • ì™„ë£Œ, userId=38f333a8-28c6-477d-b7d7-b220165fe0c3, username=jessie
26-02-28 02:06:21.069 [main] DEBUG org.hibernate.SQL                    - 
    select
        bc1_0.id,
        bc1_0.content_type,
        bc1_0.created_at,
        bc1_0.file_name,
        bc1_0.size 
    from
        discodeit.binary_contents bc1_0 
    where
        bc1_0.id=?
26-02-28 02:06:21.069 [main] TRACE org.hibernate.orm.jdbc.bind          - binding parameter (1:UUID) <- [5d51d456-b819-4442-8413-60ee6817989e]
26-02-28 02:06:21.072 [main] DEBUG org.hibernate.SQL                    - 
    /* insert for
        com.sprint.mission.discodeit.entity.BinaryContent */insert 
    into
        discodeit.binary_contents (content_type, created_at, file_name, size, id) 
    values
        (?, ?, ?, ?, ?)
26-02-28 02:06:21.072 [main] TRACE org.hibernate.orm.jdbc.bind          - binding parameter (1:VARCHAR) <- [image/png]
26-02-28 02:06:21.072 [main] TRACE org.hibernate.orm.jdbc.bind          - binding parameter (2:TIMESTAMP_UTC) <- [2026-02-27T17:06:21.063348300Z]
26-02-28 02:06:21.072 [main] TRACE org.hibernate.orm.jdbc.bind          - binding parameter (3:VARCHAR) <- [jessie.png]
26-02-28 02:06:21.073 [main] TRACE org.hibernate.orm.jdbc.bind          - binding parameter (4:BIGINT) <- [38246]
26-02-28 02:06:21.073 [main] TRACE org.hibernate.orm.jdbc.bind          - binding parameter (5:UUID) <- [79302d94-f2b0-454c-ad55-9bc471a87bd8]
26-02-28 02:06:21.074 [main] DEBUG org.hibernate.SQL                    - 
    /* update
        for com.sprint.mission.discodeit.entity.User */update discodeit.users 
    set
        email=?,
        password=?,
        profile_id=?,
        updated_at=?,
        username=? 
    where
        id=?
26-02-28 02:06:21.074 [main] TRACE org.hibernate.orm.jdbc.bind          - binding parameter (1:VARCHAR) <- [jessie@codeit.com]
26-02-28 02:06:21.074 [main] TRACE org.hibernate.orm.jdbc.bind          - binding parameter (2:VARCHAR) <- [password]
26-02-28 02:06:21.074 [main] TRACE org.hibernate.orm.jdbc.bind          - binding parameter (3:UUID) <- [79302d94-f2b0-454c-ad55-9bc471a87bd8]
26-02-28 02:06:21.075 [main] TRACE org.hibernate.orm.jdbc.bind          - binding parameter (4:TIMESTAMP_UTC) <- [2026-02-27T17:06:21.071417600Z]
26-02-28 02:06:21.075 [main] TRACE org.hibernate.orm.jdbc.bind          - binding parameter (5:VARCHAR) <- [jessie]
26-02-28 02:06:21.076 [main] TRACE org.hibernate.orm.jdbc.bind          - binding parameter (6:UUID) <- [38f333a8-28c6-477d-b7d7-b220165fe0c3]
26-02-28 02:06:21.077 [main] DEBUG org.hibernate.SQL                    - 
    /* delete for com.sprint.mission.discodeit.entity.BinaryContent */delete 
    from
        discodeit.binary_contents 
    where
        id=?
26-02-28 02:06:21.077 [main] TRACE org.hibernate.orm.jdbc.bind          - binding parameter (1:UUID) <- [5d51d456-b819-4442-8413-60ee6817989e]
26-02-28 02:06:21.079 [main] INFO  c.s.m.d.config.DataInitializer       - Updated profile for seed user: jessie
26-02-28 02:06:21.081 [main] DEBUG org.hibernate.SQL                    - 
    /* SELECT
        u 
    FROM
        User u 
    LEFT JOIN
        
    FETCH
        u.profile 
    WHERE
        u.username = :username */ select
            u1_0.id,
            u1_0.created_at,
            u1_0.email,
            u1_0.password,
            p1_0.id,
            p1_0.content_type,
            p1_0.created_at,
            p1_0.file_name,
            p1_0.size,
            u1_0.updated_at,
            u1_0.username 
        from
            discodeit.users u1_0 
        left join
            discodeit.binary_contents p1_0 
                on p1_0.id=u1_0.profile_id 
        where
            u1_0.username=?
26-02-28 02:06:21.081 [main] TRACE org.hibernate.orm.jdbc.bind          - binding parameter (1:VARCHAR) <- [rex]
26-02-28 02:06:21.083 [main] DEBUG org.hibernate.SQL                    - 
    select
        us1_0.id,
        us1_0.created_at,
        us1_0.last_active_at,
        us1_0.updated_at,
        us1_0.user_id 
    from
        discodeit.user_statuses us1_0 
    where
        us1_0.user_id=?
26-02-28 02:06:21.083 [main] TRACE org.hibernate.orm.jdbc.bind          - binding parameter (1:UUID) <- [e42bc6d8-7a74-4d6b-8e28-ea814fe080bd]
26-02-28 02:06:21.088 [main] DEBUG c.s.m.d.s.basic.BasicUserService     - ì‚¬ìš©ìž ìˆ˜ì • ì‹œë„, userId=e42bc6d8-7a74-4d6b-8e28-ea814fe080bd
26-02-28 02:06:21.089 [main] DEBUG org.hibernate.SQL                    - 
    select
        u1_0.id,
        u1_0.created_at,
        u1_0.email,
        u1_0.password,
        u1_0.profile_id,
        s1_0.id,
        s1_0.created_at,
        s1_0.last_active_at,
        s1_0.updated_at,
        s1_0.user_id,
        u1_0.updated_at,
        u1_0.username 
    from
        discodeit.users u1_0 
    left join
        discodeit.user_statuses s1_0 
            on u1_0.id=s1_0.user_id 
    where
        u1_0.id=?
26-02-28 02:06:21.089 [main] TRACE org.hibernate.orm.jdbc.bind          - binding parameter (1:UUID) <- [e42bc6d8-7a74-4d6b-8e28-ea814fe080bd]
26-02-28 02:06:21.097 [main] INFO  c.s.m.d.s.basic.BasicUserService     - ì‚¬ìš©ìž ìˆ˜ì • ì™„ë£Œ, userId=e42bc6d8-7a74-4d6b-8e28-ea814fe080bd, username=rex
26-02-28 02:06:21.098 [main] DEBUG org.hibernate.SQL                    - 
    select
        bc1_0.id,
        bc1_0.content_type,
        bc1_0.created_at,
        bc1_0.file_name,
        bc1_0.size 
    from
        discodeit.binary_contents bc1_0 
    where
        bc1_0.id=?
26-02-28 02:06:21.098 [main] TRACE org.hibernate.orm.jdbc.bind          - binding parameter (1:UUID) <- [1e6e8814-05bc-421e-8ef8-8a2e23cb514d]
26-02-28 02:06:21.101 [main] DEBUG org.hibernate.SQL                    - 
    /* insert for
        com.sprint.mission.discodeit.entity.BinaryContent */insert 
    into
        discodeit.binary_contents (content_type, created_at, file_name, size, id) 
    values
        (?, ?, ?, ?, ?)
26-02-28 02:06:21.101 [main] TRACE org.hibernate.orm.jdbc.bind          - binding parameter (1:VARCHAR) <- [image/png]
26-02-28 02:06:21.101 [main] TRACE org.hibernate.orm.jdbc.bind          - binding parameter (2:TIMESTAMP_UTC) <- [2026-02-27T17:06:21.093372300Z]
26-02-28 02:06:21.102 [main] TRACE org.hibernate.orm.jdbc.bind          - binding parameter (3:VARCHAR) <- [rex.png]
26-02-28 02:06:21.102 [main] TRACE org.hibernate.orm.jdbc.bind          - binding parameter (4:BIGINT) <- [39479]
26-02-28 02:06:21.102 [main] TRACE org.hibernate.orm.jdbc.bind          - binding parameter (5:UUID) <- [7ebeae40-8062-4f1b-a8f2-e3f04ecc8d03]
26-02-28 02:06:21.103 [main] DEBUG org.hibernate.SQL                    - 
    /* update
        for com.sprint.mission.discodeit.entity.User */update discodeit.users 
    set
        email=?,
        password=?,
        profile_id=?,
        updated_at=?,
        username=? 
    where
        id=?
26-02-28 02:06:21.104 [main] TRACE org.hibernate.orm.jdbc.bind          - binding parameter (1:VARCHAR) <- [rex@codeit.com]
26-02-28 02:06:21.104 [main] TRACE org.hibernate.orm.jdbc.bind          - binding parameter (2:VARCHAR) <- [password]
26-02-28 02:06:21.104 [main] TRACE org.hibernate.orm.jdbc.bind          - binding parameter (3:UUID) <- [7ebeae40-8062-4f1b-a8f2-e3f04ecc8d03]
26-02-28 02:06:21.104 [main] TRACE org.hibernate.orm.jdbc.bind          - binding parameter (4:TIMESTAMP_UTC) <- [2026-02-27T17:06:21.100726900Z]
26-02-28 02:06:21.104 [main] TRACE org.hibernate.orm.jdbc.bind          - binding parameter (5:VARCHAR) <- [rex]
26-02-28 02:06:21.105 [main] TRACE org.hibernate.orm.jdbc.bind          - binding parameter (6:UUID) <- [e42bc6d8-7a74-4d6b-8e28-ea814fe080bd]
26-02-28 02:06:21.106 [main] DEBUG org.hibernate.SQL                    - 
    /* delete for com.sprint.mission.discodeit.entity.BinaryContent */delete 
    from
        discodeit.binary_contents 
    where
        id=?
26-02-28 02:06:21.106 [main] TRACE org.hibernate.orm.jdbc.bind          - binding parameter (1:UUID) <- [1e6e8814-05bc-421e-8ef8-8a2e23cb514d]
26-02-28 02:06:21.108 [main] INFO  c.s.m.d.config.DataInitializer       - Updated profile for seed user: rex
26-02-28 02:06:21.109 [main] DEBUG org.hibernate.SQL                    - 
    /* SELECT
        u 
    FROM
        User u 
    LEFT JOIN
        
    FETCH
        u.profile 
    WHERE
        u.username = :username */ select
            u1_0.id,
            u1_0.created_at,
            u1_0.email,
            u1_0.password,
            p1_0.id,
            p1_0.content_type,
            p1_0.created_at,
            p1_0.file_name,
            p1_0.size,
            u1_0.updated_at,
            u1_0.username 
        from
            discodeit.users u1_0 
        left join
            discodeit.binary_contents p1_0 
                on p1_0.id=u1_0.profile_id 
        where
            u1_0.username=?
26-02-28 02:06:21.109 [main] TRACE org.hibernate.orm.jdbc.bind          - binding parameter (1:VARCHAR) <- [woody]
26-02-28 02:06:21.111 [main] DEBUG org.hibernate.SQL                    - 
    select
        us1_0.id,
        us1_0.created_at,
        us1_0.last_active_at,
        us1_0.updated_at,
        us1_0.user_id 
    from
        discodeit.user_statuses us1_0 
    where
        us1_0.user_id=?
26-02-28 02:06:21.112 [main] TRACE org.hibernate.orm.jdbc.bind          - binding parameter (1:UUID) <- [00a68f1b-89f0-4564-a436-286212c41cc5]
26-02-28 02:06:21.118 [main] DEBUG c.s.m.d.s.basic.BasicUserService     - ì‚¬ìš©ìž ìˆ˜ì • ì‹œë„, userId=00a68f1b-89f0-4564-a436-286212c41cc5
26-02-28 02:06:21.118 [main] DEBUG org.hibernate.SQL                    - 
    select
        u1_0.id,
        u1_0.created_at,
        u1_0.email,
        u1_0.password,
        u1_0.profile_id,
        s1_0.id,
        s1_0.created_at,
        s1_0.last_active_at,
        s1_0.updated_at,
        s1_0.user_id,
        u1_0.updated_at,
        u1_0.username 
    from
        discodeit.users u1_0 
    left join
        discodeit.user_statuses s1_0 
            on u1_0.id=s1_0.user_id 
    where
        u1_0.id=?
26-02-28 02:06:21.118 [main] TRACE org.hibernate.orm.jdbc.bind          - binding parameter (1:UUID) <- [00a68f1b-89f0-4564-a436-286212c41cc5]
26-02-28 02:06:21.123 [main] INFO  c.s.m.d.s.basic.BasicUserService     - ì‚¬ìš©ìž ìˆ˜ì • ì™„ë£Œ, userId=00a68f1b-89f0-4564-a436-286212c41cc5, username=woody
26-02-28 02:06:21.124 [main] DEBUG org.hibernate.SQL                    - 
    select
        bc1_0.id,
        bc1_0.content_type,
        bc1_0.created_at,
        bc1_0.file_name,
        bc1_0.size 
    from
        discodeit.binary_contents bc1_0 
    where
        bc1_0.id=?
26-02-28 02:06:21.125 [main] TRACE org.hibernate.orm.jdbc.bind          - binding parameter (1:UUID) <- [3d37f716-bfe0-46fd-b7b3-4c85223e0456]
26-02-28 02:06:21.126 [main] DEBUG org.hibernate.SQL                    - 
    /* insert for
        com.sprint.mission.discodeit.entity.BinaryContent */insert 
    into
        discodeit.binary_contents (content_type, created_at, file_name, size, id) 
    values
        (?, ?, ?, ?, ?)
26-02-28 02:06:21.127 [main] TRACE org.hibernate.orm.jdbc.bind          - binding parameter (1:VARCHAR) <- [image/png]
26-02-28 02:06:21.127 [main] TRACE org.hibernate.orm.jdbc.bind          - binding parameter (2:TIMESTAMP_UTC) <- [2026-02-27T17:06:21.120146400Z]
26-02-28 02:06:21.127 [main] TRACE org.hibernate.orm.jdbc.bind          - binding parameter (3:VARCHAR) <- [woody.png]
26-02-28 02:06:21.127 [main] TRACE org.hibernate.orm.jdbc.bind          - binding parameter (4:BIGINT) <- [37190]
26-02-28 02:06:21.127 [main] TRACE org.hibernate.orm.jdbc.bind          - binding parameter (5:UUID) <- [5749ef8d-ad90-419b-91ae-b39a092ca286]
26-02-28 02:06:21.128 [main] DEBUG org.hibernate.SQL                    - 
    /* update
        for com.sprint.mission.discodeit.entity.User */update discodeit.users 
    set
        email=?,
        password=?,
        profile_id=?,
        updated_at=?,
        username=? 
    where
        id=?
26-02-28 02:06:21.130 [main] TRACE org.hibernate.orm.jdbc.bind          - binding parameter (1:VARCHAR) <- [woody@codeit.com]
26-02-28 02:06:21.130 [main] TRACE org.hibernate.orm.jdbc.bind          - binding parameter (2:VARCHAR) <- [password]
26-02-28 02:06:21.130 [main] TRACE org.hibernate.orm.jdbc.bind          - binding parameter (3:UUID) <- [5749ef8d-ad90-419b-91ae-b39a092ca286]
26-02-28 02:06:21.130 [main] TRACE org.hibernate.orm.jdbc.bind          - binding parameter (4:TIMESTAMP_UTC) <- [2026-02-27T17:06:21.126870300Z]
26-02-28 02:06:21.130 [main] TRACE org.hibernate.orm.jdbc.bind          - binding parameter (5:VARCHAR) <- [woody]
26-02-28 02:06:21.130 [main] TRACE org.hibernate.orm.jdbc.bind          - binding parameter (6:UUID) <- [00a68f1b-89f0-4564-a436-286212c41cc5]
26-02-28 02:06:21.131 [main] DEBUG org.hibernate.SQL                    - 
    /* delete for com.sprint.mission.discodeit.entity.BinaryContent */delete 
    from
        discodeit.binary_contents 
    where
        id=?
26-02-28 02:06:21.132 [main] TRACE org.hibernate.orm.jdbc.bind          - binding parameter (1:UUID) <- [3d37f716-bfe0-46fd-b7b3-4c85223e0456]
26-02-28 02:06:21.136 [main] INFO  c.s.m.d.config.DataInitializer       - Updated profile for seed user: woody
26-02-28 02:06:21.161 [main] DEBUG org.hibernate.SQL                    - 
    /* select
        count(*) 
    from
        Channel x */ select
            count(*) 
        from
            discodeit.channels c1_0
26-02-28 02:06:21.777 [main] WARN  o.s.b.a.o.j.JpaBaseConfiguration$JpaWebConfiguration - spring.jpa.open-in-view is enabled by default. Therefore, database queries may be performed during view rendering. Explicitly configure spring.jpa.open-in-view to disable this warning
26-02-28 02:06:21.833 [main] INFO  o.s.b.a.w.s.WelcomePageHandlerMapping - Adding welcome page: class path resource [static/index.html]
26-02-28 02:06:23.177 [main] INFO  o.s.b.a.e.web.EndpointLinksResolver  - Exposing 14 endpoints beneath base path '/actuator'
26-02-28 02:06:23.270 [main] WARN  o.s.b.w.s.c.AnnotationConfigServletWebServerApplicationContext - Exception encountered during context initialization - cancelling refresh attempt: org.springframework.context.ApplicationContextException: Failed to start bean 'webServerStartStop'
26-02-28 02:06:23.274 [main] INFO  o.s.o.j.LocalContainerEntityManagerFactoryBean - Closing JPA EntityManagerFactory for persistence unit 'default'
26-02-28 02:06:23.275 [main] INFO  com.zaxxer.hikari.HikariDataSource   - HikariPool-1 - Shutdown initiated...
26-02-28 02:06:23.281 [main] INFO  com.zaxxer.hikari.HikariDataSource   - HikariPool-1 - Shutdown completed.
26-02-28 06:26:08.177 [http-nio-8080-exec-4] INFO  o.a.coyote.http11.Http11Processor    - Error parsing HTTP request header
 Note: further occurrences of HTTP request parsing errors will be logged at DEBUG level.
java.lang.IllegalArgumentException: Invalid character found in method name [0x000x000x05d0x050xc90x000x000x000x006L0x05d0x050xc90x010x000x000x000xde0x8e0x05d0x050xc90x020x000x000x000x9f0x840x05d0x050xc90x030x000x000x00wF0x05d0x050xc90x040x000x000x000x1d0x900x05d0x050xc90x050x000x000x000xf5R0x05d0x050xc90x060x000x000x000xb4X0x05d0x050xc90x070x000x000x00\0x9a0x05d0x050xc90x080x000x000x000x190xb90x05d0x050xc90x090x000x000x000xf1{0x05d0x050xc90x0a0x000x000x000xb0q0x05d0x050xc90x0b0x000x000x00X0xb30x05d0x050xc90x0c0x000x000x002e0x05d0x050xc90x0d0x000x000x000xda0xa70x05d0x050xc90x0e0x000x000x000x9b0xad0x05d0x050xc90x0f0x000x000x00so0x05d0x050xc90x100x000x000x000x110xeb0x05d0x050xc90x110x000x000x000xf9)0x05d0x050xc90x120x000x000x000xb8#0x05d0x050xc90x130x000x000x00P0xe10x05d0x050xc90x140x000x000x00:70x05d0x050xc90x150x000x000x000xd20xf50x05d0x050xc90x160x000x000x000x930xff0x05d0x050xc90x170x000x000x00{=0x05d0x050xc90x180x000x000x00>0x1e0x05d0x050xc90x190x000x000x000xd60xdc0x05d0x050xc90x1a0x000x000x000x970xd60x05d0x050xc90x1b0x000x000x000x7f0x140x05d0x050xc90x1c0x000x000x000x150xc20x05d0x050xc90x1d0x000x000x000xfd0x000x05d0x050xc90x1e0x000x000x000xbc0x0a0x05d0x050xc90x1f0x000x000x00T0xc80x05d0x050xc9 ]. HTTP method names must be tokens
	at org.apache.coyote.http11.Http11InputBuffer.parseRequestLine(Http11InputBuffer.java:409)
	at org.apache.coyote.http11.Http11Processor.service(Http11Processor.java:270)
	at org.apache.coyote.AbstractProcessorLight.process(AbstractProcessorLight.java:63)
	at org.apache.coyote.AbstractProtocol$ConnectionHandler.process(AbstractProtocol.java:905)
	at org.apache.tomcat.util.net.NioEndpoint$SocketProcessor.doRun(NioEndpoint.java:1743)
	at org.apache.tomcat.util.net.SocketProcessorBase.run(SocketProcessorBase.java:52)
	at org.apache.tomcat.util.threads.ThreadPoolExecutor.runWorker(ThreadPoolExecutor.java:1190)
	at org.apache.tomcat.util.threads.ThreadPoolExecutor$Worker.run(ThreadPoolExecutor.java:659)
	at org.apache.tomcat.util.threads.TaskThread$WrappingRunnable.run(TaskThread.java:63)
	at java.base/java.lang.Thread.run(Thread.java:842)
26-02-28 06:26:08.258 [http-nio-8080-exec-2] INFO  o.a.coyote.http11.Http11Processor    - Error parsing HTTP request header
 Note: further occurrences of HTTP request parsing errors will be logged at DEBUG level.
java.lang.IllegalArgumentException: Invalid character found in the HTTP protocol [HTTP/1.1 0x0d0x0a0x0d0x0a...]
	at org.apache.coyote.http11.Http11InputBuffer.parseRequestLine(Http11InputBuffer.java:560)
	at org.apache.coyote.http11.Http11Processor.service(Http11Processor.java:270)
	at org.apache.coyote.AbstractProcessorLight.process(AbstractProcessorLight.java:63)
	at org.apache.coyote.AbstractProtocol$ConnectionHandler.process(AbstractProtocol.java:905)
	at org.apache.tomcat.util.net.NioEndpoint$SocketProcessor.doRun(NioEndpoint.java:1743)
	at org.apache.tomcat.util.net.SocketProcessorBase.run(SocketProcessorBase.java:52)
	at org.apache.tomcat.util.threads.ThreadPoolExecutor.runWorker(ThreadPoolExecutor.java:1190)
	at org.apache.tomcat.util.threads.ThreadPoolExecutor$Worker.run(ThreadPoolExecutor.java:659)
	at org.apache.tomcat.util.threads.TaskThread$WrappingRunnable.run(TaskThread.java:63)
	at java.base/java.lang.Thread.run(Thread.java:842)
26-02-28 06:26:08.177 [http-nio-8080-exec-10] INFO  o.a.coyote.http11.Http11Processor    - Error parsing HTTP request header
 Note: further occurrences of HTTP request parsing errors will be logged at DEBUG level.
java.lang.IllegalArgumentException: Invalid character found in method name [0x160x030x010x000xe80x010x000x000xe40x030x030xa0vi0xf40x96-W0x190xc80xb00x96MEe0xe80xb4B0x1f0x0e0xbc0x10lf0xec'7`)w0xa2x0x0e ]. HTTP method names must be tokens
	at org.apache.coyote.http11.Http11InputBuffer.parseRequestLine(Http11InputBuffer.java:409)
	at org.apache.coyote.http11.Http11Processor.service(Http11Processor.java:270)
	at org.apache.coyote.AbstractProcessorLight.process(AbstractProcessorLight.java:63)
	at org.apache.coyote.AbstractProtocol$ConnectionHandler.process(AbstractProtocol.java:905)
	at org.apache.tomcat.util.net.NioEndpoint$SocketProcessor.doRun(NioEndpoint.java:1743)
	at org.apache.tomcat.util.net.SocketProcessorBase.run(SocketProcessorBase.java:52)
	at org.apache.tomcat.util.threads.ThreadPoolExecutor.runWorker(ThreadPoolExecutor.java:1190)
	at org.apache.tomcat.util.threads.ThreadPoolExecutor$Worker.run(ThreadPoolExecutor.java:659)
	at org.apache.tomcat.util.threads.TaskThread$WrappingRunnable.run(TaskThread.java:63)
	at java.base/java.lang.Thread.run(Thread.java:842)
26-02-28 06:26:08.345 [http-nio-8080-exec-14] INFO  o.a.coyote.http11.Http11Processor    - Error parsing HTTP request header
 Note: further occurrences of HTTP request parsing errors will be logged at DEBUG level.
java.lang.IllegalArgumentException: Invalid character found in method name [0x160x030x010x00{0x010x000x00w0x030x03~hk0xe1aV0x980x1f0x1ac0xa7$0x900x8b0x96^mc0x97l.((0x160xbd0x1e60x17&#\(0x000x000x1a0xc0/0xc0+0xc00x110xc00x070xc00x130xc00x090xc00x140xc00x0a0x000x050x00/0x0050xc00x120x000x0a0x010x000x0040x000x050x000x050x010x000x000x000x000x000x0a0x000x080x000x060x000x170x000x180x000x190x000x0b0x000x020x010x000x000x0d0x000x100x000x0e0x040x010x040x030x020x010x020x030x040x010x050x010x060x010xff0x010x000x010x00...]. HTTP method names must be tokens
	at org.apache.coyote.http11.Http11InputBuffer.parseRequestLine(Http11InputBuffer.java:409)
	at org.apache.coyote.http11.Http11Processor.service(Http11Processor.java:270)
	at org.apache.coyote.AbstractProcessorLight.process(AbstractProcessorLight.java:63)
	at org.apache.coyote.AbstractProtocol$ConnectionHandler.process(AbstractProtocol.java:905)
	at org.apache.tomcat.util.net.NioEndpoint$SocketProcessor.doRun(NioEndpoint.java:1743)
	at org.apache.tomcat.util.net.SocketProcessorBase.run(SocketProcessorBase.java:52)
	at org.apache.tomcat.util.threads.ThreadPoolExecutor.runWorker(ThreadPoolExecutor.java:1190)
	at org.apache.tomcat.util.threads.ThreadPoolExecutor$Worker.run(ThreadPoolExecutor.java:659)
	at org.apache.tomcat.util.threads.TaskThread$WrappingRunnable.run(TaskThread.java:63)
	at java.base/java.lang.Thread.run(Thread.java:842)
26-02-28 06:26:08.645 [http-nio-8080-exec-18] INFO  o.a.coyote.http11.Http11Processor    - Error parsing HTTP request header
 Note: further occurrences of HTTP request parsing errors will be logged at DEBUG level.
java.lang.IllegalArgumentException: Invalid character found in method name [0x160x030x010x000xd20x010x000x000xce0x030x030x880xe9{0x150xa2160xad0xeb0xca0xda=C<0xefO0x8950xfe0xb60x8eV0xda0x000xd8>0xe186U0xa40x97 ]. HTTP method names must be tokens
	at org.apache.coyote.http11.Http11InputBuffer.parseRequestLine(Http11InputBuffer.java:409)
	at org.apache.coyote.http11.Http11Processor.service(Http11Processor.java:270)
	at org.apache.coyote.AbstractProcessorLight.process(AbstractProcessorLight.java:63)
	at org.apache.coyote.AbstractProtocol$ConnectionHandler.process(AbstractProtocol.java:905)
	at org.apache.tomcat.util.net.NioEndpoint$SocketProcessor.doRun(NioEndpoint.java:1743)
	at org.apache.tomcat.util.net.SocketProcessorBase.run(SocketProcessorBase.java:52)
	at org.apache.tomcat.util.threads.ThreadPoolExecutor.runWorker(ThreadPoolExecutor.java:1190)
	at org.apache.tomcat.util.threads.ThreadPoolExecutor$Worker.run(ThreadPoolExecutor.java:659)
	at org.apache.tomcat.util.threads.TaskThread$WrappingRunnable.run(TaskThread.java:63)
	at java.base/java.lang.Thread.run(Thread.java:842)
26-02-28 06:26:09.036 [http-nio-8080-exec-23] INFO  o.a.coyote.http11.Http11Processor    - Error parsing HTTP request header
 Note: further occurrences of HTTP request parsing errors will be logged at DEBUG level.
java.lang.IllegalArgumentException: Invalid character found in method name [SSH-2.0-Go0x0d0x0a...]. HTTP method names must be tokens
	at org.apache.coyote.http11.Http11InputBuffer.parseRequestLine(Http11InputBuffer.java:409)
	at org.apache.coyote.http11.Http11Processor.service(Http11Processor.java:270)
	at org.apache.coyote.AbstractProcessorLight.process(AbstractProcessorLight.java:63)
	at org.apache.coyote.AbstractProtocol$ConnectionHandler.process(AbstractProtocol.java:905)
	at org.apache.tomcat.util.net.NioEndpoint$SocketProcessor.doRun(NioEndpoint.java:1743)
	at org.apache.tomcat.util.net.SocketProcessorBase.run(SocketProcessorBase.java:52)
	at org.apache.tomcat.util.threads.ThreadPoolExecutor.runWorker(ThreadPoolExecutor.java:1190)
	at org.apache.tomcat.util.threads.ThreadPoolExecutor$Worker.run(ThreadPoolExecutor.java:659)
	at org.apache.tomcat.util.threads.TaskThread$WrappingRunnable.run(TaskThread.java:63)
	at java.base/java.lang.Thread.run(Thread.java:842)
26-02-28 11:26:13.473 [http-nio-8080-exec-36] INFO  o.a.coyote.http11.Http11Processor    - Error parsing HTTP request header
 Note: further occurrences of HTTP request parsing errors will be logged at DEBUG level.
java.lang.IllegalArgumentException: Invalid character found in method name [0x160x030x010x020x000x010x000x010xfc0x030x030x0e0x8d0xe20xd90x03*#0x9e0x8d30x060xa70xf50xd60xdc0xcf*0xb60x99u0xf50x030x9f0xcd0xc20xdaxR0x170xed0xac0xc1 ]. HTTP method names must be tokens
	at org.apache.coyote.http11.Http11InputBuffer.parseRequestLine(Http11InputBuffer.java:409)
	at org.apache.coyote.http11.Http11Processor.service(Http11Processor.java:270)
	at org.apache.coyote.AbstractProcessorLight.process(AbstractProcessorLight.java:63)
	at org.apache.coyote.AbstractProtocol$ConnectionHandler.process(AbstractProtocol.java:905)
	at org.apache.tomcat.util.net.NioEndpoint$SocketProcessor.doRun(NioEndpoint.java:1743)
	at org.apache.tomcat.util.net.SocketProcessorBase.run(SocketProcessorBase.java:52)
	at org.apache.tomcat.util.threads.ThreadPoolExecutor.runWorker(ThreadPoolExecutor.java:1190)
	at org.apache.tomcat.util.threads.ThreadPoolExecutor$Worker.run(ThreadPoolExecutor.java:659)
	at org.apache.tomcat.util.threads.TaskThread$WrappingRunnable.run(TaskThread.java:63)
	at java.base/java.lang.Thread.run(Thread.java:842)
26-02-28 11:26:14.827 [http-nio-8080-exec-5] ERROR c.s.m.d.e.GlobalExceptionHandler     - Unhandled exception
org.apache.catalina.connector.ClientAbortException: java.io.IOException: ÇöÀç ¿¬°áÀº »ç¿ëÀÚÀÇ È£½ºÆ® ½Ã½ºÅÛÀÇ ¼ÒÇÁÆ®¿þ¾îÀÇ ÀÇÇØ Áß´ÜµÇ¾ú½À´Ï´Ù
	at org.apache.catalina.connector.OutputBuffer.doFlush(OutputBuffer.java:308)
	at org.apache.catalina.connector.OutputBuffer.flush(OutputBuffer.java:270)
	at org.apache.catalina.connector.CoyoteOutputStream.flush(CoyoteOutputStream.java:133)
	at org.springframework.http.converter.ResourceHttpMessageConverter.writeContent(ResourceHttpMessageConverter.java:161)
	at org.springframework.http.converter.ResourceHttpMessageConverter.writeInternal(ResourceHttpMessageConverter.java:115)
	at org.springframework.http.converter.ResourceHttpMessageConverter.writeInternal(ResourceHttpMessageConverter.java:46)
	at org.springframework.http.converter.AbstractHttpMessageConverter.write(AbstractHttpMessageConverter.java:235)
	at org.springframework.web.servlet.resource.ResourceHttpRequestHandler.handleRequest(ResourceHttpRequestHandler.java:621)
	at org.springframework.web.servlet.mvc.HttpRequestHandlerAdapter.handle(HttpRequestHandlerAdapter.java:52)
	at org.springframework.web.servlet.DispatcherServlet.doDispatch(DispatcherServlet.java:1088)
	at org.springframework.web.servlet.DispatcherServlet.doService(DispatcherServlet.java:978)
	at org.springframework.web.servlet.FrameworkServlet.processRequest(FrameworkServlet.java:1014)
	at org.springframework.web.servlet.FrameworkServlet.doGet(FrameworkServlet.java:903)
	at jakarta.servlet.http.HttpServlet.service(HttpServlet.java:564)
	at org.springframework.web.servlet.FrameworkServlet.service(FrameworkServlet.java:885)
	at jakarta.servlet.http.HttpServlet.service(HttpServlet.java:658)
	at org.apache.catalina.core.ApplicationFilterChain.internalDoFilter(ApplicationFilterChain.java:195)
	at org.apache.catalina.core.ApplicationFilterChain.doFilter(ApplicationFilterChain.java:140)
	at org.apache.tomcat.websocket.server.WsFilter.doFilter(WsFilter.java:51)
	at org.apache.catalina.core.ApplicationFilterChain.internalDoFilter(ApplicationFilterChain.java:164)
	at org.apache.catalina.core.ApplicationFilterChain.doFilter(ApplicationFilterChain.java:140)
	at org.springframework.web.filter.OncePerRequestFilter.doFilter(OncePerRequestFilter.java:110)
	at org.apache.catalina.core.ApplicationFilterChain.internalDoFilter(ApplicationFilterChain.java:164)
	at org.apache.catalina.core.ApplicationFilterChain.doFilter(ApplicationFilterChain.java:140)
	at org.springframework.web.filter.OncePerRequestFilter.doFilter(OncePerRequestFilter.java:110)
	at org.apache.catalina.core.ApplicationFilterChain.internalDoFilter(ApplicationFilterChain.java:164)
	at org.apache.catalina.core.ApplicationFilterChain.doFilter(ApplicationFilterChain.java:140)
	at org.springframework.web.filter.OncePerRequestFilter.doFilter(OncePerRequestFilter.java:110)
	at org.apache.catalina.core.ApplicationFilterChain.internalDoFilter(ApplicationFilterChain.java:164)
	at org.apache.catalina.core.ApplicationFilterChain.doFilter(ApplicationFilterChain.java:140)
	at org.apache.catalina.core.ApplicationDispatcher.invoke(ApplicationDispatcher.java:633)
	at org.apache.catalina.core.ApplicationDispatcher.processRequest(ApplicationDispatcher.java:409)
	at org.apache.catalina.core.ApplicationDispatcher.doForward(ApplicationDispatcher.java:331)
	at org.apache.catalina.core.ApplicationDispatcher.forward(ApplicationDispatcher.java:268)
	at org.springframework.web.servlet.view.InternalResourceView.renderMergedOutputModel(InternalResourceView.java:171)
	at org.springframework.web.servlet.view.AbstractView.render(AbstractView.java:314)
	at org.springframework.web.servlet.DispatcherServlet.render(DispatcherServlet.java:1435)
	at org.springframework.web.servlet.DispatcherServlet.processDispatchResult(DispatcherServlet.java:1167)
	at org.springframework.web.servlet.DispatcherServlet.doDispatch(DispatcherServlet.java:1105)
	at org.springframework.web.servlet.DispatcherServlet.doService(DispatcherServlet.java:978)
	at org.springframework.web.servlet.FrameworkServlet.processRequest(FrameworkServlet.java:1014)
	at org.springframework.web.servlet.FrameworkServlet.doGet(FrameworkServlet.java:903)
	at jakarta.servlet.http.HttpServlet.service(HttpServlet.java:564)
	at org.springframework.web.servlet.FrameworkServlet.service(FrameworkServlet.java:885)
	at jakarta.servlet.http.HttpServlet.service(HttpServlet.java:658)
	at org.apache.catalina.core.ApplicationFilterChain.internalDoFilter(ApplicationFilterChain.java:195)
	at org.apache.catalina.core.ApplicationFilterChain.doFilter(ApplicationFilterChain.java:140)
	at org.apache.tomcat.websocket.server.WsFilter.doFilter(WsFilter.java:51)
	at org.apache.catalina.core.ApplicationFilterChain.internalDoFilter(ApplicationFilterChain.java:164)
	at org.apache.catalina.core.ApplicationFilterChain.doFilter(ApplicationFilterChain.java:140)
	at org.springframework.web.filter.RequestContextFilter.doFilterInternal(RequestContextFilter.java:100)
	at org.springframework.web.filter.OncePerRequestFilter.doFilter(OncePerRequestFilter.java:116)
	at org.apache.catalina.core.ApplicationFilterChain.internalDoFilter(ApplicationFilterChain.java:164)
	at org.apache.catalina.core.ApplicationFilterChain.doFilter(ApplicationFilterChain.java:140)
	at org.springframework.web.filter.FormContentFilter.doFilterInternal(FormContentFilter.java:93)
	at org.springframework.web.filter.OncePerRequestFilter.doFilter(OncePerRequestFilter.java:116)
	at org.apache.catalina.core.ApplicationFilterChain.internalDoFilter(ApplicationFilterChain.java:164)
	at org.apache.catalina.core.ApplicationFilterChain.doFilter(ApplicationFilterChain.java:140)
	at org.springframework.web.filter.ServerHttpObservationFilter.doFilterInternal(ServerHttpObservationFilter.java:114)
	at org.springframework.web.filter.OncePerRequestFilter.doFilter(OncePerRequestFilter.java:116)
	at org.apache.catalina.core.ApplicationFilterChain.internalDoFilter(ApplicationFilterChain.java:164)
	at org.apache.catalina.core.ApplicationFilterChain.doFilter(ApplicationFilterChain.java:140)
	at org.springframework.web.filter.CharacterEncodingFilter.doFilterInternal(CharacterEncodingFilter.java:201)
	at org.springframework.web.filter.OncePerRequestFilter.doFilter(OncePerRequestFilter.java:116)
	at org.apache.catalina.core.ApplicationFilterChain.internalDoFilter(ApplicationFilterChain.java:164)
	at org.apache.catalina.core.ApplicationFilterChain.doFilter(ApplicationFilterChain.java:140)
	at org.apache.catalina.core.StandardWrapperValve.invoke(StandardWrapperValve.java:167)
	at org.apache.catalina.core.StandardContextValve.invoke(StandardContextValve.java:90)
	at org.apache.catalina.authenticator.AuthenticatorBase.invoke(AuthenticatorBase.java:483)
	at org.apache.catalina.core.StandardHostValve.invoke(StandardHostValve.java:115)
	at org.apache.catalina.valves.ErrorReportValve.invoke(ErrorReportValve.java:93)
	at org.apache.catalina.core.StandardEngineValve.invoke(StandardEngineValve.java:74)
	at org.apache.catalina.connector.CoyoteAdapter.service(CoyoteAdapter.java:344)
	at org.apache.coyote.http11.Http11Processor.service(Http11Processor.java:397)
	at org.apache.coyote.AbstractProcessorLight.process(AbstractProcessorLight.java:63)
	at org.apache.coyote.AbstractProtocol$ConnectionHandler.process(AbstractProtocol.java:905)
	at org.apache.tomcat.util.net.NioEndpoint$SocketProcessor.doRun(NioEndpoint.java:1743)
	at org.apache.tomcat.util.net.SocketProcessorBase.run(SocketProcessorBase.java:52)
	at org.apache.tomcat.util.threads.ThreadPoolExecutor.runWorker(ThreadPoolExecutor.java:1190)
	at org.apache.tomcat.util.threads.ThreadPoolExecutor$Worker.run(ThreadPoolExecutor.java:659)
	at org.apache.tomcat.util.threads.TaskThread$WrappingRunnable.run(TaskThread.java:63)
	at java.base/java.lang.Thread.run(Thread.java:842)
Caused by: java.io.IOException: ÇöÀç ¿¬°áÀº »ç¿ëÀÚÀÇ È£½ºÆ® ½Ã½ºÅÛÀÇ ¼ÒÇÁÆ®¿þ¾îÀÇ ÀÇÇØ Áß´ÜµÇ¾ú½À´Ï´Ù
	at java.base/sun.nio.ch.SocketDispatcher.write0(Native Method)
	at java.base/sun.nio.ch.SocketDispatcher.write(SocketDispatcher.java:54)
	at java.base/sun.nio.ch.IOUtil.writeFromNativeBuffer(IOUtil.java:132)
	at java.base/sun.nio.ch.IOUtil.write(IOUtil.java:97)
	at java.base/sun.nio.ch.IOUtil.write(IOUtil.java:53)
	at java.base/sun.nio.ch.SocketChannelImpl.write(SocketChannelImpl.java:532)
	at org.apache.tomcat.util.net.NioChannel.write(NioChannel.java:122)
	at org.apache.tomcat.util.net.NioEndpoint$NioSocketWrapper.doWrite(NioEndpoint.java:1380)
	at org.apache.tomcat.util.net.SocketWrapperBase.doWrite(SocketWrapperBase.java:764)
	at org.apache.tomcat.util.net.SocketWrapperBase.flushBlocking(SocketWrapperBase.java:728)
	at org.apache.tomcat.util.net.SocketWrapperBase.flush(SocketWrapperBase.java:712)
	at org.apache.coyote.http11.Http11OutputBuffer$SocketOutputBuffer.flush(Http11OutputBuffer.java:574)
	at org.apache.coyote.http11.filters.IdentityOutputFilter.flush(IdentityOutputFilter.java:117)
	at org.apache.coyote.http11.Http11OutputBuffer.flush(Http11OutputBuffer.java:216)
	at org.apache.coyote.http11.Http11Processor.flush(Http11Processor.java:1274)
	at org.apache.coyote.AbstractProcessor.action(AbstractProcessor.java:408)
	at org.apache.coyote.Response.action(Response.java:208)
	at org.apache.catalina.connector.OutputBuffer.doFlush(OutputBuffer.java:304)
	... 81 common frames omitted
26-02-28 11:26:14.828 [http-nio-8080-exec-12] ERROR c.s.m.d.e.GlobalExceptionHandler     - Unhandled exception
org.apache.catalina.connector.ClientAbortException: java.io.IOException: ÇöÀç ¿¬°áÀº »ç¿ëÀÚÀÇ È£½ºÆ® ½Ã½ºÅÛÀÇ ¼ÒÇÁÆ®¿þ¾îÀÇ ÀÇÇØ Áß´ÜµÇ¾ú½À´Ï´Ù
	at org.apache.catalina.connector.OutputBuffer.doFlush(OutputBuffer.java:308)
	at org.apache.catalina.connector.OutputBuffer.flush(OutputBuffer.java:270)
	at org.apache.catalina.connector.CoyoteOutputStream.flush(CoyoteOutputStream.java:133)
	at org.springframework.http.converter.ResourceHttpMessageConverter.writeContent(ResourceHttpMessageConverter.java:161)
	at org.springframework.http.converter.ResourceHttpMessageConverter.writeInternal(ResourceHttpMessageConverter.java:115)
	at org.springframework.http.converter.ResourceHttpMessageConverter.writeInternal(ResourceHttpMessageConverter.java:46)
	at org.springframework.http.converter.AbstractHttpMessageConverter.write(AbstractHttpMessageConverter.java:235)
	at org.springframework.web.servlet.resource.ResourceHttpRequestHandler.handleRequest(ResourceHttpRequestHandler.java:621)
	at org.springframework.web.servlet.mvc.HttpRequestHandlerAdapter.handle(HttpRequestHandlerAdapter.java:52)
	at org.springframework.web.servlet.DispatcherServlet.doDispatch(DispatcherServlet.java:1088)
	at org.springframework.web.servlet.DispatcherServlet.doService(DispatcherServlet.java:978)
	at org.springframework.web.servlet.FrameworkServlet.processRequest(FrameworkServlet.java:1014)
	at org.springframework.web.servlet.FrameworkServlet.doGet(FrameworkServlet.java:903)
	at jakarta.servlet.http.HttpServlet.service(HttpServlet.java:564)
	at org.springframework.web.servlet.FrameworkServlet.service(FrameworkServlet.java:885)
	at jakarta.servlet.http.HttpServlet.service(HttpServlet.java:658)
	at org.apache.catalina.core.ApplicationFilterChain.internalDoFilter(ApplicationFilterChain.java:195)
	at org.apache.catalina.core.ApplicationFilterChain.doFilter(ApplicationFilterChain.java:140)
	at org.apache.tomcat.websocket.server.WsFilter.doFilter(WsFilter.java:51)
	at org.apache.catalina.core.ApplicationFilterChain.internalDoFilter(ApplicationFilterChain.java:164)
	at org.apache.catalina.core.ApplicationFilterChain.doFilter(ApplicationFilterChain.java:140)
	at org.springframework.web.filter.OncePerRequestFilter.doFilter(OncePerRequestFilter.java:110)
	at org.apache.catalina.core.ApplicationFilterChain.internalDoFilter(ApplicationFilterChain.java:164)
	at org.apache.catalina.core.ApplicationFilterChain.doFilter(ApplicationFilterChain.java:140)
	at org.springframework.web.filter.OncePerRequestFilter.doFilter(OncePerRequestFilter.java:110)
	at org.apache.catalina.core.ApplicationFilterChain.internalDoFilter(ApplicationFilterChain.java:164)
	at org.apache.catalina.core.ApplicationFilterChain.doFilter(ApplicationFilterChain.java:140)
	at org.springframework.web.filter.OncePerRequestFilter.doFilter(OncePerRequestFilter.java:110)
	at org.apache.catalina.core.ApplicationFilterChain.internalDoFilter(ApplicationFilterChain.java:164)
	at org.apache.catalina.core.ApplicationFilterChain.doFilter(ApplicationFilterChain.java:140)
	at org.apache.catalina.core.ApplicationDispatcher.invoke(ApplicationDispatcher.java:633)
	at org.apache.catalina.core.ApplicationDispatcher.processRequest(ApplicationDispatcher.java:409)
	at org.apache.catalina.core.ApplicationDispatcher.doForward(ApplicationDispatcher.java:331)
	at org.apache.catalina.core.ApplicationDispatcher.forward(ApplicationDispatcher.java:268)
	at org.springframework.web.servlet.view.InternalResourceView.renderMergedOutputModel(InternalResourceView.java:171)
	at org.springframework.web.servlet.view.AbstractView.render(AbstractView.java:314)
	at org.springframework.web.servlet.DispatcherServlet.render(DispatcherServlet.java:1435)
	at org.springframework.web.servlet.DispatcherServlet.processDispatchResult(DispatcherServlet.java:1167)
	at org.springframework.web.servlet.DispatcherServlet.doDispatch(DispatcherServlet.java:1105)
	at org.springframework.web.servlet.DispatcherServlet.doService(DispatcherServlet.java:978)
	at org.springframework.web.servlet.FrameworkServlet.processRequest(FrameworkServlet.java:1014)
	at org.springframework.web.servlet.FrameworkServlet.doGet(FrameworkServlet.java:903)
	at jakarta.servlet.http.HttpServlet.service(HttpServlet.java:564)
	at org.springframework.web.servlet.FrameworkServlet.service(FrameworkServlet.java:885)
	at jakarta.servlet.http.HttpServlet.service(HttpServlet.java:658)
	at org.apache.catalina.core.ApplicationFilterChain.internalDoFilter(ApplicationFilterChain.java:195)
	at org.apache.catalina.core.ApplicationFilterChain.doFilter(ApplicationFilterChain.java:140)
	at org.apache.tomcat.websocket.server.WsFilter.doFilter(WsFilter.java:51)
	at org.apache.catalina.core.ApplicationFilterChain.internalDoFilter(ApplicationFilterChain.java:164)
	at org.apache.catalina.core.ApplicationFilterChain.doFilter(ApplicationFilterChain.java:140)
	at org.springframework.web.filter.RequestContextFilter.doFilterInternal(RequestContextFilter.java:100)
	at org.springframework.web.filter.OncePerRequestFilter.doFilter(OncePerRequestFilter.java:116)
	at org.apache.catalina.core.ApplicationFilterChain.internalDoFilter(ApplicationFilterChain.java:164)
	at org.apache.catalina.core.ApplicationFilterChain.doFilter(ApplicationFilterChain.java:140)
	at org.springframework.web.filter.FormContentFilter.doFilterInternal(FormContentFilter.java:93)
	at org.springframework.web.filter.OncePerRequestFilter.doFilter(OncePerRequestFilter.java:116)
	at org.apache.catalina.core.ApplicationFilterChain.internalDoFilter(ApplicationFilterChain.java:164)
	at org.apache.catalina.core.ApplicationFilterChain.doFilter(ApplicationFilterChain.java:140)
	at org.springframework.web.filter.ServerHttpObservationFilter.doFilterInternal(ServerHttpObservationFilter.java:114)
	at org.springframework.web.filter.OncePerRequestFilter.doFilter(OncePerRequestFilter.java:116)
	at org.apache.catalina.core.ApplicationFilterChain.internalDoFilter(ApplicationFilterChain.java:164)
	at org.apache.catalina.core.ApplicationFilterChain.doFilter(ApplicationFilterChain.java:140)
	at org.springframework.web.filter.CharacterEncodingFilter.doFilterInternal(CharacterEncodingFilter.java:201)
	at org.springframework.web.filter.OncePerRequestFilter.doFilter(OncePerRequestFilter.java:116)
	at org.apache.catalina.core.ApplicationFilterChain.internalDoFilter(ApplicationFilterChain.java:164)
	at org.apache.catalina.core.ApplicationFilterChain.doFilter(ApplicationFilterChain.java:140)
	at org.apache.catalina.core.StandardWrapperValve.invoke(StandardWrapperValve.java:167)
	at org.apache.catalina.core.StandardContextValve.invoke(StandardContextValve.java:90)
	at org.apache.catalina.authenticator.AuthenticatorBase.invoke(AuthenticatorBase.java:483)
	at org.apache.catalina.core.StandardHostValve.invoke(StandardHostValve.java:115)
	at org.apache.catalina.valves.ErrorReportValve.invoke(ErrorReportValve.java:93)
	at org.apache.catalina.core.StandardEngineValve.invoke(StandardEngineValve.java:74)
	at org.apache.catalina.connector.CoyoteAdapter.service(CoyoteAdapter.java:344)
	at org.apache.coyote.http11.Http11Processor.service(Http11Processor.java:397)
	at org.apache.coyote.AbstractProcessorLight.process(AbstractProcessorLight.java:63)
	at org.apache.coyote.AbstractProtocol$ConnectionHandler.process(AbstractProtocol.java:905)
	at org.apache.tomcat.util.net.NioEndpoint$SocketProcessor.doRun(NioEndpoint.java:1743)
	at org.apache.tomcat.util.net.SocketProcessorBase.run(SocketProcessorBase.java:52)
	at org.apache.tomcat.util.threads.ThreadPoolExecutor.runWorker(ThreadPoolExecutor.java:1190)
	at org.apache.tomcat.util.threads.ThreadPoolExecutor$Worker.run(ThreadPoolExecutor.java:659)
	at org.apache.tomcat.util.threads.TaskThread$WrappingRunnable.run(TaskThread.java:63)
	at java.base/java.lang.Thread.run(Thread.java:842)
Caused by: java.io.IOException: ÇöÀç ¿¬°áÀº »ç¿ëÀÚÀÇ È£½ºÆ® ½Ã½ºÅÛÀÇ ¼ÒÇÁÆ®¿þ¾îÀÇ ÀÇÇØ Áß´ÜµÇ¾ú½À´Ï´Ù
	at java.base/sun.nio.ch.SocketDispatcher.write0(Native Method)
	at java.base/sun.nio.ch.SocketDispatcher.write(SocketDispatcher.java:54)
	at java.base/sun.nio.ch.IOUtil.writeFromNativeBuffer(IOUtil.java:132)
	at java.base/sun.nio.ch.IOUtil.write(IOUtil.java:97)
	at java.base/sun.nio.ch.IOUtil.write(IOUtil.java:53)
	at java.base/sun.nio.ch.SocketChannelImpl.write(SocketChannelImpl.java:532)
	at org.apache.tomcat.util.net.NioChannel.write(NioChannel.java:122)
	at org.apache.tomcat.util.net.NioEndpoint$NioSocketWrapper.doWrite(NioEndpoint.java:1380)
	at org.apache.tomcat.util.net.SocketWrapperBase.doWrite(SocketWrapperBase.java:764)
	at org.apache.tomcat.util.net.SocketWrapperBase.flushBlocking(SocketWrapperBase.java:728)
	at org.apache.tomcat.util.net.SocketWrapperBase.flush(SocketWrapperBase.java:712)
	at org.apache.coyote.http11.Http11OutputBuffer$SocketOutputBuffer.flush(Http11OutputBuffer.java:574)
	at org.apache.coyote.http11.filters.IdentityOutputFilter.flush(IdentityOutputFilter.java:117)
	at org.apache.coyote.http11.Http11OutputBuffer.flush(Http11OutputBuffer.java:216)
	at org.apache.coyote.http11.Http11Processor.flush(Http11Processor.java:1274)
	at org.apache.coyote.AbstractProcessor.action(AbstractProcessor.java:408)
	at org.apache.coyote.Response.action(Response.java:208)
	at org.apache.catalina.connector.OutputBuffer.doFlush(OutputBuffer.java:304)
	... 81 common frames omitted
26-02-28 11:26:14.828 [http-nio-8080-exec-37] ERROR c.s.m.d.e.GlobalExceptionHandler     - Unhandled exception
org.apache.catalina.connector.ClientAbortException: java.io.IOException: ÇöÀç ¿¬°áÀº »ç¿ëÀÚÀÇ È£½ºÆ® ½Ã½ºÅÛÀÇ ¼ÒÇÁÆ®¿þ¾îÀÇ ÀÇÇØ Áß´ÜµÇ¾ú½À´Ï´Ù
	at org.apache.catalina.connector.OutputBuffer.doFlush(OutputBuffer.java:308)
	at org.apache.catalina.connector.OutputBuffer.flush(OutputBuffer.java:270)
	at org.apache.catalina.connector.CoyoteOutputStream.flush(CoyoteOutputStream.java:133)
	at org.springframework.http.converter.ResourceHttpMessageConverter.writeContent(ResourceHttpMessageConverter.java:161)
	at org.springframework.http.converter.ResourceHttpMessageConverter.writeInternal(ResourceHttpMessageConverter.java:115)
	at org.springframework.http.converter.ResourceHttpMessageConverter.writeInternal(ResourceHttpMessageConverter.java:46)
	at org.springframework.http.converter.AbstractHttpMessageConverter.write(AbstractHttpMessageConverter.java:235)
	at org.springframework.web.servlet.resource.ResourceHttpRequestHandler.handleRequest(ResourceHttpRequestHandler.java:621)
	at org.springframework.web.servlet.mvc.HttpRequestHandlerAdapter.handle(HttpRequestHandlerAdapter.java:52)
	at org.springframework.web.servlet.DispatcherServlet.doDispatch(DispatcherServlet.java:1088)
	at org.springframework.web.servlet.DispatcherServlet.doService(DispatcherServlet.java:978)
	at org.springframework.web.servlet.FrameworkServlet.processRequest(FrameworkServlet.java:1014)
	at org.springframework.web.servlet.FrameworkServlet.doGet(FrameworkServlet.java:903)
	at jakarta.servlet.http.HttpServlet.service(HttpServlet.java:564)
	at org.springframework.web.servlet.FrameworkServlet.service(FrameworkServlet.java:885)
	at jakarta.servlet.http.HttpServlet.service(HttpServlet.java:658)
	at org.apache.catalina.core.ApplicationFilterChain.internalDoFilter(ApplicationFilterChain.java:195)
	at org.apache.catalina.core.ApplicationFilterChain.doFilter(ApplicationFilterChain.java:140)
	at org.apache.tomcat.websocket.server.WsFilter.doFilter(WsFilter.java:51)
	at org.apache.catalina.core.ApplicationFilterChain.internalDoFilter(ApplicationFilterChain.java:164)
	at org.apache.catalina.core.ApplicationFilterChain.doFilter(ApplicationFilterChain.java:140)
	at org.springframework.web.filter.OncePerRequestFilter.doFilter(OncePerRequestFilter.java:110)
	at org.apache.catalina.core.ApplicationFilterChain.internalDoFilter(ApplicationFilterChain.java:164)
	at org.apache.catalina.core.ApplicationFilterChain.doFilter(ApplicationFilterChain.java:140)
	at org.springframework.web.filter.OncePerRequestFilter.doFilter(OncePerRequestFilter.java:110)
	at org.apache.catalina.core.ApplicationFilterChain.internalDoFilter(ApplicationFilterChain.java:164)
	at org.apache.catalina.core.ApplicationFilterChain.doFilter(ApplicationFilterChain.java:140)
	at org.springframework.web.filter.OncePerRequestFilter.doFilter(OncePerRequestFilter.java:110)
	at org.apache.catalina.core.ApplicationFilterChain.internalDoFilter(ApplicationFilterChain.java:164)
	at org.apache.catalina.core.ApplicationFilterChain.doFilter(ApplicationFilterChain.java:140)
	at org.apache.catalina.core.ApplicationDispatcher.invoke(ApplicationDispatcher.java:633)
	at org.apache.catalina.core.ApplicationDispatcher.processRequest(ApplicationDispatcher.java:409)
	at org.apache.catalina.core.ApplicationDispatcher.doForward(ApplicationDispatcher.java:331)
	at org.apache.catalina.core.ApplicationDispatcher.forward(ApplicationDispatcher.java:268)
	at org.springframework.web.servlet.view.InternalResourceView.renderMergedOutputModel(InternalResourceView.java:171)
	at org.springframework.web.servlet.view.AbstractView.render(AbstractView.java:314)
	at org.springframework.web.servlet.DispatcherServlet.render(DispatcherServlet.java:1435)
	at org.springframework.web.servlet.DispatcherServlet.processDispatchResult(DispatcherServlet.java:1167)
	at org.springframework.web.servlet.DispatcherServlet.doDispatch(DispatcherServlet.java:1105)
	at org.springframework.web.servlet.DispatcherServlet.doService(DispatcherServlet.java:978)
	at org.springframework.web.servlet.FrameworkServlet.processRequest(FrameworkServlet.java:1014)
	at org.springframework.web.servlet.FrameworkServlet.doGet(FrameworkServlet.java:903)
	at jakarta.servlet.http.HttpServlet.service(HttpServlet.java:564)
	at org.springframework.web.servlet.FrameworkServlet.service(FrameworkServlet.java:885)
	at jakarta.servlet.http.HttpServlet.service(HttpServlet.java:658)
	at org.apache.catalina.core.ApplicationFilterChain.internalDoFilter(ApplicationFilterChain.java:195)
	at org.apache.catalina.core.ApplicationFilterChain.doFilter(ApplicationFilterChain.java:140)
	at org.apache.tomcat.websocket.server.WsFilter.doFilter(WsFilter.java:51)
	at org.apache.catalina.core.ApplicationFilterChain.internalDoFilter(ApplicationFilterChain.java:164)
	at org.apache.catalina.core.ApplicationFilterChain.doFilter(ApplicationFilterChain.java:140)
	at org.springframework.web.filter.RequestContextFilter.doFilterInternal(RequestContextFilter.java:100)
	at org.springframework.web.filter.OncePerRequestFilter.doFilter(OncePerRequestFilter.java:116)
	at org.apache.catalina.core.ApplicationFilterChain.internalDoFilter(ApplicationFilterChain.java:164)
	at org.apache.catalina.core.ApplicationFilterChain.doFilter(ApplicationFilterChain.java:140)
	at org.springframework.web.filter.FormContentFilter.doFilterInternal(FormContentFilter.java:93)
	at org.springframework.web.filter.OncePerRequestFilter.doFilter(OncePerRequestFilter.java:116)
	at org.apache.catalina.core.ApplicationFilterChain.internalDoFilter(ApplicationFilterChain.java:164)
	at org.apache.catalina.core.ApplicationFilterChain.doFilter(ApplicationFilterChain.java:140)
	at org.springframework.web.filter.ServerHttpObservationFilter.doFilterInternal(ServerHttpObservationFilter.java:114)
	at org.springframework.web.filter.OncePerRequestFilter.doFilter(OncePerRequestFilter.java:116)
	at org.apache.catalina.core.ApplicationFilterChain.internalDoFilter(ApplicationFilterChain.java:164)
	at org.apache.catalina.core.ApplicationFilterChain.doFilter(ApplicationFilterChain.java:140)
	at org.springframework.web.filter.CharacterEncodingFilter.doFilterInternal(CharacterEncodingFilter.java:201)
	at org.springframework.web.filter.OncePerRequestFilter.doFilter(OncePerRequestFilter.java:116)
	at org.apache.catalina.core.ApplicationFilterChain.internalDoFilter(ApplicationFilterChain.java:164)
	at org.apache.catalina.core.ApplicationFilterChain.doFilter(ApplicationFilterChain.java:140)
	at org.apache.catalina.core.StandardWrapperValve.invoke(StandardWrapperValve.java:167)
	at org.apache.catalina.core.StandardContextValve.invoke(StandardContextValve.java:90)
	at org.apache.catalina.authenticator.AuthenticatorBase.invoke(AuthenticatorBase.java:483)
	at org.apache.catalina.core.StandardHostValve.invoke(StandardHostValve.java:115)
	at org.apache.catalina.valves.ErrorReportValve.invoke(ErrorReportValve.java:93)
	at org.apache.catalina.core.StandardEngineValve.invoke(StandardEngineValve.java:74)
	at org.apache.catalina.connector.CoyoteAdapter.service(CoyoteAdapter.java:344)
	at org.apache.coyote.http11.Http11Processor.service(Http11Processor.java:397)
	at org.apache.coyote.AbstractProcessorLight.process(AbstractProcessorLight.java:63)
	at org.apache.coyote.AbstractProtocol$ConnectionHandler.process(AbstractProtocol.java:905)
	at org.apache.tomcat.util.net.NioEndpoint$SocketProcessor.doRun(NioEndpoint.java:1743)
	at org.apache.tomcat.util.net.SocketProcessorBase.run(SocketProcessorBase.java:52)
	at org.apache.tomcat.util.threads.ThreadPoolExecutor.runWorker(ThreadPoolExecutor.java:1190)
	at org.apache.tomcat.util.threads.ThreadPoolExecutor$Worker.run(ThreadPoolExecutor.java:659)
	at org.apache.tomcat.util.threads.TaskThread$WrappingRunnable.run(TaskThread.java:63)
	at java.base/java.lang.Thread.run(Thread.java:842)
Caused by: java.io.IOException: ÇöÀç ¿¬°áÀº »ç¿ëÀÚÀÇ È£½ºÆ® ½Ã½ºÅÛÀÇ ¼ÒÇÁÆ®¿þ¾îÀÇ ÀÇÇØ Áß´ÜµÇ¾ú½À´Ï´Ù
	at java.base/sun.nio.ch.SocketDispatcher.write0(Native Method)
	at java.base/sun.nio.ch.SocketDispatcher.write(SocketDispatcher.java:54)
	at java.base/sun.nio.ch.IOUtil.writeFromNativeBuffer(IOUtil.java:132)
	at java.base/sun.nio.ch.IOUtil.write(IOUtil.java:97)
	at java.base/sun.nio.ch.IOUtil.write(IOUtil.java:53)
	at java.base/sun.nio.ch.SocketChannelImpl.write(SocketChannelImpl.java:532)
	at org.apache.tomcat.util.net.NioChannel.write(NioChannel.java:122)
	at org.apache.tomcat.util.net.NioEndpoint$NioSocketWrapper.doWrite(NioEndpoint.java:1380)
	at org.apache.tomcat.util.net.SocketWrapperBase.doWrite(SocketWrapperBase.java:764)
	at org.apache.tomcat.util.net.SocketWrapperBase.flushBlocking(SocketWrapperBase.java:728)
	at org.apache.tomcat.util.net.SocketWrapperBase.flush(SocketWrapperBase.java:712)
	at org.apache.coyote.http11.Http11OutputBuffer$SocketOutputBuffer.flush(Http11OutputBuffer.java:574)
	at org.apache.coyote.http11.filters.IdentityOutputFilter.flush(IdentityOutputFilter.java:117)
	at org.apache.coyote.http11.Http11OutputBuffer.flush(Http11OutputBuffer.java:216)
	at org.apache.coyote.http11.Http11Processor.flush(Http11Processor.java:1274)
	at org.apache.coyote.AbstractProcessor.action(AbstractProcessor.java:408)
	at org.apache.coyote.Response.action(Response.java:208)
	at org.apache.catalina.connector.OutputBuffer.doFlush(OutputBuffer.java:304)
	... 81 common frames omitted
26-02-28 11:26:14.822 [http-nio-8080-exec-30] ERROR c.s.m.d.e.GlobalExceptionHandler     - Unhandled exception
org.apache.catalina.connector.ClientAbortException: java.io.IOException: ÇöÀç ¿¬°áÀº »ç¿ëÀÚÀÇ È£½ºÆ® ½Ã½ºÅÛÀÇ ¼ÒÇÁÆ®¿þ¾îÀÇ ÀÇÇØ Áß´ÜµÇ¾ú½À´Ï´Ù
	at org.apache.catalina.connector.OutputBuffer.doFlush(OutputBuffer.java:308)
	at org.apache.catalina.connector.OutputBuffer.flush(OutputBuffer.java:270)
	at org.apache.catalina.connector.CoyoteOutputStream.flush(CoyoteOutputStream.java:133)
	at org.springframework.http.converter.ResourceHttpMessageConverter.writeContent(ResourceHttpMessageConverter.java:161)
	at org.springframework.http.converter.ResourceHttpMessageConverter.writeInternal(ResourceHttpMessageConverter.java:115)
	at org.springframework.http.converter.ResourceHttpMessageConverter.writeInternal(ResourceHttpMessageConverter.java:46)
	at org.springframework.http.converter.AbstractHttpMessageConverter.write(AbstractHttpMessageConverter.java:235)
	at org.springframework.web.servlet.resource.ResourceHttpRequestHandler.handleRequest(ResourceHttpRequestHandler.java:621)
	at org.springframework.web.servlet.mvc.HttpRequestHandlerAdapter.handle(HttpRequestHandlerAdapter.java:52)
	at org.springframework.web.servlet.DispatcherServlet.doDispatch(DispatcherServlet.java:1088)
	at org.springframework.web.servlet.DispatcherServlet.doService(DispatcherServlet.java:978)
	at org.springframework.web.servlet.FrameworkServlet.processRequest(FrameworkServlet.java:1014)
	at org.springframework.web.servlet.FrameworkServlet.doGet(FrameworkServlet.java:903)
	at jakarta.servlet.http.HttpServlet.service(HttpServlet.java:564)
	at org.springframework.web.servlet.FrameworkServlet.service(FrameworkServlet.java:885)
	at jakarta.servlet.http.HttpServlet.service(HttpServlet.java:658)
	at org.apache.catalina.core.ApplicationFilterChain.internalDoFilter(ApplicationFilterChain.java:195)
	at org.apache.catalina.core.ApplicationFilterChain.doFilter(ApplicationFilterChain.java:140)
	at org.apache.tomcat.websocket.server.WsFilter.doFilter(WsFilter.java:51)
	at org.apache.catalina.core.ApplicationFilterChain.internalDoFilter(ApplicationFilterChain.java:164)
	at org.apache.catalina.core.ApplicationFilterChain.doFilter(ApplicationFilterChain.java:140)
	at org.springframework.web.filter.OncePerRequestFilter.doFilter(OncePerRequestFilter.java:110)
	at org.apache.catalina.core.ApplicationFilterChain.internalDoFilter(ApplicationFilterChain.java:164)
	at org.apache.catalina.core.ApplicationFilterChain.doFilter(ApplicationFilterChain.java:140)
	at org.springframework.web.filter.OncePerRequestFilter.doFilter(OncePerRequestFilter.java:110)
	at org.apache.catalina.core.ApplicationFilterChain.internalDoFilter(ApplicationFilterChain.java:164)
	at org.apache.catalina.core.ApplicationFilterChain.doFilter(ApplicationFilterChain.java:140)
	at org.springframework.web.filter.OncePerRequestFilter.doFilter(OncePerRequestFilter.java:110)
	at org.apache.catalina.core.ApplicationFilterChain.internalDoFilter(ApplicationFilterChain.java:164)
	at org.apache.catalina.core.ApplicationFilterChain.doFilter(ApplicationFilterChain.java:140)
	at org.apache.catalina.core.ApplicationDispatcher.invoke(ApplicationDispatcher.java:633)
	at org.apache.catalina.core.ApplicationDispatcher.processRequest(ApplicationDispatcher.java:409)
	at org.apache.catalina.core.ApplicationDispatcher.doForward(ApplicationDispatcher.java:331)
	at org.apache.catalina.core.ApplicationDispatcher.forward(ApplicationDispatcher.java:268)
	at org.springframework.web.servlet.view.InternalResourceView.renderMergedOutputModel(InternalResourceView.java:171)
	at org.springframework.web.servlet.view.AbstractView.render(AbstractView.java:314)
	at org.springframework.web.servlet.DispatcherServlet.render(DispatcherServlet.java:1435)
	at org.springframework.web.servlet.DispatcherServlet.processDispatchResult(DispatcherServlet.java:1167)
	at org.springframework.web.servlet.DispatcherServlet.doDispatch(DispatcherServlet.java:1105)
	at org.springframework.web.servlet.DispatcherServlet.doService(DispatcherServlet.java:978)
	at org.springframework.web.servlet.FrameworkServlet.processRequest(FrameworkServlet.java:1014)
	at org.springframework.web.servlet.FrameworkServlet.doGet(FrameworkServlet.java:903)
	at jakarta.servlet.http.HttpServlet.service(HttpServlet.java:564)
	at org.springframework.web.servlet.FrameworkServlet.service(FrameworkServlet.java:885)
	at jakarta.servlet.http.HttpServlet.service(HttpServlet.java:658)
	at org.apache.catalina.core.ApplicationFilterChain.internalDoFilter(ApplicationFilterChain.java:195)
	at org.apache.catalina.core.ApplicationFilterChain.doFilter(ApplicationFilterChain.java:140)
	at org.apache.tomcat.websocket.server.WsFilter.doFilter(WsFilter.java:51)
	at org.apache.catalina.core.ApplicationFilterChain.internalDoFilter(ApplicationFilterChain.java:164)
	at org.apache.catalina.core.ApplicationFilterChain.doFilter(ApplicationFilterChain.java:140)
	at org.springframework.web.filter.RequestContextFilter.doFilterInternal(RequestContextFilter.java:100)
	at org.springframework.web.filter.OncePerRequestFilter.doFilter(OncePerRequestFilter.java:116)
	at org.apache.catalina.core.ApplicationFilterChain.internalDoFilter(ApplicationFilterChain.java:164)
	at org.apache.catalina.core.ApplicationFilterChain.doFilter(ApplicationFilterChain.java:140)
	at org.springframework.web.filter.FormContentFilter.doFilterInternal(FormContentFilter.java:93)
	at org.springframework.web.filter.OncePerRequestFilter.doFilter(OncePerRequestFilter.java:116)
	at org.apache.catalina.core.ApplicationFilterChain.internalDoFilter(ApplicationFilterChain.java:164)
	at org.apache.catalina.core.ApplicationFilterChain.doFilter(ApplicationFilterChain.java:140)
	at org.springframework.web.filter.ServerHttpObservationFilter.doFilterInternal(ServerHttpObservationFilter.java:114)
	at org.springframework.web.filter.OncePerRequestFilter.doFilter(OncePerRequestFilter.java:116)
	at org.apache.catalina.core.ApplicationFilterChain.internalDoFilter(ApplicationFilterChain.java:164)
	at org.apache.catalina.core.ApplicationFilterChain.doFilter(ApplicationFilterChain.java:140)
	at org.springframework.web.filter.CharacterEncodingFilter.doFilterInternal(CharacterEncodingFilter.java:201)
	at org.springframework.web.filter.OncePerRequestFilter.doFilter(OncePerRequestFilter.java:116)
	at org.apache.catalina.core.ApplicationFilterChain.internalDoFilter(ApplicationFilterChain.java:164)
	at org.apache.catalina.core.ApplicationFilterChain.doFilter(ApplicationFilterChain.java:140)
	at org.apache.catalina.core.StandardWrapperValve.invoke(StandardWrapperValve.java:167)
	at org.apache.catalina.core.StandardContextValve.invoke(StandardContextValve.java:90)
	at org.apache.catalina.authenticator.AuthenticatorBase.invoke(AuthenticatorBase.java:483)
	at org.apache.catalina.core.StandardHostValve.invoke(StandardHostValve.java:115)
	at org.apache.catalina.valves.ErrorReportValve.invoke(ErrorReportValve.java:93)
	at org.apache.catalina.core.StandardEngineValve.invoke(StandardEngineValve.java:74)
	at org.apache.catalina.connector.CoyoteAdapter.service(CoyoteAdapter.java:344)
	at org.apache.coyote.http11.Http11Processor.service(Http11Processor.java:397)
	at org.apache.coyote.AbstractProcessorLight.process(AbstractProcessorLight.java:63)
	at org.apache.coyote.AbstractProtocol$ConnectionHandler.process(AbstractProtocol.java:905)
	at org.apache.tomcat.util.net.NioEndpoint$SocketProcessor.doRun(NioEndpoint.java:1743)
	at org.apache.tomcat.util.net.SocketProcessorBase.run(SocketProcessorBase.java:52)
	at org.apache.tomcat.util.threads.ThreadPoolExecutor.runWorker(ThreadPoolExecutor.java:1190)
	at org.apache.tomcat.util.threads.ThreadPoolExecutor$Worker.run(ThreadPoolExecutor.java:659)
	at org.apache.tomcat.util.threads.TaskThread$WrappingRunnable.run(TaskThread.java:63)
	at java.base/java.lang.Thread.run(Thread.java:842)
Caused by: java.io.IOException: ÇöÀç ¿¬°áÀº »ç¿ëÀÚÀÇ È£½ºÆ® ½Ã½ºÅÛÀÇ ¼ÒÇÁÆ®¿þ¾îÀÇ ÀÇÇØ Áß´ÜµÇ¾ú½À´Ï´Ù
	at java.base/sun.nio.ch.SocketDispatcher.write0(Native Method)
	at java.base/sun.nio.ch.SocketDispatcher.write(SocketDispatcher.java:54)
	at java.base/sun.nio.ch.IOUtil.writeFromNativeBuffer(IOUtil.java:132)
	at java.base/sun.nio.ch.IOUtil.write(IOUtil.java:97)
	at java.base/sun.nio.ch.IOUtil.write(IOUtil.java:53)
	at java.base/sun.nio.ch.SocketChannelImpl.write(SocketChannelImpl.java:532)
	at org.apache.tomcat.util.net.NioChannel.write(NioChannel.java:122)
	at org.apache.tomcat.util.net.NioEndpoint$NioSocketWrapper.doWrite(NioEndpoint.java:1380)
	at org.apache.tomcat.util.net.SocketWrapperBase.doWrite(SocketWrapperBase.java:764)
	at org.apache.tomcat.util.net.SocketWrapperBase.flushBlocking(SocketWrapperBase.java:728)
	at org.apache.tomcat.util.net.SocketWrapperBase.flush(SocketWrapperBase.java:712)
	at org.apache.coyote.http11.Http11OutputBuffer$SocketOutputBuffer.flush(Http11OutputBuffer.java:574)
	at org.apache.coyote.http11.filters.IdentityOutputFilter.flush(IdentityOutputFilter.java:117)
	at org.apache.coyote.http11.Http11OutputBuffer.flush(Http11OutputBuffer.java:216)
	at org.apache.coyote.http11.Http11Processor.flush(Http11Processor.java:1274)
	at org.apache.coyote.AbstractProcessor.action(AbstractProcessor.java:408)
	at org.apache.coyote.Response.action(Response.java:208)
	at org.apache.catalina.connector.OutputBuffer.doFlush(OutputBuffer.java:304)
	... 81 common frames omitted
26-02-28 11:26:14.886 [http-nio-8080-exec-5] WARN  o.s.w.s.m.m.a.ExceptionHandlerExceptionResolver - Failure in @ExceptionHandler com.sprint.mission.discodeit.exception.GlobalExceptionHandler#handleException(Exception)
org.springframework.http.converter.HttpMessageNotWritableException: No converter for [class com.sprint.mission.discodeit.response.ErrorResponse] with preset Content-Type 'text/html'
	at org.springframework.web.servlet.mvc.method.annotation.AbstractMessageConverterMethodProcessor.writeWithMessageConverters(AbstractMessageConverterMethodProcessor.java:365)
	at org.springframework.web.servlet.mvc.method.annotation.HttpEntityMethodProcessor.handleReturnValue(HttpEntityMethodProcessor.java:263)
	at org.springframework.web.method.support.HandlerMethodReturnValueHandlerComposite.handleReturnValue(HandlerMethodReturnValueHandlerComposite.java:78)
	at org.springframework.web.servlet.mvc.method.annotation.ServletInvocableHandlerMethod.invokeAndHandle(ServletInvocableHandlerMethod.java:136)
	at org.springframework.web.servlet.mvc.method.annotation.ExceptionHandlerExceptionResolver.doResolveHandlerMethodException(ExceptionHandlerExceptionResolver.java:471)
	at org.springframework.web.servlet.handler.AbstractHandlerMethodExceptionResolver.doResolveException(AbstractHandlerMethodExceptionResolver.java:73)
	at org.springframework.web.servlet.handler.AbstractHandlerExceptionResolver.resolveException(AbstractHandlerExceptionResolver.java:182)
	at org.springframework.web.servlet.handler.HandlerExceptionResolverComposite.resolveException(HandlerExceptionResolverComposite.java:80)
	at org.springframework.web.servlet.DispatcherServlet.processHandlerException(DispatcherServlet.java:1357)
	at org.springframework.web.servlet.DispatcherServlet.processDispatchResult(DispatcherServlet.java:1160)
	at org.springframework.web.servlet.DispatcherServlet.doDispatch(DispatcherServlet.java:1105)
	at org.springframework.web.servlet.DispatcherServlet.doService(DispatcherServlet.java:978)
	at org.springframework.web.servlet.FrameworkServlet.processRequest(FrameworkServlet.java:1014)
	at org.springframework.web.servlet.FrameworkServlet.doGet(FrameworkServlet.java:903)
	at jakarta.servlet.http.HttpServlet.service(HttpServlet.java:564)
	at org.springframework.web.servlet.FrameworkServlet.service(FrameworkServlet.java:885)
	at jakarta.servlet.http.HttpServlet.service(HttpServlet.java:658)
	at org.apache.catalina.core.ApplicationFilterChain.internalDoFilter(ApplicationFilterChain.java:195)
	at org.apache.catalina.core.ApplicationFilterChain.doFilter(ApplicationFilterChain.java:140)
	at org.apache.tomcat.websocket.server.WsFilter.doFilter(WsFilter.java:51)
	at org.apache.catalina.core.ApplicationFilterChain.internalDoFilter(ApplicationFilterChain.java:164)
	at org.apache.catalina.core.ApplicationFilterChain.doFilter(ApplicationFilterChain.java:140)
	at org.springframework.web.filter.OncePerRequestFilter.doFilter(OncePerRequestFilter.java:110)
	at org.apache.catalina.core.ApplicationFilterChain.internalDoFilter(ApplicationFilterChain.java:164)
	at org.apache.catalina.core.ApplicationFilterChain.doFilter(ApplicationFilterChain.java:140)
	at org.springframework.web.filter.OncePerRequestFilter.doFilter(OncePerRequestFilter.java:110)
	at org.apache.catalina.core.ApplicationFilterChain.internalDoFilter(ApplicationFilterChain.java:164)
	at org.apache.catalina.core.ApplicationFilterChain.doFilter(ApplicationFilterChain.java:140)
	at org.springframework.web.filter.OncePerRequestFilter.doFilter(OncePerRequestFilter.java:110)
	at org.apache.catalina.core.ApplicationFilterChain.internalDoFilter(ApplicationFilterChain.java:164)
	at org.apache.catalina.core.ApplicationFilterChain.doFilter(ApplicationFilterChain.java:140)
	at org.apache.catalina.core.ApplicationDispatcher.invoke(ApplicationDispatcher.java:633)
	at org.apache.catalina.core.ApplicationDispatcher.processRequest(ApplicationDispatcher.java:409)
	at org.apache.catalina.core.ApplicationDispatcher.doForward(ApplicationDispatcher.java:331)
	at org.apache.catalina.core.ApplicationDispatcher.forward(ApplicationDispatcher.java:268)
	at org.springframework.web.servlet.view.InternalResourceView.renderMergedOutputModel(InternalResourceView.java:171)
	at org.springframework.web.servlet.view.AbstractView.render(AbstractView.java:314)
	at org.springframework.web.servlet.DispatcherServlet.render(DispatcherServlet.java:1435)
	at org.springframework.web.servlet.DispatcherServlet.processDispatchResult(DispatcherServlet.java:1167)
	at org.springframework.web.servlet.DispatcherServlet.doDispatch(DispatcherServlet.java:1105)
	at org.springframework.web.servlet.DispatcherServlet.doService(DispatcherServlet.java:978)
	at org.springframework.web.servlet.FrameworkServlet.processRequest(FrameworkServlet.java:1014)
	at org.springframework.web.servlet.FrameworkServlet.doGet(FrameworkServlet.java:903)
	at jakarta.servlet.http.HttpServlet.service(HttpServlet.java:564)
	at org.springframework.web.servlet.FrameworkServlet.service(FrameworkServlet.java:885)
	at jakarta.servlet.http.HttpServlet.service(HttpServlet.java:658)
	at org.apache.catalina.core.ApplicationFilterChain.internalDoFilter(ApplicationFilterChain.java:195)
	at org.apache.catalina.core.ApplicationFilterChain.doFilter(ApplicationFilterChain.java:140)
	at org.apache.tomcat.websocket.server.WsFilter.doFilter(WsFilter.java:51)
	at org.apache.catalina.core.ApplicationFilterChain.internalDoFilter(ApplicationFilterChain.java:164)
	at org.apache.catalina.core.ApplicationFilterChain.doFilter(ApplicationFilterChain.java:140)
	at org.springframework.web.filter.RequestContextFilter.doFilterInternal(RequestContextFilter.java:100)
	at org.springframework.web.filter.OncePerRequestFilter.doFilter(OncePerRequestFilter.java:116)
	at org.apache.catalina.core.ApplicationFilterChain.internalDoFilter(ApplicationFilterChain.java:164)
	at org.apache.catalina.core.ApplicationFilterChain.doFilter(ApplicationFilterChain.java:140)
	at org.springframework.web.filter.FormContentFilter.doFilterInternal(FormContentFilter.java:93)
	at org.springframework.web.filter.OncePerRequestFilter.doFilter(OncePerRequestFilter.java:116)
	at org.apache.catalina.core.ApplicationFilterChain.internalDoFilter(ApplicationFilterChain.java:164)
	at org.apache.catalina.core.ApplicationFilterChain.doFilter(ApplicationFilterChain.java:140)
	at org.springframework.web.filter.ServerHttpObservationFilter.doFilterInternal(ServerHttpObservationFilter.java:114)
	at org.springframework.web.filter.OncePerRequestFilter.doFilter(OncePerRequestFilter.java:116)
	at org.apache.catalina.core.ApplicationFilterChain.internalDoFilter(ApplicationFilterChain.java:164)
	at org.apache.catalina.core.ApplicationFilterChain.doFilter(ApplicationFilterChain.java:140)
	at org.springframework.web.filter.CharacterEncodingFilter.doFilterInternal(CharacterEncodingFilter.java:201)
	at org.springframework.web.filter.OncePerRequestFilter.doFilter(OncePerRequestFilter.java:116)
	at org.apache.catalina.core.ApplicationFilterChain.internalDoFilter(ApplicationFilterChain.java:164)
	at org.apache.catalina.core.ApplicationFilterChain.doFilter(ApplicationFilterChain.java:140)
	at org.apache.catalina.core.StandardWrapperValve.invoke(StandardWrapperValve.java:167)
	at org.apache.catalina.core.StandardContextValve.invoke(StandardContextValve.java:90)
	at org.apache.catalina.authenticator.AuthenticatorBase.invoke(AuthenticatorBase.java:483)
	at org.apache.catalina.core.StandardHostValve.invoke(StandardHostValve.java:115)
	at org.apache.catalina.valves.ErrorReportValve.invoke(ErrorReportValve.java:93)
	at org.apache.catalina.core.StandardEngineValve.invoke(StandardEngineValve.java:74)
	at org.apache.catalina.connector.CoyoteAdapter.service(CoyoteAdapter.java:344)
	at org.apache.coyote.http11.Http11Processor.service(Http11Processor.java:397)
	at org.apache.coyote.AbstractProcessorLight.process(AbstractProcessorLight.java:63)
	at org.apache.coyote.AbstractProtocol$ConnectionHandler.process(AbstractProtocol.java:905)
	at org.apache.tomcat.util.net.NioEndpoint$SocketProcessor.doRun(NioEndpoint.java:1743)
	at org.apache.tomcat.util.net.SocketProcessorBase.run(SocketProcessorBase.java:52)
	at org.apache.tomcat.util.threads.ThreadPoolExecutor.runWorker(ThreadPoolExecutor.java:1190)
	at org.apache.tomcat.util.threads.ThreadPoolExecutor$Worker.run(ThreadPoolExecutor.java:659)
	at org.apache.tomcat.util.threads.TaskThread$WrappingRunnable.run(TaskThread.java:63)
	at java.base/java.lang.Thread.run(Thread.java:842)
26-02-28 11:26:14.898 [http-nio-8080-exec-12] WARN  o.s.w.s.m.m.a.ExceptionHandlerExceptionResolver - Failure in @ExceptionHandler com.sprint.mission.discodeit.exception.GlobalExceptionHandler#handleException(Exception)
org.springframework.http.converter.HttpMessageNotWritableException: No converter for [class com.sprint.mission.discodeit.response.ErrorResponse] with preset Content-Type 'text/html'
	at org.springframework.web.servlet.mvc.method.annotation.AbstractMessageConverterMethodProcessor.writeWithMessageConverters(AbstractMessageConverterMethodProcessor.java:365)
	at org.springframework.web.servlet.mvc.method.annotation.HttpEntityMethodProcessor.handleReturnValue(HttpEntityMethodProcessor.java:263)
	at org.springframework.web.method.support.HandlerMethodReturnValueHandlerComposite.handleReturnValue(HandlerMethodReturnValueHandlerComposite.java:78)
	at org.springframework.web.servlet.mvc.method.annotation.ServletInvocableHandlerMethod.invokeAndHandle(ServletInvocableHandlerMethod.java:136)
	at org.springframework.web.servlet.mvc.method.annotation.ExceptionHandlerExceptionResolver.doResolveHandlerMethodException(ExceptionHandlerExceptionResolver.java:471)
	at org.springframework.web.servlet.handler.AbstractHandlerMethodExceptionResolver.doResolveException(AbstractHandlerMethodExceptionResolver.java:73)
	at org.springframework.web.servlet.handler.AbstractHandlerExceptionResolver.resolveException(AbstractHandlerExceptionResolver.java:182)
	at org.springframework.web.servlet.handler.HandlerExceptionResolverComposite.resolveException(HandlerExceptionResolverComposite.java:80)
	at org.springframework.web.servlet.DispatcherServlet.processHandlerException(DispatcherServlet.java:1357)
	at org.springframework.web.servlet.DispatcherServlet.processDispatchResult(DispatcherServlet.java:1160)
	at org.springframework.web.servlet.DispatcherServlet.doDispatch(DispatcherServlet.java:1105)
	at org.springframework.web.servlet.DispatcherServlet.doService(DispatcherServlet.java:978)
	at org.springframework.web.servlet.FrameworkServlet.processRequest(FrameworkServlet.java:1014)
	at org.springframework.web.servlet.FrameworkServlet.doGet(FrameworkServlet.java:903)
	at jakarta.servlet.http.HttpServlet.service(HttpServlet.java:564)
	at org.springframework.web.servlet.FrameworkServlet.service(FrameworkServlet.java:885)
	at jakarta.servlet.http.HttpServlet.service(HttpServlet.java:658)
	at org.apache.catalina.core.ApplicationFilterChain.internalDoFilter(ApplicationFilterChain.java:195)
	at org.apache.catalina.core.ApplicationFilterChain.doFilter(ApplicationFilterChain.java:140)
	at org.apache.tomcat.websocket.server.WsFilter.doFilter(WsFilter.java:51)
	at org.apache.catalina.core.ApplicationFilterChain.internalDoFilter(ApplicationFilterChain.java:164)
	at org.apache.catalina.core.ApplicationFilterChain.doFilter(ApplicationFilterChain.java:140)
	at org.springframework.web.filter.OncePerRequestFilter.doFilter(OncePerRequestFilter.java:110)
	at org.apache.catalina.core.ApplicationFilterChain.internalDoFilter(ApplicationFilterChain.java:164)
	at org.apache.catalina.core.ApplicationFilterChain.doFilter(ApplicationFilterChain.java:140)
	at org.springframework.web.filter.OncePerRequestFilter.doFilter(OncePerRequestFilter.java:110)
	at org.apache.catalina.core.ApplicationFilterChain.internalDoFilter(ApplicationFilterChain.java:164)
	at org.apache.catalina.core.ApplicationFilterChain.doFilter(ApplicationFilterChain.java:140)
	at org.springframework.web.filter.OncePerRequestFilter.doFilter(OncePerRequestFilter.java:110)
	at org.apache.catalina.core.ApplicationFilterChain.internalDoFilter(ApplicationFilterChain.java:164)
	at org.apache.catalina.core.ApplicationFilterChain.doFilter(ApplicationFilterChain.java:140)
	at org.apache.catalina.core.ApplicationDispatcher.invoke(ApplicationDispatcher.java:633)
	at org.apache.catalina.core.ApplicationDispatcher.processRequest(ApplicationDispatcher.java:409)
	at org.apache.catalina.core.ApplicationDispatcher.doForward(ApplicationDispatcher.java:331)
	at org.apache.catalina.core.ApplicationDispatcher.forward(ApplicationDispatcher.java:268)
	at org.springframework.web.servlet.view.InternalResourceView.renderMergedOutputModel(InternalResourceView.java:171)
	at org.springframework.web.servlet.view.AbstractView.render(AbstractView.java:314)
	at org.springframework.web.servlet.DispatcherServlet.render(DispatcherServlet.java:1435)
	at org.springframework.web.servlet.DispatcherServlet.processDispatchResult(DispatcherServlet.java:1167)
	at org.springframework.web.servlet.DispatcherServlet.doDispatch(DispatcherServlet.java:1105)
	at org.springframework.web.servlet.DispatcherServlet.doService(DispatcherServlet.java:978)
	at org.springframework.web.servlet.FrameworkServlet.processRequest(FrameworkServlet.java:1014)
	at org.springframework.web.servlet.FrameworkServlet.doGet(FrameworkServlet.java:903)
	at jakarta.servlet.http.HttpServlet.service(HttpServlet.java:564)
	at org.springframework.web.servlet.FrameworkServlet.service(FrameworkServlet.java:885)
	at jakarta.servlet.http.HttpServlet.service(HttpServlet.java:658)
	at org.apache.catalina.core.ApplicationFilterChain.internalDoFilter(ApplicationFilterChain.java:195)
	at org.apache.catalina.core.ApplicationFilterChain.doFilter(ApplicationFilterChain.java:140)
	at org.apache.tomcat.websocket.server.WsFilter.doFilter(WsFilter.java:51)
	at org.apache.catalina.core.ApplicationFilterChain.internalDoFilter(ApplicationFilterChain.java:164)
	at org.apache.catalina.core.ApplicationFilterChain.doFilter(ApplicationFilterChain.java:140)
	at org.springframework.web.filter.RequestContextFilter.doFilterInternal(RequestContextFilter.java:100)
	at org.springframework.web.filter.OncePerRequestFilter.doFilter(OncePerRequestFilter.java:116)
	at org.apache.catalina.core.ApplicationFilterChain.internalDoFilter(ApplicationFilterChain.java:164)
	at org.apache.catalina.core.ApplicationFilterChain.doFilter(ApplicationFilterChain.java:140)
	at org.springframework.web.filter.FormContentFilter.doFilterInternal(FormContentFilter.java:93)
	at org.springframework.web.filter.OncePerRequestFilter.doFilter(OncePerRequestFilter.java:116)
	at org.apache.catalina.core.ApplicationFilterChain.internalDoFilter(ApplicationFilterChain.java:164)
	at org.apache.catalina.core.ApplicationFilterChain.doFilter(ApplicationFilterChain.java:140)
	at org.springframework.web.filter.ServerHttpObservationFilter.doFilterInternal(ServerHttpObservationFilter.java:114)
	at org.springframework.web.filter.OncePerRequestFilter.doFilter(OncePerRequestFilter.java:116)
	at org.apache.catalina.core.ApplicationFilterChain.internalDoFilter(ApplicationFilterChain.java:164)
	at org.apache.catalina.core.ApplicationFilterChain.doFilter(ApplicationFilterChain.java:140)
	at org.springframework.web.filter.CharacterEncodingFilter.doFilterInternal(CharacterEncodingFilter.java:201)
	at org.springframework.web.filter.OncePerRequestFilter.doFilter(OncePerRequestFilter.java:116)
	at org.apache.catalina.core.ApplicationFilterChain.internalDoFilter(ApplicationFilterChain.java:164)
	at org.apache.catalina.core.ApplicationFilterChain.doFilter(ApplicationFilterChain.java:140)
	at org.apache.catalina.core.StandardWrapperValve.invoke(StandardWrapperValve.java:167)
	at org.apache.catalina.core.StandardContextValve.invoke(StandardContextValve.java:90)
	at org.apache.catalina.authenticator.AuthenticatorBase.invoke(AuthenticatorBase.java:483)
	at org.apache.catalina.core.StandardHostValve.invoke(StandardHostValve.java:115)
	at org.apache.catalina.valves.ErrorReportValve.invoke(ErrorReportValve.java:93)
	at org.apache.catalina.core.StandardEngineValve.invoke(StandardEngineValve.java:74)
	at org.apache.catalina.connector.CoyoteAdapter.service(CoyoteAdapter.java:344)
	at org.apache.coyote.http11.Http11Processor.service(Http11Processor.java:397)
	at org.apache.coyote.AbstractProcessorLight.process(AbstractProcessorLight.java:63)
	at org.apache.coyote.AbstractProtocol$ConnectionHandler.process(AbstractProtocol.java:905)
	at org.apache.tomcat.util.net.NioEndpoint$SocketProcessor.doRun(NioEndpoint.java:1743)
	at org.apache.tomcat.util.net.SocketProcessorBase.run(SocketProcessorBase.java:52)
	at org.apache.tomcat.util.threads.ThreadPoolExecutor.runWorker(ThreadPoolExecutor.java:1190)
	at org.apache.tomcat.util.threads.ThreadPoolExecutor$Worker.run(ThreadPoolExecutor.java:659)
	at org.apache.tomcat.util.threads.TaskThread$WrappingRunnable.run(TaskThread.java:63)
	at java.base/java.lang.Thread.run(Thread.java:842)
26-02-28 11:26:14.831 [http-nio-8080-exec-15] ERROR c.s.m.d.e.GlobalExceptionHandler     - Unhandled exception
org.apache.catalina.connector.ClientAbortException: java.io.IOException: ÇöÀç ¿¬°áÀº »ç¿ëÀÚÀÇ È£½ºÆ® ½Ã½ºÅÛÀÇ ¼ÒÇÁÆ®¿þ¾îÀÇ ÀÇÇØ Áß´ÜµÇ¾ú½À´Ï´Ù
	at org.apache.catalina.connector.OutputBuffer.doFlush(OutputBuffer.java:308)
	at org.apache.catalina.connector.OutputBuffer.flush(OutputBuffer.java:270)
	at org.apache.catalina.connector.CoyoteOutputStream.flush(CoyoteOutputStream.java:133)
	at org.springframework.http.converter.ResourceHttpMessageConverter.writeContent(ResourceHttpMessageConverter.java:161)
	at org.springframework.http.converter.ResourceHttpMessageConverter.writeInternal(ResourceHttpMessageConverter.java:115)
	at org.springframework.http.converter.ResourceHttpMessageConverter.writeInternal(ResourceHttpMessageConverter.java:46)
	at org.springframework.http.converter.AbstractHttpMessageConverter.write(AbstractHttpMessageConverter.java:235)
	at org.springframework.web.servlet.resource.ResourceHttpRequestHandler.handleRequest(ResourceHttpRequestHandler.java:621)
	at org.springframework.web.servlet.mvc.HttpRequestHandlerAdapter.handle(HttpRequestHandlerAdapter.java:52)
	at org.springframework.web.servlet.DispatcherServlet.doDispatch(DispatcherServlet.java:1088)
	at org.springframework.web.servlet.DispatcherServlet.doService(DispatcherServlet.java:978)
	at org.springframework.web.servlet.FrameworkServlet.processRequest(FrameworkServlet.java:1014)
	at org.springframework.web.servlet.FrameworkServlet.doGet(FrameworkServlet.java:903)
	at jakarta.servlet.http.HttpServlet.service(HttpServlet.java:564)
	at org.springframework.web.servlet.FrameworkServlet.service(FrameworkServlet.java:885)
	at jakarta.servlet.http.HttpServlet.service(HttpServlet.java:658)
	at org.apache.catalina.core.ApplicationFilterChain.internalDoFilter(ApplicationFilterChain.java:195)
	at org.apache.catalina.core.ApplicationFilterChain.doFilter(ApplicationFilterChain.java:140)
	at org.apache.tomcat.websocket.server.WsFilter.doFilter(WsFilter.java:51)
	at org.apache.catalina.core.ApplicationFilterChain.internalDoFilter(ApplicationFilterChain.java:164)
	at org.apache.catalina.core.ApplicationFilterChain.doFilter(ApplicationFilterChain.java:140)
	at org.springframework.web.filter.OncePerRequestFilter.doFilter(OncePerRequestFilter.java:110)
	at org.apache.catalina.core.ApplicationFilterChain.internalDoFilter(ApplicationFilterChain.java:164)
	at org.apache.catalina.core.ApplicationFilterChain.doFilter(ApplicationFilterChain.java:140)
	at org.springframework.web.filter.OncePerRequestFilter.doFilter(OncePerRequestFilter.java:110)
	at org.apache.catalina.core.ApplicationFilterChain.internalDoFilter(ApplicationFilterChain.java:164)
	at org.apache.catalina.core.ApplicationFilterChain.doFilter(ApplicationFilterChain.java:140)
	at org.springframework.web.filter.OncePerRequestFilter.doFilter(OncePerRequestFilter.java:110)
	at org.apache.catalina.core.ApplicationFilterChain.internalDoFilter(ApplicationFilterChain.java:164)
	at org.apache.catalina.core.ApplicationFilterChain.doFilter(ApplicationFilterChain.java:140)
	at org.apache.catalina.core.ApplicationDispatcher.invoke(ApplicationDispatcher.java:633)
	at org.apache.catalina.core.ApplicationDispatcher.processRequest(ApplicationDispatcher.java:409)
	at org.apache.catalina.core.ApplicationDispatcher.doForward(ApplicationDispatcher.java:331)
	at org.apache.catalina.core.ApplicationDispatcher.forward(ApplicationDispatcher.java:268)
	at org.springframework.web.servlet.view.InternalResourceView.renderMergedOutputModel(InternalResourceView.java:171)
	at org.springframework.web.servlet.view.AbstractView.render(AbstractView.java:314)
	at org.springframework.web.servlet.DispatcherServlet.render(DispatcherServlet.java:1435)
	at org.springframework.web.servlet.DispatcherServlet.processDispatchResult(DispatcherServlet.java:1167)
	at org.springframework.web.servlet.DispatcherServlet.doDispatch(DispatcherServlet.java:1105)
	at org.springframework.web.servlet.DispatcherServlet.doService(DispatcherServlet.java:978)
	at org.springframework.web.servlet.FrameworkServlet.processRequest(FrameworkServlet.java:1014)
	at org.springframework.web.servlet.FrameworkServlet.doGet(FrameworkServlet.java:903)
	at jakarta.servlet.http.HttpServlet.service(HttpServlet.java:564)
	at org.springframework.web.servlet.FrameworkServlet.service(FrameworkServlet.java:885)
	at jakarta.servlet.http.HttpServlet.service(HttpServlet.java:658)
	at org.apache.catalina.core.ApplicationFilterChain.internalDoFilter(ApplicationFilterChain.java:195)
	at org.apache.catalina.core.ApplicationFilterChain.doFilter(ApplicationFilterChain.java:140)
	at org.apache.tomcat.websocket.server.WsFilter.doFilter(WsFilter.java:51)
	at org.apache.catalina.core.ApplicationFilterChain.internalDoFilter(ApplicationFilterChain.java:164)
	at org.apache.catalina.core.ApplicationFilterChain.doFilter(ApplicationFilterChain.java:140)
	at org.springframework.web.filter.RequestContextFilter.doFilterInternal(RequestContextFilter.java:100)
	at org.springframework.web.filter.OncePerRequestFilter.doFilter(OncePerRequestFilter.java:116)
	at org.apache.catalina.core.ApplicationFilterChain.internalDoFilter(ApplicationFilterChain.java:164)
	at org.apache.catalina.core.ApplicationFilterChain.doFilter(ApplicationFilterChain.java:140)
	at org.springframework.web.filter.FormContentFilter.doFilterInternal(FormContentFilter.java:93)
	at org.springframework.web.filter.OncePerRequestFilter.doFilter(OncePerRequestFilter.java:116)
	at org.apache.catalina.core.ApplicationFilterChain.internalDoFilter(ApplicationFilterChain.java:164)
	at org.apache.catalina.core.ApplicationFilterChain.doFilter(ApplicationFilterChain.java:140)
	at org.springframework.web.filter.ServerHttpObservationFilter.doFilterInternal(ServerHttpObservationFilter.java:114)
	at org.springframework.web.filter.OncePerRequestFilter.doFilter(OncePerRequestFilter.java:116)
	at org.apache.catalina.core.ApplicationFilterChain.internalDoFilter(ApplicationFilterChain.java:164)
	at org.apache.catalina.core.ApplicationFilterChain.doFilter(ApplicationFilterChain.java:140)
	at org.springframework.web.filter.CharacterEncodingFilter.doFilterInternal(CharacterEncodingFilter.java:201)
	at org.springframework.web.filter.OncePerRequestFilter.doFilter(OncePerRequestFilter.java:116)
	at org.apache.catalina.core.ApplicationFilterChain.internalDoFilter(ApplicationFilterChain.java:164)
	at org.apache.catalina.core.ApplicationFilterChain.doFilter(ApplicationFilterChain.java:140)
	at org.apache.catalina.core.StandardWrapperValve.invoke(StandardWrapperValve.java:167)
	at org.apache.catalina.core.StandardContextValve.invoke(StandardContextValve.java:90)
	at org.apache.catalina.authenticator.AuthenticatorBase.invoke(AuthenticatorBase.java:483)
	at org.apache.catalina.core.StandardHostValve.invoke(StandardHostValve.java:115)
	at org.apache.catalina.valves.ErrorReportValve.invoke(ErrorReportValve.java:93)
	at org.apache.catalina.core.StandardEngineValve.invoke(StandardEngineValve.java:74)
	at org.apache.catalina.connector.CoyoteAdapter.service(CoyoteAdapter.java:344)
	at org.apache.coyote.http11.Http11Processor.service(Http11Processor.java:397)
	at org.apache.coyote.AbstractProcessorLight.process(AbstractProcessorLight.java:63)
	at org.apache.coyote.AbstractProtocol$ConnectionHandler.process(AbstractProtocol.java:905)
	at org.apache.tomcat.util.net.NioEndpoint$SocketProcessor.doRun(NioEndpoint.java:1743)
	at org.apache.tomcat.util.net.SocketProcessorBase.run(SocketProcessorBase.java:52)
	at org.apache.tomcat.util.threads.ThreadPoolExecutor.runWorker(ThreadPoolExecutor.java:1190)
	at org.apache.tomcat.util.threads.ThreadPoolExecutor$Worker.run(ThreadPoolExecutor.java:659)
	at org.apache.tomcat.util.threads.TaskThread$WrappingRunnable.run(TaskThread.java:63)
	at java.base/java.lang.Thread.run(Thread.java:842)
Caused by: java.io.IOException: ÇöÀç ¿¬°áÀº »ç¿ëÀÚÀÇ È£½ºÆ® ½Ã½ºÅÛÀÇ ¼ÒÇÁÆ®¿þ¾îÀÇ ÀÇÇØ Áß´ÜµÇ¾ú½À´Ï´Ù
	at java.base/sun.nio.ch.SocketDispatcher.write0(Native Method)
	at java.base/sun.nio.ch.SocketDispatcher.write(SocketDispatcher.java:54)
	at java.base/sun.nio.ch.IOUtil.writeFromNativeBuffer(IOUtil.java:132)
	at java.base/sun.nio.ch.IOUtil.write(IOUtil.java:97)
	at java.base/sun.nio.ch.IOUtil.write(IOUtil.java:53)
	at java.base/sun.nio.ch.SocketChannelImpl.write(SocketChannelImpl.java:532)
	at org.apache.tomcat.util.net.NioChannel.write(NioChannel.java:122)
	at org.apache.tomcat.util.net.NioEndpoint$NioSocketWrapper.doWrite(NioEndpoint.java:1380)
	at org.apache.tomcat.util.net.SocketWrapperBase.doWrite(SocketWrapperBase.java:764)
	at org.apache.tomcat.util.net.SocketWrapperBase.flushBlocking(SocketWrapperBase.java:728)
	at org.apache.tomcat.util.net.SocketWrapperBase.flush(SocketWrapperBase.java:712)
	at org.apache.coyote.http11.Http11OutputBuffer$SocketOutputBuffer.flush(Http11OutputBuffer.java:574)
	at org.apache.coyote.http11.filters.IdentityOutputFilter.flush(IdentityOutputFilter.java:117)
	at org.apache.coyote.http11.Http11OutputBuffer.flush(Http11OutputBuffer.java:216)
	at org.apache.coyote.http11.Http11Processor.flush(Http11Processor.java:1274)
	at org.apache.coyote.AbstractProcessor.action(AbstractProcessor.java:408)
	at org.apache.coyote.Response.action(Response.java:208)
	at org.apache.catalina.connector.OutputBuffer.doFlush(OutputBuffer.java:304)
	... 81 common frames omitted
26-02-28 11:26:14.904 [http-nio-8080-exec-30] WARN  o.s.w.s.m.m.a.ExceptionHandlerExceptionResolver - Failure in @ExceptionHandler com.sprint.mission.discodeit.exception.GlobalExceptionHandler#handleException(Exception)
org.springframework.http.converter.HttpMessageNotWritableException: No converter for [class com.sprint.mission.discodeit.response.ErrorResponse] with preset Content-Type 'text/html'
	at org.springframework.web.servlet.mvc.method.annotation.AbstractMessageConverterMethodProcessor.writeWithMessageConverters(AbstractMessageConverterMethodProcessor.java:365)
	at org.springframework.web.servlet.mvc.method.annotation.HttpEntityMethodProcessor.handleReturnValue(HttpEntityMethodProcessor.java:263)
	at org.springframework.web.method.support.HandlerMethodReturnValueHandlerComposite.handleReturnValue(HandlerMethodReturnValueHandlerComposite.java:78)
	at org.springframework.web.servlet.mvc.method.annotation.ServletInvocableHandlerMethod.invokeAndHandle(ServletInvocableHandlerMethod.java:136)
	at org.springframework.web.servlet.mvc.method.annotation.ExceptionHandlerExceptionResolver.doResolveHandlerMethodException(ExceptionHandlerExceptionResolver.java:471)
	at org.springframework.web.servlet.handler.AbstractHandlerMethodExceptionResolver.doResolveException(AbstractHandlerMethodExceptionResolver.java:73)
	at org.springframework.web.servlet.handler.AbstractHandlerExceptionResolver.resolveException(AbstractHandlerExceptionResolver.java:182)
	at org.springframework.web.servlet.handler.HandlerExceptionResolverComposite.resolveException(HandlerExceptionResolverComposite.java:80)
	at org.springframework.web.servlet.DispatcherServlet.processHandlerException(DispatcherServlet.java:1357)
	at org.springframework.web.servlet.DispatcherServlet.processDispatchResult(DispatcherServlet.java:1160)
	at org.springframework.web.servlet.DispatcherServlet.doDispatch(DispatcherServlet.java:1105)
	at org.springframework.web.servlet.DispatcherServlet.doService(DispatcherServlet.java:978)
	at org.springframework.web.servlet.FrameworkServlet.processRequest(FrameworkServlet.java:1014)
	at org.springframework.web.servlet.FrameworkServlet.doGet(FrameworkServlet.java:903)
	at jakarta.servlet.http.HttpServlet.service(HttpServlet.java:564)
	at org.springframework.web.servlet.FrameworkServlet.service(FrameworkServlet.java:885)
	at jakarta.servlet.http.HttpServlet.service(HttpServlet.java:658)
	at org.apache.catalina.core.ApplicationFilterChain.internalDoFilter(ApplicationFilterChain.java:195)
	at org.apache.catalina.core.ApplicationFilterChain.doFilter(ApplicationFilterChain.java:140)
	at org.apache.tomcat.websocket.server.WsFilter.doFilter(WsFilter.java:51)
	at org.apache.catalina.core.ApplicationFilterChain.internalDoFilter(ApplicationFilterChain.java:164)
	at org.apache.catalina.core.ApplicationFilterChain.doFilter(ApplicationFilterChain.java:140)
	at org.springframework.web.filter.OncePerRequestFilter.doFilter(OncePerRequestFilter.java:110)
	at org.apache.catalina.core.ApplicationFilterChain.internalDoFilter(ApplicationFilterChain.java:164)
	at org.apache.catalina.core.ApplicationFilterChain.doFilter(ApplicationFilterChain.java:140)
	at org.springframework.web.filter.OncePerRequestFilter.doFilter(OncePerRequestFilter.java:110)
	at org.apache.catalina.core.ApplicationFilterChain.internalDoFilter(ApplicationFilterChain.java:164)
	at org.apache.catalina.core.ApplicationFilterChain.doFilter(ApplicationFilterChain.java:140)
	at org.springframework.web.filter.OncePerRequestFilter.doFilter(OncePerRequestFilter.java:110)
	at org.apache.catalina.core.ApplicationFilterChain.internalDoFilter(ApplicationFilterChain.java:164)
	at org.apache.catalina.core.ApplicationFilterChain.doFilter(ApplicationFilterChain.java:140)
	at org.apache.catalina.core.ApplicationDispatcher.invoke(ApplicationDispatcher.java:633)
	at org.apache.catalina.core.ApplicationDispatcher.processRequest(ApplicationDispatcher.java:409)
	at org.apache.catalina.core.ApplicationDispatcher.doForward(ApplicationDispatcher.java:331)
	at org.apache.catalina.core.ApplicationDispatcher.forward(ApplicationDispatcher.java:268)
	at org.springframework.web.servlet.view.InternalResourceView.renderMergedOutputModel(InternalResourceView.java:171)
	at org.springframework.web.servlet.view.AbstractView.render(AbstractView.java:314)
	at org.springframework.web.servlet.DispatcherServlet.render(DispatcherServlet.java:1435)
	at org.springframework.web.servlet.DispatcherServlet.processDispatchResult(DispatcherServlet.java:1167)
	at org.springframework.web.servlet.DispatcherServlet.doDispatch(DispatcherServlet.java:1105)
	at org.springframework.web.servlet.DispatcherServlet.doService(DispatcherServlet.java:978)
	at org.springframework.web.servlet.FrameworkServlet.processRequest(FrameworkServlet.java:1014)
	at org.springframework.web.servlet.FrameworkServlet.doGet(FrameworkServlet.java:903)
	at jakarta.servlet.http.HttpServlet.service(HttpServlet.java:564)
	at org.springframework.web.servlet.FrameworkServlet.service(FrameworkServlet.java:885)
	at jakarta.servlet.http.HttpServlet.service(HttpServlet.java:658)
	at org.apache.catalina.core.ApplicationFilterChain.internalDoFilter(ApplicationFilterChain.java:195)
	at org.apache.catalina.core.ApplicationFilterChain.doFilter(ApplicationFilterChain.java:140)
	at org.apache.tomcat.websocket.server.WsFilter.doFilter(WsFilter.java:51)
	at org.apache.catalina.core.ApplicationFilterChain.internalDoFilter(ApplicationFilterChain.java:164)
	at org.apache.catalina.core.ApplicationFilterChain.doFilter(ApplicationFilterChain.java:140)
	at org.springframework.web.filter.RequestContextFilter.doFilterInternal(RequestContextFilter.java:100)
	at org.springframework.web.filter.OncePerRequestFilter.doFilter(OncePerRequestFilter.java:116)
	at org.apache.catalina.core.ApplicationFilterChain.internalDoFilter(ApplicationFilterChain.java:164)
	at org.apache.catalina.core.ApplicationFilterChain.doFilter(ApplicationFilterChain.java:140)
	at org.springframework.web.filter.FormContentFilter.doFilterInternal(FormContentFilter.java:93)
	at org.springframework.web.filter.OncePerRequestFilter.doFilter(OncePerRequestFilter.java:116)
	at org.apache.catalina.core.ApplicationFilterChain.internalDoFilter(ApplicationFilterChain.java:164)
	at org.apache.catalina.core.ApplicationFilterChain.doFilter(ApplicationFilterChain.java:140)
	at org.springframework.web.filter.ServerHttpObservationFilter.doFilterInternal(ServerHttpObservationFilter.java:114)
	at org.springframework.web.filter.OncePerRequestFilter.doFilter(OncePerRequestFilter.java:116)
	at org.apache.catalina.core.ApplicationFilterChain.internalDoFilter(ApplicationFilterChain.java:164)
	at org.apache.catalina.core.ApplicationFilterChain.doFilter(ApplicationFilterChain.java:140)
	at org.springframework.web.filter.CharacterEncodingFilter.doFilterInternal(CharacterEncodingFilter.java:201)
	at org.springframework.web.filter.OncePerRequestFilter.doFilter(OncePerRequestFilter.java:116)
	at org.apache.catalina.core.ApplicationFilterChain.internalDoFilter(ApplicationFilterChain.java:164)
	at org.apache.catalina.core.ApplicationFilterChain.doFilter(ApplicationFilterChain.java:140)
	at org.apache.catalina.core.StandardWrapperValve.invoke(StandardWrapperValve.java:167)
	at org.apache.catalina.core.StandardContextValve.invoke(StandardContextValve.java:90)
	at org.apache.catalina.authenticator.AuthenticatorBase.invoke(AuthenticatorBase.java:483)
	at org.apache.catalina.core.StandardHostValve.invoke(StandardHostValve.java:115)
	at org.apache.catalina.valves.ErrorReportValve.invoke(ErrorReportValve.java:93)
	at org.apache.catalina.core.StandardEngineValve.invoke(StandardEngineValve.java:74)
	at org.apache.catalina.connector.CoyoteAdapter.service(CoyoteAdapter.java:344)
	at org.apache.coyote.http11.Http11Processor.service(Http11Processor.java:397)
	at org.apache.coyote.AbstractProcessorLight.process(AbstractProcessorLight.java:63)
	at org.apache.coyote.AbstractProtocol$ConnectionHandler.process(AbstractProtocol.java:905)
	at org.apache.tomcat.util.net.NioEndpoint$SocketProcessor.doRun(NioEndpoint.java:1743)
	at org.apache.tomcat.util.net.SocketProcessorBase.run(SocketProcessorBase.java:52)
	at org.apache.tomcat.util.threads.ThreadPoolExecutor.runWorker(ThreadPoolExecutor.java:1190)
	at org.apache.tomcat.util.threads.ThreadPoolExecutor$Worker.run(ThreadPoolExecutor.java:659)
	at org.apache.tomcat.util.threads.TaskThread$WrappingRunnable.run(TaskThread.java:63)
	at java.base/java.lang.Thread.run(Thread.java:842)
26-02-28 11:26:14.904 [http-nio-8080-exec-37] WARN  o.s.w.s.m.m.a.ExceptionHandlerExceptionResolver - Failure in @ExceptionHandler com.sprint.mission.discodeit.exception.GlobalExceptionHandler#handleException(Exception)
org.springframework.http.converter.HttpMessageNotWritableException: No converter for [class com.sprint.mission.discodeit.response.ErrorResponse] with preset Content-Type 'text/html'
	at org.springframework.web.servlet.mvc.method.annotation.AbstractMessageConverterMethodProcessor.writeWithMessageConverters(AbstractMessageConverterMethodProcessor.java:365)
	at org.springframework.web.servlet.mvc.method.annotation.HttpEntityMethodProcessor.handleReturnValue(HttpEntityMethodProcessor.java:263)
	at org.springframework.web.method.support.HandlerMethodReturnValueHandlerComposite.handleReturnValue(HandlerMethodReturnValueHandlerComposite.java:78)
	at org.springframework.web.servlet.mvc.method.annotation.ServletInvocableHandlerMethod.invokeAndHandle(ServletInvocableHandlerMethod.java:136)
	at org.springframework.web.servlet.mvc.method.annotation.ExceptionHandlerExceptionResolver.doResolveHandlerMethodException(ExceptionHandlerExceptionResolver.java:471)
	at org.springframework.web.servlet.handler.AbstractHandlerMethodExceptionResolver.doResolveException(AbstractHandlerMethodExceptionResolver.java:73)
	at org.springframework.web.servlet.handler.AbstractHandlerExceptionResolver.resolveException(AbstractHandlerExceptionResolver.java:182)
	at org.springframework.web.servlet.handler.HandlerExceptionResolverComposite.resolveException(HandlerExceptionResolverComposite.java:80)
	at org.springframework.web.servlet.DispatcherServlet.processHandlerException(DispatcherServlet.java:1357)
	at org.springframework.web.servlet.DispatcherServlet.processDispatchResult(DispatcherServlet.java:1160)
	at org.springframework.web.servlet.DispatcherServlet.doDispatch(DispatcherServlet.java:1105)
	at org.springframework.web.servlet.DispatcherServlet.doService(DispatcherServlet.java:978)
	at org.springframework.web.servlet.FrameworkServlet.processRequest(FrameworkServlet.java:1014)
	at org.springframework.web.servlet.FrameworkServlet.doGet(FrameworkServlet.java:903)
	at jakarta.servlet.http.HttpServlet.service(HttpServlet.java:564)
	at org.springframework.web.servlet.FrameworkServlet.service(FrameworkServlet.java:885)
	at jakarta.servlet.http.HttpServlet.service(HttpServlet.java:658)
	at org.apache.catalina.core.ApplicationFilterChain.internalDoFilter(ApplicationFilterChain.java:195)
	at org.apache.catalina.core.ApplicationFilterChain.doFilter(ApplicationFilterChain.java:140)
	at org.apache.tomcat.websocket.server.WsFilter.doFilter(WsFilter.java:51)
	at org.apache.catalina.core.ApplicationFilterChain.internalDoFilter(ApplicationFilterChain.java:164)
	at org.apache.catalina.core.ApplicationFilterChain.doFilter(ApplicationFilterChain.java:140)
	at org.springframework.web.filter.OncePerRequestFilter.doFilter(OncePerRequestFilter.java:110)
	at org.apache.catalina.core.ApplicationFilterChain.internalDoFilter(ApplicationFilterChain.java:164)
	at org.apache.catalina.core.ApplicationFilterChain.doFilter(ApplicationFilterChain.java:140)
	at org.springframework.web.filter.OncePerRequestFilter.doFilter(OncePerRequestFilter.java:110)
	at org.apache.catalina.core.ApplicationFilterChain.internalDoFilter(ApplicationFilterChain.java:164)
	at org.apache.catalina.core.ApplicationFilterChain.doFilter(ApplicationFilterChain.java:140)
	at org.springframework.web.filter.OncePerRequestFilter.doFilter(OncePerRequestFilter.java:110)
	at org.apache.catalina.core.ApplicationFilterChain.internalDoFilter(ApplicationFilterChain.java:164)
	at org.apache.catalina.core.ApplicationFilterChain.doFilter(ApplicationFilterChain.java:140)
	at org.apache.catalina.core.ApplicationDispatcher.invoke(ApplicationDispatcher.java:633)
	at org.apache.catalina.core.ApplicationDispatcher.processRequest(ApplicationDispatcher.java:409)
	at org.apache.catalina.core.ApplicationDispatcher.doForward(ApplicationDispatcher.java:331)
	at org.apache.catalina.core.ApplicationDispatcher.forward(ApplicationDispatcher.java:268)
	at org.springframework.web.servlet.view.InternalResourceView.renderMergedOutputModel(InternalResourceView.java:171)
	at org.springframework.web.servlet.view.AbstractView.render(AbstractView.java:314)
	at org.springframework.web.servlet.DispatcherServlet.render(DispatcherServlet.java:1435)
	at org.springframework.web.servlet.DispatcherServlet.processDispatchResult(DispatcherServlet.java:1167)
	at org.springframework.web.servlet.DispatcherServlet.doDispatch(DispatcherServlet.java:1105)
	at org.springframework.web.servlet.DispatcherServlet.doService(DispatcherServlet.java:978)
	at org.springframework.web.servlet.FrameworkServlet.processRequest(FrameworkServlet.java:1014)
	at org.springframework.web.servlet.FrameworkServlet.doGet(FrameworkServlet.java:903)
	at jakarta.servlet.http.HttpServlet.service(HttpServlet.java:564)
	at org.springframework.web.servlet.FrameworkServlet.service(FrameworkServlet.java:885)
	at jakarta.servlet.http.HttpServlet.service(HttpServlet.java:658)
	at org.apache.catalina.core.ApplicationFilterChain.internalDoFilter(ApplicationFilterChain.java:195)
	at org.apache.catalina.core.ApplicationFilterChain.doFilter(ApplicationFilterChain.java:140)
	at org.apache.tomcat.websocket.server.WsFilter.doFilter(WsFilter.java:51)
	at org.apache.catalina.core.ApplicationFilterChain.internalDoFilter(ApplicationFilterChain.java:164)
	at org.apache.catalina.core.ApplicationFilterChain.doFilter(ApplicationFilterChain.java:140)
	at org.springframework.web.filter.RequestContextFilter.doFilterInternal(RequestContextFilter.java:100)
	at org.springframework.web.filter.OncePerRequestFilter.doFilter(OncePerRequestFilter.java:116)
	at org.apache.catalina.core.ApplicationFilterChain.internalDoFilter(ApplicationFilterChain.java:164)
	at org.apache.catalina.core.ApplicationFilterChain.doFilter(ApplicationFilterChain.java:140)
	at org.springframework.web.filter.FormContentFilter.doFilterInternal(FormContentFilter.java:93)
	at org.springframework.web.filter.OncePerRequestFilter.doFilter(OncePerRequestFilter.java:116)
	at org.apache.catalina.core.ApplicationFilterChain.internalDoFilter(ApplicationFilterChain.java:164)
	at org.apache.catalina.core.ApplicationFilterChain.doFilter(ApplicationFilterChain.java:140)
	at org.springframework.web.filter.ServerHttpObservationFilter.doFilterInternal(ServerHttpObservationFilter.java:114)
	at org.springframework.web.filter.OncePerRequestFilter.doFilter(OncePerRequestFilter.java:116)
	at org.apache.catalina.core.ApplicationFilterChain.internalDoFilter(ApplicationFilterChain.java:164)
	at org.apache.catalina.core.ApplicationFilterChain.doFilter(ApplicationFilterChain.java:140)
	at org.springframework.web.filter.CharacterEncodingFilter.doFilterInternal(CharacterEncodingFilter.java:201)
	at org.springframework.web.filter.OncePerRequestFilter.doFilter(OncePerRequestFilter.java:116)
	at org.apache.catalina.core.ApplicationFilterChain.internalDoFilter(ApplicationFilterChain.java:164)
	at org.apache.catalina.core.ApplicationFilterChain.doFilter(ApplicationFilterChain.java:140)
	at org.apache.catalina.core.StandardWrapperValve.invoke(StandardWrapperValve.java:167)
	at org.apache.catalina.core.StandardContextValve.invoke(StandardContextValve.java:90)
	at org.apache.catalina.authenticator.AuthenticatorBase.invoke(AuthenticatorBase.java:483)
	at org.apache.catalina.core.StandardHostValve.invoke(StandardHostValve.java:115)
	at org.apache.catalina.valves.ErrorReportValve.invoke(ErrorReportValve.java:93)
	at org.apache.catalina.core.StandardEngineValve.invoke(StandardEngineValve.java:74)
	at org.apache.catalina.connector.CoyoteAdapter.service(CoyoteAdapter.java:344)
	at org.apache.coyote.http11.Http11Processor.service(Http11Processor.java:397)
	at org.apache.coyote.AbstractProcessorLight.process(AbstractProcessorLight.java:63)
	at org.apache.coyote.AbstractProtocol$ConnectionHandler.process(AbstractProtocol.java:905)
	at org.apache.tomcat.util.net.NioEndpoint$SocketProcessor.doRun(NioEndpoint.java:1743)
	at org.apache.tomcat.util.net.SocketProcessorBase.run(SocketProcessorBase.java:52)
	at org.apache.tomcat.util.threads.ThreadPoolExecutor.runWorker(ThreadPoolExecutor.java:1190)
	at org.apache.tomcat.util.threads.ThreadPoolExecutor$Worker.run(ThreadPoolExecutor.java:659)
	at org.apache.tomcat.util.threads.TaskThread$WrappingRunnable.run(TaskThread.java:63)
	at java.base/java.lang.Thread.run(Thread.java:842)
26-02-28 11:26:14.916 [http-nio-8080-exec-15] WARN  o.s.w.s.m.m.a.ExceptionHandlerExceptionResolver - Failure in @ExceptionHandler com.sprint.mission.discodeit.exception.GlobalExceptionHandler#handleException(Exception)
org.springframework.http.converter.HttpMessageNotWritableException: No converter for [class com.sprint.mission.discodeit.response.ErrorResponse] with preset Content-Type 'text/html'
	at org.springframework.web.servlet.mvc.method.annotation.AbstractMessageConverterMethodProcessor.writeWithMessageConverters(AbstractMessageConverterMethodProcessor.java:365)
	at org.springframework.web.servlet.mvc.method.annotation.HttpEntityMethodProcessor.handleReturnValue(HttpEntityMethodProcessor.java:263)
	at org.springframework.web.method.support.HandlerMethodReturnValueHandlerComposite.handleReturnValue(HandlerMethodReturnValueHandlerComposite.java:78)
	at org.springframework.web.servlet.mvc.method.annotation.ServletInvocableHandlerMethod.invokeAndHandle(ServletInvocableHandlerMethod.java:136)
	at org.springframework.web.servlet.mvc.method.annotation.ExceptionHandlerExceptionResolver.doResolveHandlerMethodException(ExceptionHandlerExceptionResolver.java:471)
	at org.springframework.web.servlet.handler.AbstractHandlerMethodExceptionResolver.doResolveException(AbstractHandlerMethodExceptionResolver.java:73)
	at org.springframework.web.servlet.handler.AbstractHandlerExceptionResolver.resolveException(AbstractHandlerExceptionResolver.java:182)
	at org.springframework.web.servlet.handler.HandlerExceptionResolverComposite.resolveException(HandlerExceptionResolverComposite.java:80)
	at org.springframework.web.servlet.DispatcherServlet.processHandlerException(DispatcherServlet.java:1357)
	at org.springframework.web.servlet.DispatcherServlet.processDispatchResult(DispatcherServlet.java:1160)
	at org.springframework.web.servlet.DispatcherServlet.doDispatch(DispatcherServlet.java:1105)
	at org.springframework.web.servlet.DispatcherServlet.doService(DispatcherServlet.java:978)
	at org.springframework.web.servlet.FrameworkServlet.processRequest(FrameworkServlet.java:1014)
	at org.springframework.web.servlet.FrameworkServlet.doGet(FrameworkServlet.java:903)
	at jakarta.servlet.http.HttpServlet.service(HttpServlet.java:564)
	at org.springframework.web.servlet.FrameworkServlet.service(FrameworkServlet.java:885)
	at jakarta.servlet.http.HttpServlet.service(HttpServlet.java:658)
	at org.apache.catalina.core.ApplicationFilterChain.internalDoFilter(ApplicationFilterChain.java:195)
	at org.apache.catalina.core.ApplicationFilterChain.doFilter(ApplicationFilterChain.java:140)
	at org.apache.tomcat.websocket.server.WsFilter.doFilter(WsFilter.java:51)
	at org.apache.catalina.core.ApplicationFilterChain.internalDoFilter(ApplicationFilterChain.java:164)
	at org.apache.catalina.core.ApplicationFilterChain.doFilter(ApplicationFilterChain.java:140)
	at org.springframework.web.filter.OncePerRequestFilter.doFilter(OncePerRequestFilter.java:110)
	at org.apache.catalina.core.ApplicationFilterChain.internalDoFilter(ApplicationFilterChain.java:164)
	at org.apache.catalina.core.ApplicationFilterChain.doFilter(ApplicationFilterChain.java:140)
	at org.springframework.web.filter.OncePerRequestFilter.doFilter(OncePerRequestFilter.java:110)
	at org.apache.catalina.core.ApplicationFilterChain.internalDoFilter(ApplicationFilterChain.java:164)
	at org.apache.catalina.core.ApplicationFilterChain.doFilter(ApplicationFilterChain.java:140)
	at org.springframework.web.filter.OncePerRequestFilter.doFilter(OncePerRequestFilter.java:110)
	at org.apache.catalina.core.ApplicationFilterChain.internalDoFilter(ApplicationFilterChain.java:164)
	at org.apache.catalina.core.ApplicationFilterChain.doFilter(ApplicationFilterChain.java:140)
	at org.apache.catalina.core.ApplicationDispatcher.invoke(ApplicationDispatcher.java:633)
	at org.apache.catalina.core.ApplicationDispatcher.processRequest(ApplicationDispatcher.java:409)
	at org.apache.catalina.core.ApplicationDispatcher.doForward(ApplicationDispatcher.java:331)
	at org.apache.catalina.core.ApplicationDispatcher.forward(ApplicationDispatcher.java:268)
	at org.springframework.web.servlet.view.InternalResourceView.renderMergedOutputModel(InternalResourceView.java:171)
	at org.springframework.web.servlet.view.AbstractView.render(AbstractView.java:314)
	at org.springframework.web.servlet.DispatcherServlet.render(DispatcherServlet.java:1435)
	at org.springframework.web.servlet.DispatcherServlet.processDispatchResult(DispatcherServlet.java:1167)
	at org.springframework.web.servlet.DispatcherServlet.doDispatch(DispatcherServlet.java:1105)
	at org.springframework.web.servlet.DispatcherServlet.doService(DispatcherServlet.java:978)
	at org.springframework.web.servlet.FrameworkServlet.processRequest(FrameworkServlet.java:1014)
	at org.springframework.web.servlet.FrameworkServlet.doGet(FrameworkServlet.java:903)
	at jakarta.servlet.http.HttpServlet.service(HttpServlet.java:564)
	at org.springframework.web.servlet.FrameworkServlet.service(FrameworkServlet.java:885)
	at jakarta.servlet.http.HttpServlet.service(HttpServlet.java:658)
	at org.apache.catalina.core.ApplicationFilterChain.internalDoFilter(ApplicationFilterChain.java:195)
	at org.apache.catalina.core.ApplicationFilterChain.doFilter(ApplicationFilterChain.java:140)
	at org.apache.tomcat.websocket.server.WsFilter.doFilter(WsFilter.java:51)
	at org.apache.catalina.core.ApplicationFilterChain.internalDoFilter(ApplicationFilterChain.java:164)
	at org.apache.catalina.core.ApplicationFilterChain.doFilter(ApplicationFilterChain.java:140)
	at org.springframework.web.filter.RequestContextFilter.doFilterInternal(RequestContextFilter.java:100)
	at org.springframework.web.filter.OncePerRequestFilter.doFilter(OncePerRequestFilter.java:116)
	at org.apache.catalina.core.ApplicationFilterChain.internalDoFilter(ApplicationFilterChain.java:164)
	at org.apache.catalina.core.ApplicationFilterChain.doFilter(ApplicationFilterChain.java:140)
	at org.springframework.web.filter.FormContentFilter.doFilterInternal(FormContentFilter.java:93)
	at org.springframework.web.filter.OncePerRequestFilter.doFilter(OncePerRequestFilter.java:116)
	at org.apache.catalina.core.ApplicationFilterChain.internalDoFilter(ApplicationFilterChain.java:164)
	at org.apache.catalina.core.ApplicationFilterChain.doFilter(ApplicationFilterChain.java:140)
	at org.springframework.web.filter.ServerHttpObservationFilter.doFilterInternal(ServerHttpObservationFilter.java:114)
	at org.springframework.web.filter.OncePerRequestFilter.doFilter(OncePerRequestFilter.java:116)
	at org.apache.catalina.core.ApplicationFilterChain.internalDoFilter(ApplicationFilterChain.java:164)
	at org.apache.catalina.core.ApplicationFilterChain.doFilter(ApplicationFilterChain.java:140)
	at org.springframework.web.filter.CharacterEncodingFilter.doFilterInternal(CharacterEncodingFilter.java:201)
	at org.springframework.web.filter.OncePerRequestFilter.doFilter(OncePerRequestFilter.java:116)
	at org.apache.catalina.core.ApplicationFilterChain.internalDoFilter(ApplicationFilterChain.java:164)
	at org.apache.catalina.core.ApplicationFilterChain.doFilter(ApplicationFilterChain.java:140)
	at org.apache.catalina.core.StandardWrapperValve.invoke(StandardWrapperValve.java:167)
	at org.apache.catalina.core.StandardContextValve.invoke(StandardContextValve.java:90)
	at org.apache.catalina.authenticator.AuthenticatorBase.invoke(AuthenticatorBase.java:483)
	at org.apache.catalina.core.StandardHostValve.invoke(StandardHostValve.java:115)
	at org.apache.catalina.valves.ErrorReportValve.invoke(ErrorReportValve.java:93)
	at org.apache.catalina.core.StandardEngineValve.invoke(StandardEngineValve.java:74)
	at org.apache.catalina.connector.CoyoteAdapter.service(CoyoteAdapter.java:344)
	at org.apache.coyote.http11.Http11Processor.service(Http11Processor.java:397)
	at org.apache.coyote.AbstractProcessorLight.process(AbstractProcessorLight.java:63)
	at org.apache.coyote.AbstractProtocol$ConnectionHandler.process(AbstractProtocol.java:905)
	at org.apache.tomcat.util.net.NioEndpoint$SocketProcessor.doRun(NioEndpoint.java:1743)
	at org.apache.tomcat.util.net.SocketProcessorBase.run(SocketProcessorBase.java:52)
	at org.apache.tomcat.util.threads.ThreadPoolExecutor.runWorker(ThreadPoolExecutor.java:1190)
	at org.apache.tomcat.util.threads.ThreadPoolExecutor$Worker.run(ThreadPoolExecutor.java:659)
	at org.apache.tomcat.util.threads.TaskThread$WrappingRunnable.run(TaskThread.java:63)
	at java.base/java.lang.Thread.run(Thread.java:842)
26-02-28 11:26:19.163 [HikariPool-1 housekeeper] WARN  com.zaxxer.hikari.pool.HikariPool    - HikariPool-1 - Thread starvation or clock leap detected (housekeeper delta=6h47m38s320ms883?s200ns).
26-02-28 13:53:17.293 [HikariPool-1 housekeeper] WARN  com.zaxxer.hikari.pool.HikariPool    - HikariPool-1 - Thread starvation or clock leap detected (housekeeper delta=2h27m4s474ms382?s900ns).
26-02-28 20:57:25.853 [http-nio-8080-exec-30] INFO  o.a.coyote.http11.Http11Processor    - Error parsing HTTP request header
 Note: further occurrences of HTTP request parsing errors will be logged at DEBUG level.
java.lang.IllegalArgumentException: Invalid character found in method name [MGLNDD_39.117.32.46_80800x0a...]. HTTP method names must be tokens
	at org.apache.coyote.http11.Http11InputBuffer.parseRequestLine(Http11InputBuffer.java:409)
	at org.apache.coyote.http11.Http11Processor.service(Http11Processor.java:270)
	at org.apache.coyote.AbstractProcessorLight.process(AbstractProcessorLight.java:63)
	at org.apache.coyote.AbstractProtocol$ConnectionHandler.process(AbstractProtocol.java:905)
	at org.apache.tomcat.util.net.NioEndpoint$SocketProcessor.doRun(NioEndpoint.java:1743)
	at org.apache.tomcat.util.net.SocketProcessorBase.run(SocketProcessorBase.java:52)
	at org.apache.tomcat.util.threads.ThreadPoolExecutor.runWorker(ThreadPoolExecutor.java:1190)
	at org.apache.tomcat.util.threads.ThreadPoolExecutor$Worker.run(ThreadPoolExecutor.java:659)
	at org.apache.tomcat.util.threads.TaskThread$WrappingRunnable.run(TaskThread.java:63)
	at java.base/java.lang.Thread.run(Thread.java:842)
26-02-28 20:57:27.532 [http-nio-8080-exec-24] ERROR c.s.m.d.e.GlobalExceptionHandler     - Unhandled exception
org.apache.catalina.connector.ClientAbortException: java.io.IOException: ÇöÀç ¿¬°áÀº »ç¿ëÀÚÀÇ È£½ºÆ® ½Ã½ºÅÛÀÇ ¼ÒÇÁÆ®¿þ¾îÀÇ ÀÇÇØ Áß´ÜµÇ¾ú½À´Ï´Ù
	at org.apache.catalina.connector.OutputBuffer.doFlush(OutputBuffer.java:308)
	at org.apache.catalina.connector.OutputBuffer.flush(OutputBuffer.java:270)
	at org.apache.catalina.connector.CoyoteOutputStream.flush(CoyoteOutputStream.java:133)
	at org.springframework.http.converter.ResourceHttpMessageConverter.writeContent(ResourceHttpMessageConverter.java:161)
	at org.springframework.http.converter.ResourceHttpMessageConverter.writeInternal(ResourceHttpMessageConverter.java:115)
	at org.springframework.http.converter.ResourceHttpMessageConverter.writeInternal(ResourceHttpMessageConverter.java:46)
	at org.springframework.http.converter.AbstractHttpMessageConverter.write(AbstractHttpMessageConverter.java:235)
	at org.springframework.web.servlet.resource.ResourceHttpRequestHandler.handleRequest(ResourceHttpRequestHandler.java:621)
	at org.springframework.web.servlet.mvc.HttpRequestHandlerAdapter.handle(HttpRequestHandlerAdapter.java:52)
	at org.springframework.web.servlet.DispatcherServlet.doDispatch(DispatcherServlet.java:1088)
	at org.springframework.web.servlet.DispatcherServlet.doService(DispatcherServlet.java:978)
	at org.springframework.web.servlet.FrameworkServlet.processRequest(FrameworkServlet.java:1014)
	at org.springframework.web.servlet.FrameworkServlet.doGet(FrameworkServlet.java:903)
	at jakarta.servlet.http.HttpServlet.service(HttpServlet.java:564)
	at org.springframework.web.servlet.FrameworkServlet.service(FrameworkServlet.java:885)
	at jakarta.servlet.http.HttpServlet.service(HttpServlet.java:658)
	at org.apache.catalina.core.ApplicationFilterChain.internalDoFilter(ApplicationFilterChain.java:195)
	at org.apache.catalina.core.ApplicationFilterChain.doFilter(ApplicationFilterChain.java:140)
	at org.apache.tomcat.websocket.server.WsFilter.doFilter(WsFilter.java:51)
	at org.apache.catalina.core.ApplicationFilterChain.internalDoFilter(ApplicationFilterChain.java:164)
	at org.apache.catalina.core.ApplicationFilterChain.doFilter(ApplicationFilterChain.java:140)
	at org.springframework.web.filter.OncePerRequestFilter.doFilter(OncePerRequestFilter.java:110)
	at org.apache.catalina.core.ApplicationFilterChain.internalDoFilter(ApplicationFilterChain.java:164)
	at org.apache.catalina.core.ApplicationFilterChain.doFilter(ApplicationFilterChain.java:140)
	at org.springframework.web.filter.OncePerRequestFilter.doFilter(OncePerRequestFilter.java:110)
	at org.apache.catalina.core.ApplicationFilterChain.internalDoFilter(ApplicationFilterChain.java:164)
	at org.apache.catalina.core.ApplicationFilterChain.doFilter(ApplicationFilterChain.java:140)
	at org.springframework.web.filter.OncePerRequestFilter.doFilter(OncePerRequestFilter.java:110)
	at org.apache.catalina.core.ApplicationFilterChain.internalDoFilter(ApplicationFilterChain.java:164)
	at org.apache.catalina.core.ApplicationFilterChain.doFilter(ApplicationFilterChain.java:140)
	at org.apache.catalina.core.ApplicationDispatcher.invoke(ApplicationDispatcher.java:633)
	at org.apache.catalina.core.ApplicationDispatcher.processRequest(ApplicationDispatcher.java:409)
	at org.apache.catalina.core.ApplicationDispatcher.doForward(ApplicationDispatcher.java:331)
	at org.apache.catalina.core.ApplicationDispatcher.forward(ApplicationDispatcher.java:268)
	at org.springframework.web.servlet.view.InternalResourceView.renderMergedOutputModel(InternalResourceView.java:171)
	at org.springframework.web.servlet.view.AbstractView.render(AbstractView.java:314)
	at org.springframework.web.servlet.DispatcherServlet.render(DispatcherServlet.java:1435)
	at org.springframework.web.servlet.DispatcherServlet.processDispatchResult(DispatcherServlet.java:1167)
	at org.springframework.web.servlet.DispatcherServlet.doDispatch(DispatcherServlet.java:1105)
	at org.springframework.web.servlet.DispatcherServlet.doService(DispatcherServlet.java:978)
	at org.springframework.web.servlet.FrameworkServlet.processRequest(FrameworkServlet.java:1014)
	at org.springframework.web.servlet.FrameworkServlet.doGet(FrameworkServlet.java:903)
	at jakarta.servlet.http.HttpServlet.service(HttpServlet.java:564)
	at org.springframework.web.servlet.FrameworkServlet.service(FrameworkServlet.java:885)
	at jakarta.servlet.http.HttpServlet.service(HttpServlet.java:658)
	at org.apache.catalina.core.ApplicationFilterChain.internalDoFilter(ApplicationFilterChain.java:195)
	at org.apache.catalina.core.ApplicationFilterChain.doFilter(ApplicationFilterChain.java:140)
	at org.apache.tomcat.websocket.server.WsFilter.doFilter(WsFilter.java:51)
	at org.apache.catalina.core.ApplicationFilterChain.internalDoFilter(ApplicationFilterChain.java:164)
	at org.apache.catalina.core.ApplicationFilterChain.doFilter(ApplicationFilterChain.java:140)
	at org.springframework.web.filter.RequestContextFilter.doFilterInternal(RequestContextFilter.java:100)
	at org.springframework.web.filter.OncePerRequestFilter.doFilter(OncePerRequestFilter.java:116)
	at org.apache.catalina.core.ApplicationFilterChain.internalDoFilter(ApplicationFilterChain.java:164)
	at org.apache.catalina.core.ApplicationFilterChain.doFilter(ApplicationFilterChain.java:140)
	at org.springframework.web.filter.FormContentFilter.doFilterInternal(FormContentFilter.java:93)
	at org.springframework.web.filter.OncePerRequestFilter.doFilter(OncePerRequestFilter.java:116)
	at org.apache.catalina.core.ApplicationFilterChain.internalDoFilter(ApplicationFilterChain.java:164)
	at org.apache.catalina.core.ApplicationFilterChain.doFilter(ApplicationFilterChain.java:140)
	at org.springframework.web.filter.ServerHttpObservationFilter.doFilterInternal(ServerHttpObservationFilter.java:114)
	at org.springframework.web.filter.OncePerRequestFilter.doFilter(OncePerRequestFilter.java:116)
	at org.apache.catalina.core.ApplicationFilterChain.internalDoFilter(ApplicationFilterChain.java:164)
	at org.apache.catalina.core.ApplicationFilterChain.doFilter(ApplicationFilterChain.java:140)
	at org.springframework.web.filter.CharacterEncodingFilter.doFilterInternal(CharacterEncodingFilter.java:201)
	at org.springframework.web.filter.OncePerRequestFilter.doFilter(OncePerRequestFilter.java:116)
	at org.apache.catalina.core.ApplicationFilterChain.internalDoFilter(ApplicationFilterChain.java:164)
	at org.apache.catalina.core.ApplicationFilterChain.doFilter(ApplicationFilterChain.java:140)
	at org.apache.catalina.core.StandardWrapperValve.invoke(StandardWrapperValve.java:167)
	at org.apache.catalina.core.StandardContextValve.invoke(StandardContextValve.java:90)
	at org.apache.catalina.authenticator.AuthenticatorBase.invoke(AuthenticatorBase.java:483)
	at org.apache.catalina.core.StandardHostValve.invoke(StandardHostValve.java:115)
	at org.apache.catalina.valves.ErrorReportValve.invoke(ErrorReportValve.java:93)
	at org.apache.catalina.core.StandardEngineValve.invoke(StandardEngineValve.java:74)
	at org.apache.catalina.connector.CoyoteAdapter.service(CoyoteAdapter.java:344)
	at org.apache.coyote.http11.Http11Processor.service(Http11Processor.java:397)
	at org.apache.coyote.AbstractProcessorLight.process(AbstractProcessorLight.java:63)
	at org.apache.coyote.AbstractProtocol$ConnectionHandler.process(AbstractProtocol.java:905)
	at org.apache.tomcat.util.net.NioEndpoint$SocketProcessor.doRun(NioEndpoint.java:1743)
	at org.apache.tomcat.util.net.SocketProcessorBase.run(SocketProcessorBase.java:52)
	at org.apache.tomcat.util.threads.ThreadPoolExecutor.runWorker(ThreadPoolExecutor.java:1190)
	at org.apache.tomcat.util.threads.ThreadPoolExecutor$Worker.run(ThreadPoolExecutor.java:659)
	at org.apache.tomcat.util.threads.TaskThread$WrappingRunnable.run(TaskThread.java:63)
	at java.base/java.lang.Thread.run(Thread.java:842)
Caused by: java.io.IOException: ÇöÀç ¿¬°áÀº »ç¿ëÀÚÀÇ È£½ºÆ® ½Ã½ºÅÛÀÇ ¼ÒÇÁÆ®¿þ¾îÀÇ ÀÇÇØ Áß´ÜµÇ¾ú½À´Ï´Ù
	at java.base/sun.nio.ch.SocketDispatcher.write0(Native Method)
	at java.base/sun.nio.ch.SocketDispatcher.write(SocketDispatcher.java:54)
	at java.base/sun.nio.ch.IOUtil.writeFromNativeBuffer(IOUtil.java:132)
	at java.base/sun.nio.ch.IOUtil.write(IOUtil.java:97)
	at java.base/sun.nio.ch.IOUtil.write(IOUtil.java:53)
	at java.base/sun.nio.ch.SocketChannelImpl.write(SocketChannelImpl.java:532)
	at org.apache.tomcat.util.net.NioChannel.write(NioChannel.java:122)
	at org.apache.tomcat.util.net.NioEndpoint$NioSocketWrapper.doWrite(NioEndpoint.java:1380)
	at org.apache.tomcat.util.net.SocketWrapperBase.doWrite(SocketWrapperBase.java:764)
	at org.apache.tomcat.util.net.SocketWrapperBase.flushBlocking(SocketWrapperBase.java:728)
	at org.apache.tomcat.util.net.SocketWrapperBase.flush(SocketWrapperBase.java:712)
	at org.apache.coyote.http11.Http11OutputBuffer$SocketOutputBuffer.flush(Http11OutputBuffer.java:574)
	at org.apache.coyote.http11.filters.IdentityOutputFilter.flush(IdentityOutputFilter.java:117)
	at org.apache.coyote.http11.Http11OutputBuffer.flush(Http11OutputBuffer.java:216)
	at org.apache.coyote.http11.Http11Processor.flush(Http11Processor.java:1274)
	at org.apache.coyote.AbstractProcessor.action(AbstractProcessor.java:408)
	at org.apache.coyote.Response.action(Response.java:208)
	at org.apache.catalina.connector.OutputBuffer.doFlush(OutputBuffer.java:304)
	... 81 common frames omitted
26-02-28 20:57:28.025 [http-nio-8080-exec-24] WARN  o.s.w.s.m.m.a.ExceptionHandlerExceptionResolver - Failure in @ExceptionHandler com.sprint.mission.discodeit.exception.GlobalExceptionHandler#handleException(Exception)
org.springframework.http.converter.HttpMessageNotWritableException: No converter for [class com.sprint.mission.discodeit.response.ErrorResponse] with preset Content-Type 'text/html'
	at org.springframework.web.servlet.mvc.method.annotation.AbstractMessageConverterMethodProcessor.writeWithMessageConverters(AbstractMessageConverterMethodProcessor.java:365)
	at org.springframework.web.servlet.mvc.method.annotation.HttpEntityMethodProcessor.handleReturnValue(HttpEntityMethodProcessor.java:263)
	at org.springframework.web.method.support.HandlerMethodReturnValueHandlerComposite.handleReturnValue(HandlerMethodReturnValueHandlerComposite.java:78)
	at org.springframework.web.servlet.mvc.method.annotation.ServletInvocableHandlerMethod.invokeAndHandle(ServletInvocableHandlerMethod.java:136)
	at org.springframework.web.servlet.mvc.method.annotation.ExceptionHandlerExceptionResolver.doResolveHandlerMethodException(ExceptionHandlerExceptionResolver.java:471)
	at org.springframework.web.servlet.handler.AbstractHandlerMethodExceptionResolver.doResolveException(AbstractHandlerMethodExceptionResolver.java:73)
	at org.springframework.web.servlet.handler.AbstractHandlerExceptionResolver.resolveException(AbstractHandlerExceptionResolver.java:182)
	at org.springframework.web.servlet.handler.HandlerExceptionResolverComposite.resolveException(HandlerExceptionResolverComposite.java:80)
	at org.springframework.web.servlet.DispatcherServlet.processHandlerException(DispatcherServlet.java:1357)
	at org.springframework.web.servlet.DispatcherServlet.processDispatchResult(DispatcherServlet.java:1160)
	at org.springframework.web.servlet.DispatcherServlet.doDispatch(DispatcherServlet.java:1105)
	at org.springframework.web.servlet.DispatcherServlet.doService(DispatcherServlet.java:978)
	at org.springframework.web.servlet.FrameworkServlet.processRequest(FrameworkServlet.java:1014)
	at org.springframework.web.servlet.FrameworkServlet.doGet(FrameworkServlet.java:903)
	at jakarta.servlet.http.HttpServlet.service(HttpServlet.java:564)
	at org.springframework.web.servlet.FrameworkServlet.service(FrameworkServlet.java:885)
	at jakarta.servlet.http.HttpServlet.service(HttpServlet.java:658)
	at org.apache.catalina.core.ApplicationFilterChain.internalDoFilter(ApplicationFilterChain.java:195)
	at org.apache.catalina.core.ApplicationFilterChain.doFilter(ApplicationFilterChain.java:140)
	at org.apache.tomcat.websocket.server.WsFilter.doFilter(WsFilter.java:51)
	at org.apache.catalina.core.ApplicationFilterChain.internalDoFilter(ApplicationFilterChain.java:164)
	at org.apache.catalina.core.ApplicationFilterChain.doFilter(ApplicationFilterChain.java:140)
	at org.springframework.web.filter.OncePerRequestFilter.doFilter(OncePerRequestFilter.java:110)
	at org.apache.catalina.core.ApplicationFilterChain.internalDoFilter(ApplicationFilterChain.java:164)
	at org.apache.catalina.core.ApplicationFilterChain.doFilter(ApplicationFilterChain.java:140)
	at org.springframework.web.filter.OncePerRequestFilter.doFilter(OncePerRequestFilter.java:110)
	at org.apache.catalina.core.ApplicationFilterChain.internalDoFilter(ApplicationFilterChain.java:164)
	at org.apache.catalina.core.ApplicationFilterChain.doFilter(ApplicationFilterChain.java:140)
	at org.springframework.web.filter.OncePerRequestFilter.doFilter(OncePerRequestFilter.java:110)
	at org.apache.catalina.core.ApplicationFilterChain.internalDoFilter(ApplicationFilterChain.java:164)
	at org.apache.catalina.core.ApplicationFilterChain.doFilter(ApplicationFilterChain.java:140)
	at org.apache.catalina.core.ApplicationDispatcher.invoke(ApplicationDispatcher.java:633)
	at org.apache.catalina.core.ApplicationDispatcher.processRequest(ApplicationDispatcher.java:409)
	at org.apache.catalina.core.ApplicationDispatcher.doForward(ApplicationDispatcher.java:331)
	at org.apache.catalina.core.ApplicationDispatcher.forward(ApplicationDispatcher.java:268)
	at org.springframework.web.servlet.view.InternalResourceView.renderMergedOutputModel(InternalResourceView.java:171)
	at org.springframework.web.servlet.view.AbstractView.render(AbstractView.java:314)
	at org.springframework.web.servlet.DispatcherServlet.render(DispatcherServlet.java:1435)
	at org.springframework.web.servlet.DispatcherServlet.processDispatchResult(DispatcherServlet.java:1167)
	at org.springframework.web.servlet.DispatcherServlet.doDispatch(DispatcherServlet.java:1105)
	at org.springframework.web.servlet.DispatcherServlet.doService(DispatcherServlet.java:978)
	at org.springframework.web.servlet.FrameworkServlet.processRequest(FrameworkServlet.java:1014)
	at org.springframework.web.servlet.FrameworkServlet.doGet(FrameworkServlet.java:903)
	at jakarta.servlet.http.HttpServlet.service(HttpServlet.java:564)
	at org.springframework.web.servlet.FrameworkServlet.service(FrameworkServlet.java:885)
	at jakarta.servlet.http.HttpServlet.service(HttpServlet.java:658)
	at org.apache.catalina.core.ApplicationFilterChain.internalDoFilter(ApplicationFilterChain.java:195)
	at org.apache.catalina.core.ApplicationFilterChain.doFilter(ApplicationFilterChain.java:140)
	at org.apache.tomcat.websocket.server.WsFilter.doFilter(WsFilter.java:51)
	at org.apache.catalina.core.ApplicationFilterChain.internalDoFilter(ApplicationFilterChain.java:164)
	at org.apache.catalina.core.ApplicationFilterChain.doFilter(ApplicationFilterChain.java:140)
	at org.springframework.web.filter.RequestContextFilter.doFilterInternal(RequestContextFilter.java:100)
	at org.springframework.web.filter.OncePerRequestFilter.doFilter(OncePerRequestFilter.java:116)
	at org.apache.catalina.core.ApplicationFilterChain.internalDoFilter(ApplicationFilterChain.java:164)
	at org.apache.catalina.core.ApplicationFilterChain.doFilter(ApplicationFilterChain.java:140)
	at org.springframework.web.filter.FormContentFilter.doFilterInternal(FormContentFilter.java:93)
	at org.springframework.web.filter.OncePerRequestFilter.doFilter(OncePerRequestFilter.java:116)
	at org.apache.catalina.core.ApplicationFilterChain.internalDoFilter(ApplicationFilterChain.java:164)
	at org.apache.catalina.core.ApplicationFilterChain.doFilter(ApplicationFilterChain.java:140)
	at org.springframework.web.filter.ServerHttpObservationFilter.doFilterInternal(ServerHttpObservationFilter.java:114)
	at org.springframework.web.filter.OncePerRequestFilter.doFilter(OncePerRequestFilter.java:116)
	at org.apache.catalina.core.ApplicationFilterChain.internalDoFilter(ApplicationFilterChain.java:164)
	at org.apache.catalina.core.ApplicationFilterChain.doFilter(ApplicationFilterChain.java:140)
	at org.springframework.web.filter.CharacterEncodingFilter.doFilterInternal(CharacterEncodingFilter.java:201)
	at org.springframework.web.filter.OncePerRequestFilter.doFilter(OncePerRequestFilter.java:116)
	at org.apache.catalina.core.ApplicationFilterChain.internalDoFilter(ApplicationFilterChain.java:164)
	at org.apache.catalina.core.ApplicationFilterChain.doFilter(ApplicationFilterChain.java:140)
	at org.apache.catalina.core.StandardWrapperValve.invoke(StandardWrapperValve.java:167)
	at org.apache.catalina.core.StandardContextValve.invoke(StandardContextValve.java:90)
	at org.apache.catalina.authenticator.AuthenticatorBase.invoke(AuthenticatorBase.java:483)
	at org.apache.catalina.core.StandardHostValve.invoke(StandardHostValve.java:115)
	at org.apache.catalina.valves.ErrorReportValve.invoke(ErrorReportValve.java:93)
	at org.apache.catalina.core.StandardEngineValve.invoke(StandardEngineValve.java:74)
	at org.apache.catalina.connector.CoyoteAdapter.service(CoyoteAdapter.java:344)
	at org.apache.coyote.http11.Http11Processor.service(Http11Processor.java:397)
	at org.apache.coyote.AbstractProcessorLight.process(AbstractProcessorLight.java:63)
	at org.apache.coyote.AbstractProtocol$ConnectionHandler.process(AbstractProtocol.java:905)
	at org.apache.tomcat.util.net.NioEndpoint$SocketProcessor.doRun(NioEndpoint.java:1743)
	at org.apache.tomcat.util.net.SocketProcessorBase.run(SocketProcessorBase.java:52)
	at org.apache.tomcat.util.threads.ThreadPoolExecutor.runWorker(ThreadPoolExecutor.java:1190)
	at org.apache.tomcat.util.threads.ThreadPoolExecutor$Worker.run(ThreadPoolExecutor.java:659)
	at org.apache.tomcat.util.threads.TaskThread$WrappingRunnable.run(TaskThread.java:63)
	at java.base/java.lang.Thread.run(Thread.java:842)
26-02-28 20:57:53.408 [HikariPool-1 housekeeper] WARN  com.zaxxer.hikari.pool.HikariPool    - HikariPool-1 - Thread starvation or clock leap detected (housekeeper delta=2h51m31s480ms238?s).
