26-02-17 14:29:39.689 [main] INFO  c.s.m.discodeit.DiscodeitApplication - Starting DiscodeitApplication using Java 17.0.16 with PID 39204 (C:\myWs\Mission\8-sprint-mission\build\classes\java\main started by samsung in C:\myWs\Mission\8-sprint-mission)
26-02-17 14:29:39.715 [main] INFO  c.s.m.discodeit.DiscodeitApplication - No active profile set, falling back to 1 default profile: "default"
26-02-17 14:29:42.653 [main] WARN  o.s.b.w.s.c.AnnotationConfigServletWebServerApplicationContext - Exception encountered during context initialization - cancelling refresh attempt: org.springframework.beans.factory.support.BeanDefinitionOverrideException: Invalid bean definition with name 'jpaAuditingHandler' defined in null: Cannot register bean definition [Root bean: class=org.springframework.data.auditing.AuditingHandler; scope=; abstract=false; lazyInit=null; autowireMode=2; dependencyCheck=0; autowireCandidate=true; primary=false; fallback=false; factoryBeanName=null; factoryMethodName=from; initMethodNames=null; destroyMethodNames=null] for bean 'jpaAuditingHandler' since there is already [Root bean: class=org.springframework.data.auditing.AuditingHandler; scope=; abstract=false; lazyInit=null; autowireMode=2; dependencyCheck=0; autowireCandidate=true; primary=false; fallback=false; factoryBeanName=null; factoryMethodName=from; initMethodNames=null; destroyMethodNames=null] bound.
26-02-17 14:29:42.674 [main] INFO  o.s.b.a.l.ConditionEvaluationReportLogger - 

Error starting ApplicationContext. To display the condition evaluation report re-run your application with 'debug' enabled.
26-02-17 14:29:42.732 [main] ERROR o.s.b.d.LoggingFailureAnalysisReporter - 

***************************
APPLICATION FAILED TO START
***************************

Description:

The bean 'jpaAuditingHandler' could not be registered. A bean with that name has already been defined and overriding is disabled.

Action:

Consider renaming one of the beans or enabling overriding by setting spring.main.allow-bean-definition-overriding=true

26-02-17 14:32:58.931 [main] INFO  c.s.m.discodeit.DiscodeitApplication - Starting DiscodeitApplication using Java 17.0.16 with PID 25224 (C:\myWs\Mission\8-sprint-mission\build\classes\java\main started by samsung in C:\myWs\Mission\8-sprint-mission)
26-02-17 14:32:58.934 [main] INFO  c.s.m.discodeit.DiscodeitApplication - No active profile set, falling back to 1 default profile: "default"
26-02-17 14:32:59.896 [main] WARN  o.s.b.w.s.c.AnnotationConfigServletWebServerApplicationContext - Exception encountered during context initialization - cancelling refresh attempt: org.springframework.beans.factory.support.BeanDefinitionOverrideException: Invalid bean definition with name 'jpaAuditingHandler' defined in null: Cannot register bean definition [Root bean: class=org.springframework.data.auditing.AuditingHandler; scope=; abstract=false; lazyInit=null; autowireMode=2; dependencyCheck=0; autowireCandidate=true; primary=false; fallback=false; factoryBeanName=null; factoryMethodName=from; initMethodNames=null; destroyMethodNames=null] for bean 'jpaAuditingHandler' since there is already [Root bean: class=org.springframework.data.auditing.AuditingHandler; scope=; abstract=false; lazyInit=null; autowireMode=2; dependencyCheck=0; autowireCandidate=true; primary=false; fallback=false; factoryBeanName=null; factoryMethodName=from; initMethodNames=null; destroyMethodNames=null] bound.
26-02-17 14:32:59.907 [main] INFO  o.s.b.a.l.ConditionEvaluationReportLogger - 

Error starting ApplicationContext. To display the condition evaluation report re-run your application with 'debug' enabled.
26-02-17 14:32:59.943 [main] ERROR o.s.b.d.LoggingFailureAnalysisReporter - 

***************************
APPLICATION FAILED TO START
***************************

Description:

The bean 'jpaAuditingHandler' could not be registered. A bean with that name has already been defined and overriding is disabled.

Action:

Consider renaming one of the beans or enabling overriding by setting spring.main.allow-bean-definition-overriding=true

26-02-17 14:33:11.350 [main] INFO  c.s.m.discodeit.DiscodeitApplication - Starting DiscodeitApplication using Java 17.0.16 with PID 40880 (C:\myWs\Mission\8-sprint-mission\build\classes\java\main started by samsung in C:\myWs\Mission\8-sprint-mission)
26-02-17 14:33:11.353 [main] INFO  c.s.m.discodeit.DiscodeitApplication - No active profile set, falling back to 1 default profile: "default"
26-02-17 14:33:12.186 [main] WARN  o.s.b.w.s.c.AnnotationConfigServletWebServerApplicationContext - Exception encountered during context initialization - cancelling refresh attempt: org.springframework.beans.factory.support.BeanDefinitionOverrideException: Invalid bean definition with name 'jpaAuditingHandler' defined in null: Cannot register bean definition [Root bean: class=org.springframework.data.auditing.AuditingHandler; scope=; abstract=false; lazyInit=null; autowireMode=2; dependencyCheck=0; autowireCandidate=true; primary=false; fallback=false; factoryBeanName=null; factoryMethodName=from; initMethodNames=null; destroyMethodNames=null] for bean 'jpaAuditingHandler' since there is already [Root bean: class=org.springframework.data.auditing.AuditingHandler; scope=; abstract=false; lazyInit=null; autowireMode=2; dependencyCheck=0; autowireCandidate=true; primary=false; fallback=false; factoryBeanName=null; factoryMethodName=from; initMethodNames=null; destroyMethodNames=null] bound.
26-02-17 14:33:12.197 [main] INFO  o.s.b.a.l.ConditionEvaluationReportLogger - 

Error starting ApplicationContext. To display the condition evaluation report re-run your application with 'debug' enabled.
26-02-17 14:33:12.226 [main] ERROR o.s.b.d.LoggingFailureAnalysisReporter - 

***************************
APPLICATION FAILED TO START
***************************

Description:

The bean 'jpaAuditingHandler' could not be registered. A bean with that name has already been defined and overriding is disabled.

Action:

Consider renaming one of the beans or enabling overriding by setting spring.main.allow-bean-definition-overriding=true

26-02-17 14:34:47.847 [main] INFO  c.s.m.discodeit.DiscodeitApplication - Starting DiscodeitApplication using Java 17.0.16 with PID 10128 (C:\myWs\Mission\8-sprint-mission\build\classes\java\main started by samsung in C:\myWs\Mission\8-sprint-mission)
26-02-17 14:34:47.851 [main] INFO  c.s.m.discodeit.DiscodeitApplication - No active profile set, falling back to 1 default profile: "default"
26-02-17 14:34:48.724 [main] INFO  o.s.d.r.c.RepositoryConfigurationDelegate - Bootstrapping Spring Data JPA repositories in DEFAULT mode.
26-02-17 14:34:48.740 [main] INFO  o.s.d.r.c.RepositoryConfigurationDelegate - Finished Spring Data repository scanning in 5 ms. Found 0 JPA repository interfaces.
26-02-17 14:34:49.809 [main] INFO  o.s.b.w.e.tomcat.TomcatWebServer     - Tomcat initialized with port 8080 (http)
26-02-17 14:34:49.824 [main] INFO  o.a.coyote.http11.Http11NioProtocol  - Initializing ProtocolHandler ["http-nio-8080"]
26-02-17 14:34:49.826 [main] INFO  o.a.catalina.core.StandardService    - Starting service [Tomcat]
26-02-17 14:34:49.827 [main] INFO  o.a.catalina.core.StandardEngine     - Starting Servlet engine: [Apache Tomcat/10.1.50]
26-02-17 14:34:49.950 [main] INFO  o.a.c.c.C.[Tomcat].[localhost].[/]   - Initializing Spring embedded WebApplicationContext
26-02-17 14:34:49.950 [main] INFO  o.s.b.w.s.c.ServletWebServerApplicationContext - Root WebApplicationContext: initialization completed in 2027 ms
26-02-17 14:34:50.168 [main] INFO  com.zaxxer.hikari.HikariDataSource   - HikariPool-1 - Starting...
26-02-17 14:34:50.571 [main] INFO  com.zaxxer.hikari.pool.HikariPool    - HikariPool-1 - Added connection org.postgresql.jdbc.PgConnection@4e50ae56
26-02-17 14:34:50.575 [main] INFO  com.zaxxer.hikari.HikariDataSource   - HikariPool-1 - Start completed.
26-02-17 14:34:50.776 [main] INFO  o.h.jpa.internal.util.LogHelper      - HHH000204: Processing PersistenceUnitInfo [name: default]
26-02-17 14:34:50.944 [main] INFO  org.hibernate.Version                - HHH000412: Hibernate ORM core version 6.6.39.Final
26-02-17 14:34:51.028 [main] INFO  o.h.c.i.RegionFactoryInitiator       - HHH000026: Second-level cache disabled
26-02-17 14:34:51.558 [main] INFO  o.s.o.j.p.SpringPersistenceUnitInfo  - No LoadTimeWeaver setup: ignoring JPA class transformer
26-02-17 14:34:51.653 [main] WARN  org.hibernate.orm.deprecation        - HHH90000025: PostgreSQLDialect does not need to be specified explicitly using 'hibernate.dialect' (remove the property setting and it will be selected by default)
26-02-17 14:34:51.680 [main] INFO  o.hibernate.orm.connections.pooling  - HHH10001005: Database info:
	Database JDBC URL [Connecting through datasource 'HikariDataSource (HikariPool-1)']
	Database driver: undefined/unknown
	Database version: 17.7
	Autocommit mode: undefined/unknown
	Isolation level: undefined/unknown
	Minimum pool size: undefined/unknown
	Maximum pool size: undefined/unknown
26-02-17 14:34:53.114 [main] INFO  o.h.e.t.j.p.i.JtaPlatformInitiator   - HHH000489: No JTA platform available (set 'hibernate.transaction.jta.platform' to enable JTA platform integration)
26-02-17 14:34:53.211 [main] DEBUG org.hibernate.SQL                    - 
    create table discodeit.binary_contents (
        id uuid not null,
        created_at timestamp with time zone not null,
        content_type varchar(100) not null,
        file_name varchar(255) not null,
        size bigint not null,
        primary key (id)
    )
26-02-17 14:34:53.217 [main] WARN  o.h.t.s.i.ExceptionHandlerLoggedImpl - GenerationTarget encountered exception accepting command : Error executing DDL "
    create table discodeit.binary_contents (
        id uuid not null,
        created_at timestamp with time zone not null,
        content_type varchar(100) not null,
        file_name varchar(255) not null,
        size bigint not null,
        primary key (id)
    )" via JDBC [ERROR: schema "discodeit" does not exist
  Position: 20]
org.hibernate.tool.schema.spi.CommandAcceptanceException: Error executing DDL "
    create table discodeit.binary_contents (
        id uuid not null,
        created_at timestamp with time zone not null,
        content_type varchar(100) not null,
        file_name varchar(255) not null,
        size bigint not null,
        primary key (id)
    )" via JDBC [ERROR: schema "discodeit" does not exist
  Position: 20]
	at org.hibernate.tool.schema.internal.exec.GenerationTargetToDatabase.accept(GenerationTargetToDatabase.java:94)
	at org.hibernate.tool.schema.internal.AbstractSchemaMigrator.applySqlString(AbstractSchemaMigrator.java:576)
	at org.hibernate.tool.schema.internal.AbstractSchemaMigrator.applySqlStrings(AbstractSchemaMigrator.java:516)
	at org.hibernate.tool.schema.internal.AbstractSchemaMigrator.createTable(AbstractSchemaMigrator.java:316)
	at org.hibernate.tool.schema.internal.GroupedSchemaMigratorImpl.performTablesMigration(GroupedSchemaMigratorImpl.java:80)
	at org.hibernate.tool.schema.internal.AbstractSchemaMigrator.performMigration(AbstractSchemaMigrator.java:233)
	at org.hibernate.tool.schema.internal.AbstractSchemaMigrator.doMigration(AbstractSchemaMigrator.java:112)
	at org.hibernate.tool.schema.spi.SchemaManagementToolCoordinator.performDatabaseAction(SchemaManagementToolCoordinator.java:280)
	at org.hibernate.tool.schema.spi.SchemaManagementToolCoordinator.lambda$process$5(SchemaManagementToolCoordinator.java:144)
	at java.base/java.util.HashMap.forEach(HashMap.java:1421)
	at org.hibernate.tool.schema.spi.SchemaManagementToolCoordinator.process(SchemaManagementToolCoordinator.java:141)
	at org.hibernate.boot.internal.SessionFactoryObserverForSchemaExport.sessionFactoryCreated(SessionFactoryObserverForSchemaExport.java:37)
	at org.hibernate.internal.SessionFactoryObserverChain.sessionFactoryCreated(SessionFactoryObserverChain.java:35)
	at org.hibernate.internal.SessionFactoryImpl.<init>(SessionFactoryImpl.java:324)
	at org.hibernate.boot.internal.SessionFactoryBuilderImpl.build(SessionFactoryBuilderImpl.java:463)
	at org.hibernate.jpa.boot.internal.EntityManagerFactoryBuilderImpl.build(EntityManagerFactoryBuilderImpl.java:1517)
	at org.springframework.orm.jpa.vendor.SpringHibernateJpaPersistenceProvider.createContainerEntityManagerFactory(SpringHibernateJpaPersistenceProvider.java:66)
	at org.springframework.orm.jpa.LocalContainerEntityManagerFactoryBean.createNativeEntityManagerFactory(LocalContainerEntityManagerFactoryBean.java:390)
	at org.springframework.orm.jpa.AbstractEntityManagerFactoryBean.buildNativeEntityManagerFactory(AbstractEntityManagerFactoryBean.java:419)
	at org.springframework.orm.jpa.AbstractEntityManagerFactoryBean.afterPropertiesSet(AbstractEntityManagerFactoryBean.java:400)
	at org.springframework.orm.jpa.LocalContainerEntityManagerFactoryBean.afterPropertiesSet(LocalContainerEntityManagerFactoryBean.java:366)
	at org.springframework.beans.factory.support.AbstractAutowireCapableBeanFactory.invokeInitMethods(AbstractAutowireCapableBeanFactory.java:1873)
	at org.springframework.beans.factory.support.AbstractAutowireCapableBeanFactory.initializeBean(AbstractAutowireCapableBeanFactory.java:1822)
	at org.springframework.beans.factory.support.AbstractAutowireCapableBeanFactory.doCreateBean(AbstractAutowireCapableBeanFactory.java:607)
	at org.springframework.beans.factory.support.AbstractAutowireCapableBeanFactory.createBean(AbstractAutowireCapableBeanFactory.java:529)
	at org.springframework.beans.factory.support.AbstractBeanFactory.lambda$doGetBean$0(AbstractBeanFactory.java:339)
	at org.springframework.beans.factory.support.DefaultSingletonBeanRegistry.getSingleton(DefaultSingletonBeanRegistry.java:373)
	at org.springframework.beans.factory.support.AbstractBeanFactory.doGetBean(AbstractBeanFactory.java:337)
	at org.springframework.beans.factory.support.AbstractBeanFactory.getBean(AbstractBeanFactory.java:207)
	at org.springframework.context.support.AbstractApplicationContext.finishBeanFactoryInitialization(AbstractApplicationContext.java:973)
	at org.springframework.context.support.AbstractApplicationContext.refresh(AbstractApplicationContext.java:627)
	at org.springframework.boot.web.servlet.context.ServletWebServerApplicationContext.refresh(ServletWebServerApplicationContext.java:146)
	at org.springframework.boot.SpringApplication.refresh(SpringApplication.java:752)
	at org.springframework.boot.SpringApplication.refreshContext(SpringApplication.java:439)
	at org.springframework.boot.SpringApplication.run(SpringApplication.java:318)
	at org.springframework.boot.SpringApplication.run(SpringApplication.java:1361)
	at org.springframework.boot.SpringApplication.run(SpringApplication.java:1350)
	at com.sprint.mission.discodeit.DiscodeitApplication.main(DiscodeitApplication.java:14)
Caused by: org.postgresql.util.PSQLException: ERROR: schema "discodeit" does not exist
  Position: 20
	at org.postgresql.core.v3.QueryExecutorImpl.receiveErrorResponse(QueryExecutorImpl.java:2736)
	at org.postgresql.core.v3.QueryExecutorImpl.processResults(QueryExecutorImpl.java:2421)
	at org.postgresql.core.v3.QueryExecutorImpl.execute(QueryExecutorImpl.java:372)
	at org.postgresql.jdbc.PgStatement.executeInternal(PgStatement.java:525)
	at org.postgresql.jdbc.PgStatement.execute(PgStatement.java:435)
	at org.postgresql.jdbc.PgStatement.executeWithFlags(PgStatement.java:357)
	at org.postgresql.jdbc.PgStatement.executeCachedSql(PgStatement.java:342)
	at org.postgresql.jdbc.PgStatement.executeWithFlags(PgStatement.java:318)
	at org.postgresql.jdbc.PgStatement.execute(PgStatement.java:313)
	at com.zaxxer.hikari.pool.ProxyStatement.execute(ProxyStatement.java:95)
	at com.zaxxer.hikari.pool.HikariProxyStatement.execute(HikariProxyStatement.java)
	at org.hibernate.tool.schema.internal.exec.GenerationTargetToDatabase.accept(GenerationTargetToDatabase.java:80)
	... 37 common frames omitted
26-02-17 14:34:53.222 [main] DEBUG org.hibernate.SQL                    - 
    create table discodeit.channels (
        id uuid not null,
        created_at timestamp with time zone not null,
        updated_at timestamp with time zone,
        description varchar(500),
        name varchar(100),
        type varchar(255) not null check (type in ('PUBLIC','PRIVATE')),
        primary key (id)
    )
26-02-17 14:34:53.223 [main] WARN  o.h.t.s.i.ExceptionHandlerLoggedImpl - GenerationTarget encountered exception accepting command : Error executing DDL "
    create table discodeit.channels (
        id uuid not null,
        created_at timestamp with time zone not null,
        updated_at timestamp with time zone,
        description varchar(500),
        name varchar(100),
        type varchar(255) not null check (type in ('PUBLIC','PRIVATE')),
        primary key (id)
    )" via JDBC [ERROR: schema "discodeit" does not exist
  Position: 20]
org.hibernate.tool.schema.spi.CommandAcceptanceException: Error executing DDL "
    create table discodeit.channels (
        id uuid not null,
        created_at timestamp with time zone not null,
        updated_at timestamp with time zone,
        description varchar(500),
        name varchar(100),
        type varchar(255) not null check (type in ('PUBLIC','PRIVATE')),
        primary key (id)
    )" via JDBC [ERROR: schema "discodeit" does not exist
  Position: 20]
	at org.hibernate.tool.schema.internal.exec.GenerationTargetToDatabase.accept(GenerationTargetToDatabase.java:94)
	at org.hibernate.tool.schema.internal.AbstractSchemaMigrator.applySqlString(AbstractSchemaMigrator.java:576)
	at org.hibernate.tool.schema.internal.AbstractSchemaMigrator.applySqlStrings(AbstractSchemaMigrator.java:516)
	at org.hibernate.tool.schema.internal.AbstractSchemaMigrator.createTable(AbstractSchemaMigrator.java:316)
	at org.hibernate.tool.schema.internal.GroupedSchemaMigratorImpl.performTablesMigration(GroupedSchemaMigratorImpl.java:80)
	at org.hibernate.tool.schema.internal.AbstractSchemaMigrator.performMigration(AbstractSchemaMigrator.java:233)
	at org.hibernate.tool.schema.internal.AbstractSchemaMigrator.doMigration(AbstractSchemaMigrator.java:112)
	at org.hibernate.tool.schema.spi.SchemaManagementToolCoordinator.performDatabaseAction(SchemaManagementToolCoordinator.java:280)
	at org.hibernate.tool.schema.spi.SchemaManagementToolCoordinator.lambda$process$5(SchemaManagementToolCoordinator.java:144)
	at java.base/java.util.HashMap.forEach(HashMap.java:1421)
	at org.hibernate.tool.schema.spi.SchemaManagementToolCoordinator.process(SchemaManagementToolCoordinator.java:141)
	at org.hibernate.boot.internal.SessionFactoryObserverForSchemaExport.sessionFactoryCreated(SessionFactoryObserverForSchemaExport.java:37)
	at org.hibernate.internal.SessionFactoryObserverChain.sessionFactoryCreated(SessionFactoryObserverChain.java:35)
	at org.hibernate.internal.SessionFactoryImpl.<init>(SessionFactoryImpl.java:324)
	at org.hibernate.boot.internal.SessionFactoryBuilderImpl.build(SessionFactoryBuilderImpl.java:463)
	at org.hibernate.jpa.boot.internal.EntityManagerFactoryBuilderImpl.build(EntityManagerFactoryBuilderImpl.java:1517)
	at org.springframework.orm.jpa.vendor.SpringHibernateJpaPersistenceProvider.createContainerEntityManagerFactory(SpringHibernateJpaPersistenceProvider.java:66)
	at org.springframework.orm.jpa.LocalContainerEntityManagerFactoryBean.createNativeEntityManagerFactory(LocalContainerEntityManagerFactoryBean.java:390)
	at org.springframework.orm.jpa.AbstractEntityManagerFactoryBean.buildNativeEntityManagerFactory(AbstractEntityManagerFactoryBean.java:419)
	at org.springframework.orm.jpa.AbstractEntityManagerFactoryBean.afterPropertiesSet(AbstractEntityManagerFactoryBean.java:400)
	at org.springframework.orm.jpa.LocalContainerEntityManagerFactoryBean.afterPropertiesSet(LocalContainerEntityManagerFactoryBean.java:366)
	at org.springframework.beans.factory.support.AbstractAutowireCapableBeanFactory.invokeInitMethods(AbstractAutowireCapableBeanFactory.java:1873)
	at org.springframework.beans.factory.support.AbstractAutowireCapableBeanFactory.initializeBean(AbstractAutowireCapableBeanFactory.java:1822)
	at org.springframework.beans.factory.support.AbstractAutowireCapableBeanFactory.doCreateBean(AbstractAutowireCapableBeanFactory.java:607)
	at org.springframework.beans.factory.support.AbstractAutowireCapableBeanFactory.createBean(AbstractAutowireCapableBeanFactory.java:529)
	at org.springframework.beans.factory.support.AbstractBeanFactory.lambda$doGetBean$0(AbstractBeanFactory.java:339)
	at org.springframework.beans.factory.support.DefaultSingletonBeanRegistry.getSingleton(DefaultSingletonBeanRegistry.java:373)
	at org.springframework.beans.factory.support.AbstractBeanFactory.doGetBean(AbstractBeanFactory.java:337)
	at org.springframework.beans.factory.support.AbstractBeanFactory.getBean(AbstractBeanFactory.java:207)
	at org.springframework.context.support.AbstractApplicationContext.finishBeanFactoryInitialization(AbstractApplicationContext.java:973)
	at org.springframework.context.support.AbstractApplicationContext.refresh(AbstractApplicationContext.java:627)
	at org.springframework.boot.web.servlet.context.ServletWebServerApplicationContext.refresh(ServletWebServerApplicationContext.java:146)
	at org.springframework.boot.SpringApplication.refresh(SpringApplication.java:752)
	at org.springframework.boot.SpringApplication.refreshContext(SpringApplication.java:439)
	at org.springframework.boot.SpringApplication.run(SpringApplication.java:318)
	at org.springframework.boot.SpringApplication.run(SpringApplication.java:1361)
	at org.springframework.boot.SpringApplication.run(SpringApplication.java:1350)
	at com.sprint.mission.discodeit.DiscodeitApplication.main(DiscodeitApplication.java:14)
Caused by: org.postgresql.util.PSQLException: ERROR: schema "discodeit" does not exist
  Position: 20
	at org.postgresql.core.v3.QueryExecutorImpl.receiveErrorResponse(QueryExecutorImpl.java:2736)
	at org.postgresql.core.v3.QueryExecutorImpl.processResults(QueryExecutorImpl.java:2421)
	at org.postgresql.core.v3.QueryExecutorImpl.execute(QueryExecutorImpl.java:372)
	at org.postgresql.jdbc.PgStatement.executeInternal(PgStatement.java:525)
	at org.postgresql.jdbc.PgStatement.execute(PgStatement.java:435)
	at org.postgresql.jdbc.PgStatement.executeWithFlags(PgStatement.java:357)
	at org.postgresql.jdbc.PgStatement.executeCachedSql(PgStatement.java:342)
	at org.postgresql.jdbc.PgStatement.executeWithFlags(PgStatement.java:318)
	at org.postgresql.jdbc.PgStatement.execute(PgStatement.java:313)
	at com.zaxxer.hikari.pool.ProxyStatement.execute(ProxyStatement.java:95)
	at com.zaxxer.hikari.pool.HikariProxyStatement.execute(HikariProxyStatement.java)
	at org.hibernate.tool.schema.internal.exec.GenerationTargetToDatabase.accept(GenerationTargetToDatabase.java:80)
	... 37 common frames omitted
26-02-17 14:34:53.224 [main] DEBUG org.hibernate.SQL                    - 
    create table discodeit.message_attachments (
        message_id uuid not null,
        attachment_id uuid not null
    )
26-02-17 14:34:53.225 [main] WARN  o.h.t.s.i.ExceptionHandlerLoggedImpl - GenerationTarget encountered exception accepting command : Error executing DDL "
    create table discodeit.message_attachments (
        message_id uuid not null,
        attachment_id uuid not null
    )" via JDBC [ERROR: schema "discodeit" does not exist
  Position: 20]
org.hibernate.tool.schema.spi.CommandAcceptanceException: Error executing DDL "
    create table discodeit.message_attachments (
        message_id uuid not null,
        attachment_id uuid not null
    )" via JDBC [ERROR: schema "discodeit" does not exist
  Position: 20]
	at org.hibernate.tool.schema.internal.exec.GenerationTargetToDatabase.accept(GenerationTargetToDatabase.java:94)
	at org.hibernate.tool.schema.internal.AbstractSchemaMigrator.applySqlString(AbstractSchemaMigrator.java:576)
	at org.hibernate.tool.schema.internal.AbstractSchemaMigrator.applySqlStrings(AbstractSchemaMigrator.java:516)
	at org.hibernate.tool.schema.internal.AbstractSchemaMigrator.createTable(AbstractSchemaMigrator.java:316)
	at org.hibernate.tool.schema.internal.GroupedSchemaMigratorImpl.performTablesMigration(GroupedSchemaMigratorImpl.java:80)
	at org.hibernate.tool.schema.internal.AbstractSchemaMigrator.performMigration(AbstractSchemaMigrator.java:233)
	at org.hibernate.tool.schema.internal.AbstractSchemaMigrator.doMigration(AbstractSchemaMigrator.java:112)
	at org.hibernate.tool.schema.spi.SchemaManagementToolCoordinator.performDatabaseAction(SchemaManagementToolCoordinator.java:280)
	at org.hibernate.tool.schema.spi.SchemaManagementToolCoordinator.lambda$process$5(SchemaManagementToolCoordinator.java:144)
	at java.base/java.util.HashMap.forEach(HashMap.java:1421)
	at org.hibernate.tool.schema.spi.SchemaManagementToolCoordinator.process(SchemaManagementToolCoordinator.java:141)
	at org.hibernate.boot.internal.SessionFactoryObserverForSchemaExport.sessionFactoryCreated(SessionFactoryObserverForSchemaExport.java:37)
	at org.hibernate.internal.SessionFactoryObserverChain.sessionFactoryCreated(SessionFactoryObserverChain.java:35)
	at org.hibernate.internal.SessionFactoryImpl.<init>(SessionFactoryImpl.java:324)
	at org.hibernate.boot.internal.SessionFactoryBuilderImpl.build(SessionFactoryBuilderImpl.java:463)
	at org.hibernate.jpa.boot.internal.EntityManagerFactoryBuilderImpl.build(EntityManagerFactoryBuilderImpl.java:1517)
	at org.springframework.orm.jpa.vendor.SpringHibernateJpaPersistenceProvider.createContainerEntityManagerFactory(SpringHibernateJpaPersistenceProvider.java:66)
	at org.springframework.orm.jpa.LocalContainerEntityManagerFactoryBean.createNativeEntityManagerFactory(LocalContainerEntityManagerFactoryBean.java:390)
	at org.springframework.orm.jpa.AbstractEntityManagerFactoryBean.buildNativeEntityManagerFactory(AbstractEntityManagerFactoryBean.java:419)
	at org.springframework.orm.jpa.AbstractEntityManagerFactoryBean.afterPropertiesSet(AbstractEntityManagerFactoryBean.java:400)
	at org.springframework.orm.jpa.LocalContainerEntityManagerFactoryBean.afterPropertiesSet(LocalContainerEntityManagerFactoryBean.java:366)
	at org.springframework.beans.factory.support.AbstractAutowireCapableBeanFactory.invokeInitMethods(AbstractAutowireCapableBeanFactory.java:1873)
	at org.springframework.beans.factory.support.AbstractAutowireCapableBeanFactory.initializeBean(AbstractAutowireCapableBeanFactory.java:1822)
	at org.springframework.beans.factory.support.AbstractAutowireCapableBeanFactory.doCreateBean(AbstractAutowireCapableBeanFactory.java:607)
	at org.springframework.beans.factory.support.AbstractAutowireCapableBeanFactory.createBean(AbstractAutowireCapableBeanFactory.java:529)
	at org.springframework.beans.factory.support.AbstractBeanFactory.lambda$doGetBean$0(AbstractBeanFactory.java:339)
	at org.springframework.beans.factory.support.DefaultSingletonBeanRegistry.getSingleton(DefaultSingletonBeanRegistry.java:373)
	at org.springframework.beans.factory.support.AbstractBeanFactory.doGetBean(AbstractBeanFactory.java:337)
	at org.springframework.beans.factory.support.AbstractBeanFactory.getBean(AbstractBeanFactory.java:207)
	at org.springframework.context.support.AbstractApplicationContext.finishBeanFactoryInitialization(AbstractApplicationContext.java:973)
	at org.springframework.context.support.AbstractApplicationContext.refresh(AbstractApplicationContext.java:627)
	at org.springframework.boot.web.servlet.context.ServletWebServerApplicationContext.refresh(ServletWebServerApplicationContext.java:146)
	at org.springframework.boot.SpringApplication.refresh(SpringApplication.java:752)
	at org.springframework.boot.SpringApplication.refreshContext(SpringApplication.java:439)
	at org.springframework.boot.SpringApplication.run(SpringApplication.java:318)
	at org.springframework.boot.SpringApplication.run(SpringApplication.java:1361)
	at org.springframework.boot.SpringApplication.run(SpringApplication.java:1350)
	at com.sprint.mission.discodeit.DiscodeitApplication.main(DiscodeitApplication.java:14)
Caused by: org.postgresql.util.PSQLException: ERROR: schema "discodeit" does not exist
  Position: 20
	at org.postgresql.core.v3.QueryExecutorImpl.receiveErrorResponse(QueryExecutorImpl.java:2736)
	at org.postgresql.core.v3.QueryExecutorImpl.processResults(QueryExecutorImpl.java:2421)
	at org.postgresql.core.v3.QueryExecutorImpl.execute(QueryExecutorImpl.java:372)
	at org.postgresql.jdbc.PgStatement.executeInternal(PgStatement.java:525)
	at org.postgresql.jdbc.PgStatement.execute(PgStatement.java:435)
	at org.postgresql.jdbc.PgStatement.executeWithFlags(PgStatement.java:357)
	at org.postgresql.jdbc.PgStatement.executeCachedSql(PgStatement.java:342)
	at org.postgresql.jdbc.PgStatement.executeWithFlags(PgStatement.java:318)
	at org.postgresql.jdbc.PgStatement.execute(PgStatement.java:313)
	at com.zaxxer.hikari.pool.ProxyStatement.execute(ProxyStatement.java:95)
	at com.zaxxer.hikari.pool.HikariProxyStatement.execute(HikariProxyStatement.java)
	at org.hibernate.tool.schema.internal.exec.GenerationTargetToDatabase.accept(GenerationTargetToDatabase.java:80)
	... 37 common frames omitted
26-02-17 14:34:53.226 [main] DEBUG org.hibernate.SQL                    - 
    create table discodeit.messages (
        id uuid not null,
        created_at timestamp with time zone not null,
        updated_at timestamp with time zone,
        content text not null,
        author_id uuid,
        channel_id uuid not null,
        primary key (id)
    )
26-02-17 14:34:53.226 [main] WARN  o.h.t.s.i.ExceptionHandlerLoggedImpl - GenerationTarget encountered exception accepting command : Error executing DDL "
    create table discodeit.messages (
        id uuid not null,
        created_at timestamp with time zone not null,
        updated_at timestamp with time zone,
        content text not null,
        author_id uuid,
        channel_id uuid not null,
        primary key (id)
    )" via JDBC [ERROR: schema "discodeit" does not exist
  Position: 20]
org.hibernate.tool.schema.spi.CommandAcceptanceException: Error executing DDL "
    create table discodeit.messages (
        id uuid not null,
        created_at timestamp with time zone not null,
        updated_at timestamp with time zone,
        content text not null,
        author_id uuid,
        channel_id uuid not null,
        primary key (id)
    )" via JDBC [ERROR: schema "discodeit" does not exist
  Position: 20]
	at org.hibernate.tool.schema.internal.exec.GenerationTargetToDatabase.accept(GenerationTargetToDatabase.java:94)
	at org.hibernate.tool.schema.internal.AbstractSchemaMigrator.applySqlString(AbstractSchemaMigrator.java:576)
	at org.hibernate.tool.schema.internal.AbstractSchemaMigrator.applySqlStrings(AbstractSchemaMigrator.java:516)
	at org.hibernate.tool.schema.internal.AbstractSchemaMigrator.createTable(AbstractSchemaMigrator.java:316)
	at org.hibernate.tool.schema.internal.GroupedSchemaMigratorImpl.performTablesMigration(GroupedSchemaMigratorImpl.java:80)
	at org.hibernate.tool.schema.internal.AbstractSchemaMigrator.performMigration(AbstractSchemaMigrator.java:233)
	at org.hibernate.tool.schema.internal.AbstractSchemaMigrator.doMigration(AbstractSchemaMigrator.java:112)
	at org.hibernate.tool.schema.spi.SchemaManagementToolCoordinator.performDatabaseAction(SchemaManagementToolCoordinator.java:280)
	at org.hibernate.tool.schema.spi.SchemaManagementToolCoordinator.lambda$process$5(SchemaManagementToolCoordinator.java:144)
	at java.base/java.util.HashMap.forEach(HashMap.java:1421)
	at org.hibernate.tool.schema.spi.SchemaManagementToolCoordinator.process(SchemaManagementToolCoordinator.java:141)
	at org.hibernate.boot.internal.SessionFactoryObserverForSchemaExport.sessionFactoryCreated(SessionFactoryObserverForSchemaExport.java:37)
	at org.hibernate.internal.SessionFactoryObserverChain.sessionFactoryCreated(SessionFactoryObserverChain.java:35)
	at org.hibernate.internal.SessionFactoryImpl.<init>(SessionFactoryImpl.java:324)
	at org.hibernate.boot.internal.SessionFactoryBuilderImpl.build(SessionFactoryBuilderImpl.java:463)
	at org.hibernate.jpa.boot.internal.EntityManagerFactoryBuilderImpl.build(EntityManagerFactoryBuilderImpl.java:1517)
	at org.springframework.orm.jpa.vendor.SpringHibernateJpaPersistenceProvider.createContainerEntityManagerFactory(SpringHibernateJpaPersistenceProvider.java:66)
	at org.springframework.orm.jpa.LocalContainerEntityManagerFactoryBean.createNativeEntityManagerFactory(LocalContainerEntityManagerFactoryBean.java:390)
	at org.springframework.orm.jpa.AbstractEntityManagerFactoryBean.buildNativeEntityManagerFactory(AbstractEntityManagerFactoryBean.java:419)
	at org.springframework.orm.jpa.AbstractEntityManagerFactoryBean.afterPropertiesSet(AbstractEntityManagerFactoryBean.java:400)
	at org.springframework.orm.jpa.LocalContainerEntityManagerFactoryBean.afterPropertiesSet(LocalContainerEntityManagerFactoryBean.java:366)
	at org.springframework.beans.factory.support.AbstractAutowireCapableBeanFactory.invokeInitMethods(AbstractAutowireCapableBeanFactory.java:1873)
	at org.springframework.beans.factory.support.AbstractAutowireCapableBeanFactory.initializeBean(AbstractAutowireCapableBeanFactory.java:1822)
	at org.springframework.beans.factory.support.AbstractAutowireCapableBeanFactory.doCreateBean(AbstractAutowireCapableBeanFactory.java:607)
	at org.springframework.beans.factory.support.AbstractAutowireCapableBeanFactory.createBean(AbstractAutowireCapableBeanFactory.java:529)
	at org.springframework.beans.factory.support.AbstractBeanFactory.lambda$doGetBean$0(AbstractBeanFactory.java:339)
	at org.springframework.beans.factory.support.DefaultSingletonBeanRegistry.getSingleton(DefaultSingletonBeanRegistry.java:373)
	at org.springframework.beans.factory.support.AbstractBeanFactory.doGetBean(AbstractBeanFactory.java:337)
	at org.springframework.beans.factory.support.AbstractBeanFactory.getBean(AbstractBeanFactory.java:207)
	at org.springframework.context.support.AbstractApplicationContext.finishBeanFactoryInitialization(AbstractApplicationContext.java:973)
	at org.springframework.context.support.AbstractApplicationContext.refresh(AbstractApplicationContext.java:627)
	at org.springframework.boot.web.servlet.context.ServletWebServerApplicationContext.refresh(ServletWebServerApplicationContext.java:146)
	at org.springframework.boot.SpringApplication.refresh(SpringApplication.java:752)
	at org.springframework.boot.SpringApplication.refreshContext(SpringApplication.java:439)
	at org.springframework.boot.SpringApplication.run(SpringApplication.java:318)
	at org.springframework.boot.SpringApplication.run(SpringApplication.java:1361)
	at org.springframework.boot.SpringApplication.run(SpringApplication.java:1350)
	at com.sprint.mission.discodeit.DiscodeitApplication.main(DiscodeitApplication.java:14)
Caused by: org.postgresql.util.PSQLException: ERROR: schema "discodeit" does not exist
  Position: 20
	at org.postgresql.core.v3.QueryExecutorImpl.receiveErrorResponse(QueryExecutorImpl.java:2736)
	at org.postgresql.core.v3.QueryExecutorImpl.processResults(QueryExecutorImpl.java:2421)
	at org.postgresql.core.v3.QueryExecutorImpl.execute(QueryExecutorImpl.java:372)
	at org.postgresql.jdbc.PgStatement.executeInternal(PgStatement.java:525)
	at org.postgresql.jdbc.PgStatement.execute(PgStatement.java:435)
	at org.postgresql.jdbc.PgStatement.executeWithFlags(PgStatement.java:357)
	at org.postgresql.jdbc.PgStatement.executeCachedSql(PgStatement.java:342)
	at org.postgresql.jdbc.PgStatement.executeWithFlags(PgStatement.java:318)
	at org.postgresql.jdbc.PgStatement.execute(PgStatement.java:313)
	at com.zaxxer.hikari.pool.ProxyStatement.execute(ProxyStatement.java:95)
	at com.zaxxer.hikari.pool.HikariProxyStatement.execute(HikariProxyStatement.java)
	at org.hibernate.tool.schema.internal.exec.GenerationTargetToDatabase.accept(GenerationTargetToDatabase.java:80)
	... 37 common frames omitted
26-02-17 14:34:53.227 [main] DEBUG org.hibernate.SQL                    - 
    create table discodeit.read_statuses (
        id uuid not null,
        created_at timestamp with time zone not null,
        updated_at timestamp with time zone,
        last_read_at timestamp with time zone not null,
        channel_id uuid not null,
        user_id uuid not null,
        primary key (id)
    )
26-02-17 14:34:53.228 [main] WARN  o.h.t.s.i.ExceptionHandlerLoggedImpl - GenerationTarget encountered exception accepting command : Error executing DDL "
    create table discodeit.read_statuses (
        id uuid not null,
        created_at timestamp with time zone not null,
        updated_at timestamp with time zone,
        last_read_at timestamp with time zone not null,
        channel_id uuid not null,
        user_id uuid not null,
        primary key (id)
    )" via JDBC [ERROR: schema "discodeit" does not exist
  Position: 20]
org.hibernate.tool.schema.spi.CommandAcceptanceException: Error executing DDL "
    create table discodeit.read_statuses (
        id uuid not null,
        created_at timestamp with time zone not null,
        updated_at timestamp with time zone,
        last_read_at timestamp with time zone not null,
        channel_id uuid not null,
        user_id uuid not null,
        primary key (id)
    )" via JDBC [ERROR: schema "discodeit" does not exist
  Position: 20]
	at org.hibernate.tool.schema.internal.exec.GenerationTargetToDatabase.accept(GenerationTargetToDatabase.java:94)
	at org.hibernate.tool.schema.internal.AbstractSchemaMigrator.applySqlString(AbstractSchemaMigrator.java:576)
	at org.hibernate.tool.schema.internal.AbstractSchemaMigrator.applySqlStrings(AbstractSchemaMigrator.java:516)
	at org.hibernate.tool.schema.internal.AbstractSchemaMigrator.createTable(AbstractSchemaMigrator.java:316)
	at org.hibernate.tool.schema.internal.GroupedSchemaMigratorImpl.performTablesMigration(GroupedSchemaMigratorImpl.java:80)
	at org.hibernate.tool.schema.internal.AbstractSchemaMigrator.performMigration(AbstractSchemaMigrator.java:233)
	at org.hibernate.tool.schema.internal.AbstractSchemaMigrator.doMigration(AbstractSchemaMigrator.java:112)
	at org.hibernate.tool.schema.spi.SchemaManagementToolCoordinator.performDatabaseAction(SchemaManagementToolCoordinator.java:280)
	at org.hibernate.tool.schema.spi.SchemaManagementToolCoordinator.lambda$process$5(SchemaManagementToolCoordinator.java:144)
	at java.base/java.util.HashMap.forEach(HashMap.java:1421)
	at org.hibernate.tool.schema.spi.SchemaManagementToolCoordinator.process(SchemaManagementToolCoordinator.java:141)
	at org.hibernate.boot.internal.SessionFactoryObserverForSchemaExport.sessionFactoryCreated(SessionFactoryObserverForSchemaExport.java:37)
	at org.hibernate.internal.SessionFactoryObserverChain.sessionFactoryCreated(SessionFactoryObserverChain.java:35)
	at org.hibernate.internal.SessionFactoryImpl.<init>(SessionFactoryImpl.java:324)
	at org.hibernate.boot.internal.SessionFactoryBuilderImpl.build(SessionFactoryBuilderImpl.java:463)
	at org.hibernate.jpa.boot.internal.EntityManagerFactoryBuilderImpl.build(EntityManagerFactoryBuilderImpl.java:1517)
	at org.springframework.orm.jpa.vendor.SpringHibernateJpaPersistenceProvider.createContainerEntityManagerFactory(SpringHibernateJpaPersistenceProvider.java:66)
	at org.springframework.orm.jpa.LocalContainerEntityManagerFactoryBean.createNativeEntityManagerFactory(LocalContainerEntityManagerFactoryBean.java:390)
	at org.springframework.orm.jpa.AbstractEntityManagerFactoryBean.buildNativeEntityManagerFactory(AbstractEntityManagerFactoryBean.java:419)
	at org.springframework.orm.jpa.AbstractEntityManagerFactoryBean.afterPropertiesSet(AbstractEntityManagerFactoryBean.java:400)
	at org.springframework.orm.jpa.LocalContainerEntityManagerFactoryBean.afterPropertiesSet(LocalContainerEntityManagerFactoryBean.java:366)
	at org.springframework.beans.factory.support.AbstractAutowireCapableBeanFactory.invokeInitMethods(AbstractAutowireCapableBeanFactory.java:1873)
	at org.springframework.beans.factory.support.AbstractAutowireCapableBeanFactory.initializeBean(AbstractAutowireCapableBeanFactory.java:1822)
	at org.springframework.beans.factory.support.AbstractAutowireCapableBeanFactory.doCreateBean(AbstractAutowireCapableBeanFactory.java:607)
	at org.springframework.beans.factory.support.AbstractAutowireCapableBeanFactory.createBean(AbstractAutowireCapableBeanFactory.java:529)
	at org.springframework.beans.factory.support.AbstractBeanFactory.lambda$doGetBean$0(AbstractBeanFactory.java:339)
	at org.springframework.beans.factory.support.DefaultSingletonBeanRegistry.getSingleton(DefaultSingletonBeanRegistry.java:373)
	at org.springframework.beans.factory.support.AbstractBeanFactory.doGetBean(AbstractBeanFactory.java:337)
	at org.springframework.beans.factory.support.AbstractBeanFactory.getBean(AbstractBeanFactory.java:207)
	at org.springframework.context.support.AbstractApplicationContext.finishBeanFactoryInitialization(AbstractApplicationContext.java:973)
	at org.springframework.context.support.AbstractApplicationContext.refresh(AbstractApplicationContext.java:627)
	at org.springframework.boot.web.servlet.context.ServletWebServerApplicationContext.refresh(ServletWebServerApplicationContext.java:146)
	at org.springframework.boot.SpringApplication.refresh(SpringApplication.java:752)
	at org.springframework.boot.SpringApplication.refreshContext(SpringApplication.java:439)
	at org.springframework.boot.SpringApplication.run(SpringApplication.java:318)
	at org.springframework.boot.SpringApplication.run(SpringApplication.java:1361)
	at org.springframework.boot.SpringApplication.run(SpringApplication.java:1350)
	at com.sprint.mission.discodeit.DiscodeitApplication.main(DiscodeitApplication.java:14)
Caused by: org.postgresql.util.PSQLException: ERROR: schema "discodeit" does not exist
  Position: 20
	at org.postgresql.core.v3.QueryExecutorImpl.receiveErrorResponse(QueryExecutorImpl.java:2736)
	at org.postgresql.core.v3.QueryExecutorImpl.processResults(QueryExecutorImpl.java:2421)
	at org.postgresql.core.v3.QueryExecutorImpl.execute(QueryExecutorImpl.java:372)
	at org.postgresql.jdbc.PgStatement.executeInternal(PgStatement.java:525)
	at org.postgresql.jdbc.PgStatement.execute(PgStatement.java:435)
	at org.postgresql.jdbc.PgStatement.executeWithFlags(PgStatement.java:357)
	at org.postgresql.jdbc.PgStatement.executeCachedSql(PgStatement.java:342)
	at org.postgresql.jdbc.PgStatement.executeWithFlags(PgStatement.java:318)
	at org.postgresql.jdbc.PgStatement.execute(PgStatement.java:313)
	at com.zaxxer.hikari.pool.ProxyStatement.execute(ProxyStatement.java:95)
	at com.zaxxer.hikari.pool.HikariProxyStatement.execute(HikariProxyStatement.java)
	at org.hibernate.tool.schema.internal.exec.GenerationTargetToDatabase.accept(GenerationTargetToDatabase.java:80)
	... 37 common frames omitted
26-02-17 14:34:53.229 [main] DEBUG org.hibernate.SQL                    - 
    create table discodeit.user_statuses (
        id uuid not null,
        created_at timestamp with time zone not null,
        updated_at timestamp with time zone,
        last_active_at timestamp with time zone not null,
        user_id uuid not null,
        primary key (id)
    )
26-02-17 14:34:53.230 [main] WARN  o.h.t.s.i.ExceptionHandlerLoggedImpl - GenerationTarget encountered exception accepting command : Error executing DDL "
    create table discodeit.user_statuses (
        id uuid not null,
        created_at timestamp with time zone not null,
        updated_at timestamp with time zone,
        last_active_at timestamp with time zone not null,
        user_id uuid not null,
        primary key (id)
    )" via JDBC [ERROR: schema "discodeit" does not exist
  Position: 20]
org.hibernate.tool.schema.spi.CommandAcceptanceException: Error executing DDL "
    create table discodeit.user_statuses (
        id uuid not null,
        created_at timestamp with time zone not null,
        updated_at timestamp with time zone,
        last_active_at timestamp with time zone not null,
        user_id uuid not null,
        primary key (id)
    )" via JDBC [ERROR: schema "discodeit" does not exist
  Position: 20]
	at org.hibernate.tool.schema.internal.exec.GenerationTargetToDatabase.accept(GenerationTargetToDatabase.java:94)
	at org.hibernate.tool.schema.internal.AbstractSchemaMigrator.applySqlString(AbstractSchemaMigrator.java:576)
	at org.hibernate.tool.schema.internal.AbstractSchemaMigrator.applySqlStrings(AbstractSchemaMigrator.java:516)
	at org.hibernate.tool.schema.internal.AbstractSchemaMigrator.createTable(AbstractSchemaMigrator.java:316)
	at org.hibernate.tool.schema.internal.GroupedSchemaMigratorImpl.performTablesMigration(GroupedSchemaMigratorImpl.java:80)
	at org.hibernate.tool.schema.internal.AbstractSchemaMigrator.performMigration(AbstractSchemaMigrator.java:233)
	at org.hibernate.tool.schema.internal.AbstractSchemaMigrator.doMigration(AbstractSchemaMigrator.java:112)
	at org.hibernate.tool.schema.spi.SchemaManagementToolCoordinator.performDatabaseAction(SchemaManagementToolCoordinator.java:280)
	at org.hibernate.tool.schema.spi.SchemaManagementToolCoordinator.lambda$process$5(SchemaManagementToolCoordinator.java:144)
	at java.base/java.util.HashMap.forEach(HashMap.java:1421)
	at org.hibernate.tool.schema.spi.SchemaManagementToolCoordinator.process(SchemaManagementToolCoordinator.java:141)
	at org.hibernate.boot.internal.SessionFactoryObserverForSchemaExport.sessionFactoryCreated(SessionFactoryObserverForSchemaExport.java:37)
	at org.hibernate.internal.SessionFactoryObserverChain.sessionFactoryCreated(SessionFactoryObserverChain.java:35)
	at org.hibernate.internal.SessionFactoryImpl.<init>(SessionFactoryImpl.java:324)
	at org.hibernate.boot.internal.SessionFactoryBuilderImpl.build(SessionFactoryBuilderImpl.java:463)
	at org.hibernate.jpa.boot.internal.EntityManagerFactoryBuilderImpl.build(EntityManagerFactoryBuilderImpl.java:1517)
	at org.springframework.orm.jpa.vendor.SpringHibernateJpaPersistenceProvider.createContainerEntityManagerFactory(SpringHibernateJpaPersistenceProvider.java:66)
	at org.springframework.orm.jpa.LocalContainerEntityManagerFactoryBean.createNativeEntityManagerFactory(LocalContainerEntityManagerFactoryBean.java:390)
	at org.springframework.orm.jpa.AbstractEntityManagerFactoryBean.buildNativeEntityManagerFactory(AbstractEntityManagerFactoryBean.java:419)
	at org.springframework.orm.jpa.AbstractEntityManagerFactoryBean.afterPropertiesSet(AbstractEntityManagerFactoryBean.java:400)
	at org.springframework.orm.jpa.LocalContainerEntityManagerFactoryBean.afterPropertiesSet(LocalContainerEntityManagerFactoryBean.java:366)
	at org.springframework.beans.factory.support.AbstractAutowireCapableBeanFactory.invokeInitMethods(AbstractAutowireCapableBeanFactory.java:1873)
	at org.springframework.beans.factory.support.AbstractAutowireCapableBeanFactory.initializeBean(AbstractAutowireCapableBeanFactory.java:1822)
	at org.springframework.beans.factory.support.AbstractAutowireCapableBeanFactory.doCreateBean(AbstractAutowireCapableBeanFactory.java:607)
	at org.springframework.beans.factory.support.AbstractAutowireCapableBeanFactory.createBean(AbstractAutowireCapableBeanFactory.java:529)
	at org.springframework.beans.factory.support.AbstractBeanFactory.lambda$doGetBean$0(AbstractBeanFactory.java:339)
	at org.springframework.beans.factory.support.DefaultSingletonBeanRegistry.getSingleton(DefaultSingletonBeanRegistry.java:373)
	at org.springframework.beans.factory.support.AbstractBeanFactory.doGetBean(AbstractBeanFactory.java:337)
	at org.springframework.beans.factory.support.AbstractBeanFactory.getBean(AbstractBeanFactory.java:207)
	at org.springframework.context.support.AbstractApplicationContext.finishBeanFactoryInitialization(AbstractApplicationContext.java:973)
	at org.springframework.context.support.AbstractApplicationContext.refresh(AbstractApplicationContext.java:627)
	at org.springframework.boot.web.servlet.context.ServletWebServerApplicationContext.refresh(ServletWebServerApplicationContext.java:146)
	at org.springframework.boot.SpringApplication.refresh(SpringApplication.java:752)
	at org.springframework.boot.SpringApplication.refreshContext(SpringApplication.java:439)
	at org.springframework.boot.SpringApplication.run(SpringApplication.java:318)
	at org.springframework.boot.SpringApplication.run(SpringApplication.java:1361)
	at org.springframework.boot.SpringApplication.run(SpringApplication.java:1350)
	at com.sprint.mission.discodeit.DiscodeitApplication.main(DiscodeitApplication.java:14)
Caused by: org.postgresql.util.PSQLException: ERROR: schema "discodeit" does not exist
  Position: 20
	at org.postgresql.core.v3.QueryExecutorImpl.receiveErrorResponse(QueryExecutorImpl.java:2736)
	at org.postgresql.core.v3.QueryExecutorImpl.processResults(QueryExecutorImpl.java:2421)
	at org.postgresql.core.v3.QueryExecutorImpl.execute(QueryExecutorImpl.java:372)
	at org.postgresql.jdbc.PgStatement.executeInternal(PgStatement.java:525)
	at org.postgresql.jdbc.PgStatement.execute(PgStatement.java:435)
	at org.postgresql.jdbc.PgStatement.executeWithFlags(PgStatement.java:357)
	at org.postgresql.jdbc.PgStatement.executeCachedSql(PgStatement.java:342)
	at org.postgresql.jdbc.PgStatement.executeWithFlags(PgStatement.java:318)
	at org.postgresql.jdbc.PgStatement.execute(PgStatement.java:313)
	at com.zaxxer.hikari.pool.ProxyStatement.execute(ProxyStatement.java:95)
	at com.zaxxer.hikari.pool.HikariProxyStatement.execute(HikariProxyStatement.java)
	at org.hibernate.tool.schema.internal.exec.GenerationTargetToDatabase.accept(GenerationTargetToDatabase.java:80)
	... 37 common frames omitted
26-02-17 14:34:53.230 [main] DEBUG org.hibernate.SQL                    - 
    create table discodeit.users (
        id uuid not null,
        created_at timestamp with time zone not null,
        updated_at timestamp with time zone,
        email varchar(100) not null,
        password varchar(60) not null,
        username varchar(50) not null,
        profile_id uuid,
        primary key (id)
    )
26-02-17 14:34:53.231 [main] WARN  o.h.t.s.i.ExceptionHandlerLoggedImpl - GenerationTarget encountered exception accepting command : Error executing DDL "
    create table discodeit.users (
        id uuid not null,
        created_at timestamp with time zone not null,
        updated_at timestamp with time zone,
        email varchar(100) not null,
        password varchar(60) not null,
        username varchar(50) not null,
        profile_id uuid,
        primary key (id)
    )" via JDBC [ERROR: schema "discodeit" does not exist
  Position: 20]
org.hibernate.tool.schema.spi.CommandAcceptanceException: Error executing DDL "
    create table discodeit.users (
        id uuid not null,
        created_at timestamp with time zone not null,
        updated_at timestamp with time zone,
        email varchar(100) not null,
        password varchar(60) not null,
        username varchar(50) not null,
        profile_id uuid,
        primary key (id)
    )" via JDBC [ERROR: schema "discodeit" does not exist
  Position: 20]
	at org.hibernate.tool.schema.internal.exec.GenerationTargetToDatabase.accept(GenerationTargetToDatabase.java:94)
	at org.hibernate.tool.schema.internal.AbstractSchemaMigrator.applySqlString(AbstractSchemaMigrator.java:576)
	at org.hibernate.tool.schema.internal.AbstractSchemaMigrator.applySqlStrings(AbstractSchemaMigrator.java:516)
	at org.hibernate.tool.schema.internal.AbstractSchemaMigrator.createTable(AbstractSchemaMigrator.java:316)
	at org.hibernate.tool.schema.internal.GroupedSchemaMigratorImpl.performTablesMigration(GroupedSchemaMigratorImpl.java:80)
	at org.hibernate.tool.schema.internal.AbstractSchemaMigrator.performMigration(AbstractSchemaMigrator.java:233)
	at org.hibernate.tool.schema.internal.AbstractSchemaMigrator.doMigration(AbstractSchemaMigrator.java:112)
	at org.hibernate.tool.schema.spi.SchemaManagementToolCoordinator.performDatabaseAction(SchemaManagementToolCoordinator.java:280)
	at org.hibernate.tool.schema.spi.SchemaManagementToolCoordinator.lambda$process$5(SchemaManagementToolCoordinator.java:144)
	at java.base/java.util.HashMap.forEach(HashMap.java:1421)
	at org.hibernate.tool.schema.spi.SchemaManagementToolCoordinator.process(SchemaManagementToolCoordinator.java:141)
	at org.hibernate.boot.internal.SessionFactoryObserverForSchemaExport.sessionFactoryCreated(SessionFactoryObserverForSchemaExport.java:37)
	at org.hibernate.internal.SessionFactoryObserverChain.sessionFactoryCreated(SessionFactoryObserverChain.java:35)
	at org.hibernate.internal.SessionFactoryImpl.<init>(SessionFactoryImpl.java:324)
	at org.hibernate.boot.internal.SessionFactoryBuilderImpl.build(SessionFactoryBuilderImpl.java:463)
	at org.hibernate.jpa.boot.internal.EntityManagerFactoryBuilderImpl.build(EntityManagerFactoryBuilderImpl.java:1517)
	at org.springframework.orm.jpa.vendor.SpringHibernateJpaPersistenceProvider.createContainerEntityManagerFactory(SpringHibernateJpaPersistenceProvider.java:66)
	at org.springframework.orm.jpa.LocalContainerEntityManagerFactoryBean.createNativeEntityManagerFactory(LocalContainerEntityManagerFactoryBean.java:390)
	at org.springframework.orm.jpa.AbstractEntityManagerFactoryBean.buildNativeEntityManagerFactory(AbstractEntityManagerFactoryBean.java:419)
	at org.springframework.orm.jpa.AbstractEntityManagerFactoryBean.afterPropertiesSet(AbstractEntityManagerFactoryBean.java:400)
	at org.springframework.orm.jpa.LocalContainerEntityManagerFactoryBean.afterPropertiesSet(LocalContainerEntityManagerFactoryBean.java:366)
	at org.springframework.beans.factory.support.AbstractAutowireCapableBeanFactory.invokeInitMethods(AbstractAutowireCapableBeanFactory.java:1873)
	at org.springframework.beans.factory.support.AbstractAutowireCapableBeanFactory.initializeBean(AbstractAutowireCapableBeanFactory.java:1822)
	at org.springframework.beans.factory.support.AbstractAutowireCapableBeanFactory.doCreateBean(AbstractAutowireCapableBeanFactory.java:607)
	at org.springframework.beans.factory.support.AbstractAutowireCapableBeanFactory.createBean(AbstractAutowireCapableBeanFactory.java:529)
	at org.springframework.beans.factory.support.AbstractBeanFactory.lambda$doGetBean$0(AbstractBeanFactory.java:339)
	at org.springframework.beans.factory.support.DefaultSingletonBeanRegistry.getSingleton(DefaultSingletonBeanRegistry.java:373)
	at org.springframework.beans.factory.support.AbstractBeanFactory.doGetBean(AbstractBeanFactory.java:337)
	at org.springframework.beans.factory.support.AbstractBeanFactory.getBean(AbstractBeanFactory.java:207)
	at org.springframework.context.support.AbstractApplicationContext.finishBeanFactoryInitialization(AbstractApplicationContext.java:973)
	at org.springframework.context.support.AbstractApplicationContext.refresh(AbstractApplicationContext.java:627)
	at org.springframework.boot.web.servlet.context.ServletWebServerApplicationContext.refresh(ServletWebServerApplicationContext.java:146)
	at org.springframework.boot.SpringApplication.refresh(SpringApplication.java:752)
	at org.springframework.boot.SpringApplication.refreshContext(SpringApplication.java:439)
	at org.springframework.boot.SpringApplication.run(SpringApplication.java:318)
	at org.springframework.boot.SpringApplication.run(SpringApplication.java:1361)
	at org.springframework.boot.SpringApplication.run(SpringApplication.java:1350)
	at com.sprint.mission.discodeit.DiscodeitApplication.main(DiscodeitApplication.java:14)
Caused by: org.postgresql.util.PSQLException: ERROR: schema "discodeit" does not exist
  Position: 20
	at org.postgresql.core.v3.QueryExecutorImpl.receiveErrorResponse(QueryExecutorImpl.java:2736)
	at org.postgresql.core.v3.QueryExecutorImpl.processResults(QueryExecutorImpl.java:2421)
	at org.postgresql.core.v3.QueryExecutorImpl.execute(QueryExecutorImpl.java:372)
	at org.postgresql.jdbc.PgStatement.executeInternal(PgStatement.java:525)
	at org.postgresql.jdbc.PgStatement.execute(PgStatement.java:435)
	at org.postgresql.jdbc.PgStatement.executeWithFlags(PgStatement.java:357)
	at org.postgresql.jdbc.PgStatement.executeCachedSql(PgStatement.java:342)
	at org.postgresql.jdbc.PgStatement.executeWithFlags(PgStatement.java:318)
	at org.postgresql.jdbc.PgStatement.execute(PgStatement.java:313)
	at com.zaxxer.hikari.pool.ProxyStatement.execute(ProxyStatement.java:95)
	at com.zaxxer.hikari.pool.HikariProxyStatement.execute(HikariProxyStatement.java)
	at org.hibernate.tool.schema.internal.exec.GenerationTargetToDatabase.accept(GenerationTargetToDatabase.java:80)
	... 37 common frames omitted
26-02-17 14:34:53.233 [main] DEBUG org.hibernate.SQL                    - 
    alter table if exists discodeit.message_attachments 
       drop constraint if exists UKncf4gyvhiwvyfn0cx5jnmtrhm
26-02-17 14:34:53.234 [main] WARN  o.h.e.jdbc.spi.SqlExceptionHelper    - SQL Warning Code: 0, SQLState: 00000
26-02-17 14:34:53.234 [main] WARN  o.h.e.jdbc.spi.SqlExceptionHelper    - relation "message_attachments" does not exist, skipping
26-02-17 14:34:53.234 [main] DEBUG org.hibernate.SQL                    - 
    alter table if exists discodeit.message_attachments 
       add constraint UKncf4gyvhiwvyfn0cx5jnmtrhm unique (attachment_id)
26-02-17 14:34:53.235 [main] WARN  o.h.e.jdbc.spi.SqlExceptionHelper    - SQL Warning Code: 0, SQLState: 00000
26-02-17 14:34:53.235 [main] WARN  o.h.e.jdbc.spi.SqlExceptionHelper    - relation "message_attachments" does not exist, skipping
26-02-17 14:34:53.235 [main] DEBUG org.hibernate.SQL                    - 
    alter table if exists discodeit.read_statuses 
       drop constraint if exists UKqttel343c4eq691kcxipoixr7
26-02-17 14:34:53.235 [main] WARN  o.h.e.jdbc.spi.SqlExceptionHelper    - SQL Warning Code: 0, SQLState: 00000
26-02-17 14:34:53.235 [main] WARN  o.h.e.jdbc.spi.SqlExceptionHelper    - relation "read_statuses" does not exist, skipping
26-02-17 14:34:53.236 [main] DEBUG org.hibernate.SQL                    - 
    alter table if exists discodeit.read_statuses 
       add constraint UKqttel343c4eq691kcxipoixr7 unique (user_id, channel_id)
26-02-17 14:34:53.236 [main] WARN  o.h.e.jdbc.spi.SqlExceptionHelper    - SQL Warning Code: 0, SQLState: 00000
26-02-17 14:34:53.236 [main] WARN  o.h.e.jdbc.spi.SqlExceptionHelper    - relation "read_statuses" does not exist, skipping
26-02-17 14:34:53.236 [main] DEBUG org.hibernate.SQL                    - 
    alter table if exists discodeit.user_statuses 
       drop constraint if exists UK4dhc0tcwpkot8n3tmpc6mxxp0
26-02-17 14:34:53.236 [main] WARN  o.h.e.jdbc.spi.SqlExceptionHelper    - SQL Warning Code: 0, SQLState: 00000
26-02-17 14:34:53.236 [main] WARN  o.h.e.jdbc.spi.SqlExceptionHelper    - relation "user_statuses" does not exist, skipping
26-02-17 14:34:53.237 [main] DEBUG org.hibernate.SQL                    - 
    alter table if exists discodeit.user_statuses 
       add constraint UK4dhc0tcwpkot8n3tmpc6mxxp0 unique (user_id)
26-02-17 14:34:53.237 [main] WARN  o.h.e.jdbc.spi.SqlExceptionHelper    - SQL Warning Code: 0, SQLState: 00000
26-02-17 14:34:53.237 [main] WARN  o.h.e.jdbc.spi.SqlExceptionHelper    - relation "user_statuses" does not exist, skipping
26-02-17 14:34:53.237 [main] DEBUG org.hibernate.SQL                    - 
    alter table if exists discodeit.users 
       drop constraint if exists UK6dotkott2kjsp8vw4d0m25fb7
26-02-17 14:34:53.237 [main] WARN  o.h.e.jdbc.spi.SqlExceptionHelper    - SQL Warning Code: 0, SQLState: 00000
26-02-17 14:34:53.237 [main] WARN  o.h.e.jdbc.spi.SqlExceptionHelper    - relation "users" does not exist, skipping
26-02-17 14:34:53.237 [main] DEBUG org.hibernate.SQL                    - 
    alter table if exists discodeit.users 
       add constraint UK6dotkott2kjsp8vw4d0m25fb7 unique (email)
26-02-17 14:34:53.238 [main] WARN  o.h.e.jdbc.spi.SqlExceptionHelper    - SQL Warning Code: 0, SQLState: 00000
26-02-17 14:34:53.238 [main] WARN  o.h.e.jdbc.spi.SqlExceptionHelper    - relation "users" does not exist, skipping
26-02-17 14:34:53.238 [main] DEBUG org.hibernate.SQL                    - 
    alter table if exists discodeit.users 
       drop constraint if exists UKr43af9ap4edm43mmtq01oddj6
26-02-17 14:34:53.238 [main] WARN  o.h.e.jdbc.spi.SqlExceptionHelper    - SQL Warning Code: 0, SQLState: 00000
26-02-17 14:34:53.238 [main] WARN  o.h.e.jdbc.spi.SqlExceptionHelper    - relation "users" does not exist, skipping
26-02-17 14:34:53.238 [main] DEBUG org.hibernate.SQL                    - 
    alter table if exists discodeit.users 
       add constraint UKr43af9ap4edm43mmtq01oddj6 unique (username)
26-02-17 14:34:53.239 [main] WARN  o.h.e.jdbc.spi.SqlExceptionHelper    - SQL Warning Code: 0, SQLState: 00000
26-02-17 14:34:53.239 [main] WARN  o.h.e.jdbc.spi.SqlExceptionHelper    - relation "users" does not exist, skipping
26-02-17 14:34:53.239 [main] DEBUG org.hibernate.SQL                    - 
    alter table if exists discodeit.users 
       drop constraint if exists UK7s5nlreekaxdbfml4ofky7utw
26-02-17 14:34:53.239 [main] WARN  o.h.e.jdbc.spi.SqlExceptionHelper    - SQL Warning Code: 0, SQLState: 00000
26-02-17 14:34:53.239 [main] WARN  o.h.e.jdbc.spi.SqlExceptionHelper    - relation "users" does not exist, skipping
26-02-17 14:34:53.240 [main] DEBUG org.hibernate.SQL                    - 
    alter table if exists discodeit.users 
       add constraint UK7s5nlreekaxdbfml4ofky7utw unique (profile_id)
26-02-17 14:34:53.240 [main] WARN  o.h.e.jdbc.spi.SqlExceptionHelper    - SQL Warning Code: 0, SQLState: 00000
26-02-17 14:34:53.240 [main] WARN  o.h.e.jdbc.spi.SqlExceptionHelper    - relation "users" does not exist, skipping
26-02-17 14:34:53.240 [main] DEBUG org.hibernate.SQL                    - 
    alter table if exists discodeit.message_attachments 
       add constraint FKsd1m8rb8jcpbcnb7rpdue7ctc 
       foreign key (attachment_id) 
       references discodeit.binary_contents
26-02-17 14:34:53.241 [main] WARN  o.h.e.jdbc.spi.SqlExceptionHelper    - SQL Warning Code: 0, SQLState: 00000
26-02-17 14:34:53.241 [main] WARN  o.h.e.jdbc.spi.SqlExceptionHelper    - relation "message_attachments" does not exist, skipping
26-02-17 14:34:53.241 [main] DEBUG org.hibernate.SQL                    - 
    alter table if exists discodeit.message_attachments 
       add constraint FKj7twd218e2gqw9cmlhwvo1rth 
       foreign key (message_id) 
       references discodeit.messages
26-02-17 14:34:53.242 [main] WARN  o.h.e.jdbc.spi.SqlExceptionHelper    - SQL Warning Code: 0, SQLState: 00000
26-02-17 14:34:53.242 [main] WARN  o.h.e.jdbc.spi.SqlExceptionHelper    - relation "message_attachments" does not exist, skipping
26-02-17 14:34:53.242 [main] DEBUG org.hibernate.SQL                    - 
    alter table if exists discodeit.messages 
       add constraint FKowtlim26svclkatusptbgi7u1 
       foreign key (author_id) 
       references discodeit.users
26-02-17 14:34:53.243 [main] WARN  o.h.e.jdbc.spi.SqlExceptionHelper    - SQL Warning Code: 0, SQLState: 00000
26-02-17 14:34:53.243 [main] WARN  o.h.e.jdbc.spi.SqlExceptionHelper    - relation "messages" does not exist, skipping
26-02-17 14:34:53.243 [main] DEBUG org.hibernate.SQL                    - 
    alter table if exists discodeit.messages 
       add constraint FK3u3ckbhwq9se1cmopk2pq05b2 
       foreign key (channel_id) 
       references discodeit.channels
26-02-17 14:34:53.243 [main] WARN  o.h.e.jdbc.spi.SqlExceptionHelper    - SQL Warning Code: 0, SQLState: 00000
26-02-17 14:34:53.243 [main] WARN  o.h.e.jdbc.spi.SqlExceptionHelper    - relation "messages" does not exist, skipping
26-02-17 14:34:53.243 [main] DEBUG org.hibernate.SQL                    - 
    alter table if exists discodeit.read_statuses 
       add constraint FKa38ri44ml4gfdpklx4ahqr8gd 
       foreign key (channel_id) 
       references discodeit.channels
26-02-17 14:34:53.244 [main] WARN  o.h.e.jdbc.spi.SqlExceptionHelper    - SQL Warning Code: 0, SQLState: 00000
26-02-17 14:34:53.244 [main] WARN  o.h.e.jdbc.spi.SqlExceptionHelper    - relation "read_statuses" does not exist, skipping
26-02-17 14:34:53.244 [main] DEBUG org.hibernate.SQL                    - 
    alter table if exists discodeit.read_statuses 
       add constraint FKml3k4wr9sj5yxrmj6d0aoib2e 
       foreign key (user_id) 
       references discodeit.users
26-02-17 14:34:53.245 [main] WARN  o.h.e.jdbc.spi.SqlExceptionHelper    - SQL Warning Code: 0, SQLState: 00000
26-02-17 14:34:53.245 [main] WARN  o.h.e.jdbc.spi.SqlExceptionHelper    - relation "read_statuses" does not exist, skipping
26-02-17 14:34:53.245 [main] DEBUG org.hibernate.SQL                    - 
    alter table if exists discodeit.user_statuses 
       add constraint FK4lfl3ei2ubchgcxrrpo3pw4mm 
       foreign key (user_id) 
       references discodeit.users
26-02-17 14:34:53.245 [main] WARN  o.h.e.jdbc.spi.SqlExceptionHelper    - SQL Warning Code: 0, SQLState: 00000
26-02-17 14:34:53.246 [main] WARN  o.h.e.jdbc.spi.SqlExceptionHelper    - relation "user_statuses" does not exist, skipping
26-02-17 14:34:53.246 [main] DEBUG org.hibernate.SQL                    - 
    alter table if exists discodeit.users 
       add constraint FKtbudycgrip49xdptogmhfqnso 
       foreign key (profile_id) 
       references discodeit.binary_contents
26-02-17 14:34:53.246 [main] WARN  o.h.e.jdbc.spi.SqlExceptionHelper    - SQL Warning Code: 0, SQLState: 00000
26-02-17 14:34:53.246 [main] WARN  o.h.e.jdbc.spi.SqlExceptionHelper    - relation "users" does not exist, skipping
26-02-17 14:34:53.248 [main] INFO  o.s.o.j.LocalContainerEntityManagerFactoryBean - Initialized JPA EntityManagerFactory for persistence unit 'default'
26-02-17 14:34:53.274 [main] WARN  o.s.b.w.s.c.AnnotationConfigServletWebServerApplicationContext - Exception encountered during context initialization - cancelling refresh attempt: org.springframework.beans.factory.UnsatisfiedDependencyException: Error creating bean with name 'dataInitializer' defined in file [C:\myWs\Mission\8-sprint-mission\build\classes\java\main\com\sprint\mission\discodeit\config\DataInitializer.class]: Unsatisfied dependency expressed through constructor parameter 0: Error creating bean with name 'basicUserService' defined in file [C:\myWs\Mission\8-sprint-mission\build\classes\java\main\com\sprint\mission\discodeit\service\basic\BasicUserService.class]: Unsatisfied dependency expressed through constructor parameter 0: No qualifying bean of type 'com.sprint.mission.discodeit.repository.UserRepository' available: expected at least 1 bean which qualifies as autowire candidate. Dependency annotations: {}
26-02-17 14:34:53.274 [main] INFO  o.s.o.j.LocalContainerEntityManagerFactoryBean - Closing JPA EntityManagerFactory for persistence unit 'default'
26-02-17 14:34:53.285 [main] INFO  com.zaxxer.hikari.HikariDataSource   - HikariPool-1 - Shutdown initiated...
26-02-17 14:34:53.289 [main] INFO  com.zaxxer.hikari.HikariDataSource   - HikariPool-1 - Shutdown completed.
26-02-17 14:34:53.295 [main] INFO  o.a.catalina.core.StandardService    - Stopping service [Tomcat]
26-02-17 14:34:53.318 [main] INFO  o.s.b.a.l.ConditionEvaluationReportLogger - 

Error starting ApplicationContext. To display the condition evaluation report re-run your application with 'debug' enabled.
26-02-17 14:34:53.436 [main] ERROR o.s.b.d.LoggingFailureAnalysisReporter - 

***************************
APPLICATION FAILED TO START
***************************

Description:

Parameter 0 of constructor in com.sprint.mission.discodeit.service.basic.BasicUserService required a bean of type 'com.sprint.mission.discodeit.repository.UserRepository' that could not be found.


Action:

Consider defining a bean of type 'com.sprint.mission.discodeit.repository.UserRepository' in your configuration.

26-02-17 14:36:15.352 [main] INFO  c.s.m.discodeit.DiscodeitApplication - Starting DiscodeitApplication using Java 17.0.16 with PID 37320 (C:\myWs\Mission\8-sprint-mission\build\classes\java\main started by samsung in C:\myWs\Mission\8-sprint-mission)
26-02-17 14:36:15.356 [main] INFO  c.s.m.discodeit.DiscodeitApplication - No active profile set, falling back to 1 default profile: "default"
26-02-17 14:36:16.279 [main] INFO  o.s.d.r.c.RepositoryConfigurationDelegate - Bootstrapping Spring Data JPA repositories in DEFAULT mode.
26-02-17 14:36:16.305 [main] INFO  o.s.d.r.c.RepositoryConfigurationDelegate - Finished Spring Data repository scanning in 9 ms. Found 0 JPA repository interfaces.
26-02-17 14:36:17.433 [main] INFO  o.s.b.w.e.tomcat.TomcatWebServer     - Tomcat initialized with port 8080 (http)
26-02-17 14:36:17.449 [main] INFO  o.a.coyote.http11.Http11NioProtocol  - Initializing ProtocolHandler ["http-nio-8080"]
26-02-17 14:36:17.452 [main] INFO  o.a.catalina.core.StandardService    - Starting service [Tomcat]
26-02-17 14:36:17.452 [main] INFO  o.a.catalina.core.StandardEngine     - Starting Servlet engine: [Apache Tomcat/10.1.50]
26-02-17 14:36:17.558 [main] INFO  o.a.c.c.C.[Tomcat].[localhost].[/]   - Initializing Spring embedded WebApplicationContext
26-02-17 14:36:17.559 [main] INFO  o.s.b.w.s.c.ServletWebServerApplicationContext - Root WebApplicationContext: initialization completed in 2120 ms
26-02-17 14:36:17.666 [main] INFO  com.zaxxer.hikari.HikariDataSource   - HikariPool-1 - Starting...
26-02-17 14:36:17.922 [main] INFO  com.zaxxer.hikari.pool.HikariPool    - HikariPool-1 - Added connection org.postgresql.jdbc.PgConnection@474e34e4
26-02-17 14:36:17.924 [main] INFO  com.zaxxer.hikari.HikariDataSource   - HikariPool-1 - Start completed.
26-02-17 14:36:18.081 [main] INFO  o.h.jpa.internal.util.LogHelper      - HHH000204: Processing PersistenceUnitInfo [name: default]
26-02-17 14:36:18.189 [main] INFO  org.hibernate.Version                - HHH000412: Hibernate ORM core version 6.6.39.Final
26-02-17 14:36:18.288 [main] INFO  o.h.c.i.RegionFactoryInitiator       - HHH000026: Second-level cache disabled
26-02-17 14:36:18.851 [main] INFO  o.s.o.j.p.SpringPersistenceUnitInfo  - No LoadTimeWeaver setup: ignoring JPA class transformer
26-02-17 14:36:18.965 [main] WARN  org.hibernate.orm.deprecation        - HHH90000025: PostgreSQLDialect does not need to be specified explicitly using 'hibernate.dialect' (remove the property setting and it will be selected by default)
26-02-17 14:36:19.013 [main] INFO  o.hibernate.orm.connections.pooling  - HHH10001005: Database info:
	Database JDBC URL [Connecting through datasource 'HikariDataSource (HikariPool-1)']
	Database driver: undefined/unknown
	Database version: 17.7
	Autocommit mode: undefined/unknown
	Isolation level: undefined/unknown
	Minimum pool size: undefined/unknown
	Maximum pool size: undefined/unknown
26-02-17 14:36:20.608 [main] INFO  o.h.e.t.j.p.i.JtaPlatformInitiator   - HHH000489: No JTA platform available (set 'hibernate.transaction.jta.platform' to enable JTA platform integration)
26-02-17 14:36:20.690 [main] DEBUG org.hibernate.SQL                    - 
    alter table if exists discodeit.channels 
       alter column type set data type varchar(255)
26-02-17 14:36:20.719 [main] DEBUG org.hibernate.SQL                    - 
    alter table if exists discodeit.read_statuses 
       drop constraint if exists UKqttel343c4eq691kcxipoixr7
26-02-17 14:36:20.721 [main] WARN  o.h.e.jdbc.spi.SqlExceptionHelper    - SQL Warning Code: 0, SQLState: 00000
26-02-17 14:36:20.722 [main] WARN  o.h.e.jdbc.spi.SqlExceptionHelper    - constraint "ukqttel343c4eq691kcxipoixr7" of relation "read_statuses" does not exist, skipping
26-02-17 14:36:20.722 [main] DEBUG org.hibernate.SQL                    - 
    alter table if exists discodeit.read_statuses 
       add constraint UKqttel343c4eq691kcxipoixr7 unique (user_id, channel_id)
26-02-17 14:36:20.819 [main] INFO  o.s.o.j.LocalContainerEntityManagerFactoryBean - Initialized JPA EntityManagerFactory for persistence unit 'default'
26-02-17 14:36:20.846 [main] WARN  o.s.b.w.s.c.AnnotationConfigServletWebServerApplicationContext - Exception encountered during context initialization - cancelling refresh attempt: org.springframework.beans.factory.UnsatisfiedDependencyException: Error creating bean with name 'dataInitializer' defined in file [C:\myWs\Mission\8-sprint-mission\build\classes\java\main\com\sprint\mission\discodeit\config\DataInitializer.class]: Unsatisfied dependency expressed through constructor parameter 0: Error creating bean with name 'basicUserService' defined in file [C:\myWs\Mission\8-sprint-mission\build\classes\java\main\com\sprint\mission\discodeit\service\basic\BasicUserService.class]: Unsatisfied dependency expressed through constructor parameter 0: No qualifying bean of type 'com.sprint.mission.discodeit.repository.UserRepository' available: expected at least 1 bean which qualifies as autowire candidate. Dependency annotations: {}
26-02-17 14:36:20.847 [main] INFO  o.s.o.j.LocalContainerEntityManagerFactoryBean - Closing JPA EntityManagerFactory for persistence unit 'default'
26-02-17 14:36:20.850 [main] INFO  com.zaxxer.hikari.HikariDataSource   - HikariPool-1 - Shutdown initiated...
26-02-17 14:36:20.854 [main] INFO  com.zaxxer.hikari.HikariDataSource   - HikariPool-1 - Shutdown completed.
26-02-17 14:36:20.859 [main] INFO  o.a.catalina.core.StandardService    - Stopping service [Tomcat]
26-02-17 14:36:20.875 [main] INFO  o.s.b.a.l.ConditionEvaluationReportLogger - 

Error starting ApplicationContext. To display the condition evaluation report re-run your application with 'debug' enabled.
26-02-17 14:36:20.901 [main] ERROR o.s.b.d.LoggingFailureAnalysisReporter - 

***************************
APPLICATION FAILED TO START
***************************

Description:

Parameter 0 of constructor in com.sprint.mission.discodeit.service.basic.BasicUserService required a bean of type 'com.sprint.mission.discodeit.repository.UserRepository' that could not be found.


Action:

Consider defining a bean of type 'com.sprint.mission.discodeit.repository.UserRepository' in your configuration.

26-02-17 14:37:42.624 [main] INFO  c.s.m.discodeit.DiscodeitApplication - Starting DiscodeitApplication using Java 17.0.16 with PID 31704 (C:\myWs\Mission\8-sprint-mission\build\classes\java\main started by samsung in C:\myWs\Mission\8-sprint-mission)
26-02-17 14:37:42.627 [main] INFO  c.s.m.discodeit.DiscodeitApplication - No active profile set, falling back to 1 default profile: "default"
26-02-17 14:37:43.451 [main] INFO  o.s.d.r.c.RepositoryConfigurationDelegate - Bootstrapping Spring Data JPA repositories in DEFAULT mode.
26-02-17 14:37:43.465 [main] INFO  o.s.d.r.c.RepositoryConfigurationDelegate - Finished Spring Data repository scanning in 5 ms. Found 0 JPA repository interfaces.
26-02-17 14:37:44.369 [main] INFO  o.s.b.w.e.tomcat.TomcatWebServer     - Tomcat initialized with port 8080 (http)
26-02-17 14:37:44.382 [main] INFO  o.a.coyote.http11.Http11NioProtocol  - Initializing ProtocolHandler ["http-nio-8080"]
26-02-17 14:37:44.385 [main] INFO  o.a.catalina.core.StandardService    - Starting service [Tomcat]
26-02-17 14:37:44.386 [main] INFO  o.a.catalina.core.StandardEngine     - Starting Servlet engine: [Apache Tomcat/10.1.50]
26-02-17 14:37:44.478 [main] INFO  o.a.c.c.C.[Tomcat].[localhost].[/]   - Initializing Spring embedded WebApplicationContext
26-02-17 14:37:44.478 [main] INFO  o.s.b.w.s.c.ServletWebServerApplicationContext - Root WebApplicationContext: initialization completed in 1800 ms
26-02-17 14:37:44.576 [main] INFO  com.zaxxer.hikari.HikariDataSource   - HikariPool-1 - Starting...
26-02-17 14:37:44.829 [main] INFO  com.zaxxer.hikari.pool.HikariPool    - HikariPool-1 - Added connection org.postgresql.jdbc.PgConnection@5fb7ab9c
26-02-17 14:37:44.831 [main] INFO  com.zaxxer.hikari.HikariDataSource   - HikariPool-1 - Start completed.
26-02-17 14:37:44.957 [main] INFO  o.h.jpa.internal.util.LogHelper      - HHH000204: Processing PersistenceUnitInfo [name: default]
26-02-17 14:37:45.041 [main] INFO  org.hibernate.Version                - HHH000412: Hibernate ORM core version 6.6.39.Final
26-02-17 14:37:45.087 [main] INFO  o.h.c.i.RegionFactoryInitiator       - HHH000026: Second-level cache disabled
26-02-17 14:37:45.528 [main] INFO  o.s.o.j.p.SpringPersistenceUnitInfo  - No LoadTimeWeaver setup: ignoring JPA class transformer
26-02-17 14:37:45.611 [main] WARN  org.hibernate.orm.deprecation        - HHH90000025: PostgreSQLDialect does not need to be specified explicitly using 'hibernate.dialect' (remove the property setting and it will be selected by default)
26-02-17 14:37:45.631 [main] INFO  o.hibernate.orm.connections.pooling  - HHH10001005: Database info:
	Database JDBC URL [Connecting through datasource 'HikariDataSource (HikariPool-1)']
	Database driver: undefined/unknown
	Database version: 17.7
	Autocommit mode: undefined/unknown
	Isolation level: undefined/unknown
	Minimum pool size: undefined/unknown
	Maximum pool size: undefined/unknown
26-02-17 14:37:46.830 [main] INFO  o.h.e.t.j.p.i.JtaPlatformInitiator   - HHH000489: No JTA platform available (set 'hibernate.transaction.jta.platform' to enable JTA platform integration)
26-02-17 14:37:46.991 [main] INFO  o.s.o.j.LocalContainerEntityManagerFactoryBean - Initialized JPA EntityManagerFactory for persistence unit 'default'
26-02-17 14:37:47.018 [main] WARN  o.s.b.w.s.c.AnnotationConfigServletWebServerApplicationContext - Exception encountered during context initialization - cancelling refresh attempt: org.springframework.beans.factory.UnsatisfiedDependencyException: Error creating bean with name 'dataInitializer' defined in file [C:\myWs\Mission\8-sprint-mission\build\classes\java\main\com\sprint\mission\discodeit\config\DataInitializer.class]: Unsatisfied dependency expressed through constructor parameter 0: Error creating bean with name 'basicUserService' defined in file [C:\myWs\Mission\8-sprint-mission\build\classes\java\main\com\sprint\mission\discodeit\service\basic\BasicUserService.class]: Unsatisfied dependency expressed through constructor parameter 0: No qualifying bean of type 'com.sprint.mission.discodeit.repository.UserRepository' available: expected at least 1 bean which qualifies as autowire candidate. Dependency annotations: {}
26-02-17 14:37:47.018 [main] INFO  o.s.o.j.LocalContainerEntityManagerFactoryBean - Closing JPA EntityManagerFactory for persistence unit 'default'
26-02-17 14:37:47.021 [main] INFO  com.zaxxer.hikari.HikariDataSource   - HikariPool-1 - Shutdown initiated...
26-02-17 14:37:47.025 [main] INFO  com.zaxxer.hikari.HikariDataSource   - HikariPool-1 - Shutdown completed.
26-02-17 14:37:47.030 [main] INFO  o.a.catalina.core.StandardService    - Stopping service [Tomcat]
26-02-17 14:37:47.051 [main] INFO  o.s.b.a.l.ConditionEvaluationReportLogger - 

Error starting ApplicationContext. To display the condition evaluation report re-run your application with 'debug' enabled.
26-02-17 14:37:47.079 [main] ERROR o.s.b.d.LoggingFailureAnalysisReporter - 

***************************
APPLICATION FAILED TO START
***************************

Description:

Parameter 0 of constructor in com.sprint.mission.discodeit.service.basic.BasicUserService required a bean of type 'com.sprint.mission.discodeit.repository.UserRepository' that could not be found.


Action:

Consider defining a bean of type 'com.sprint.mission.discodeit.repository.UserRepository' in your configuration.

26-02-17 14:38:03.692 [main] INFO  c.s.m.discodeit.DiscodeitApplication - Starting DiscodeitApplication using Java 17.0.16 with PID 20236 (C:\myWs\Mission\8-sprint-mission\build\classes\java\main started by samsung in C:\myWs\Mission\8-sprint-mission)
26-02-17 14:38:03.695 [main] INFO  c.s.m.discodeit.DiscodeitApplication - No active profile set, falling back to 1 default profile: "default"
26-02-17 14:38:04.533 [main] INFO  o.s.d.r.c.RepositoryConfigurationDelegate - Bootstrapping Spring Data JPA repositories in DEFAULT mode.
26-02-17 14:38:04.547 [main] INFO  o.s.d.r.c.RepositoryConfigurationDelegate - Finished Spring Data repository scanning in 4 ms. Found 0 JPA repository interfaces.
26-02-17 14:38:05.535 [main] INFO  o.s.b.w.e.tomcat.TomcatWebServer     - Tomcat initialized with port 8080 (http)
26-02-17 14:38:05.549 [main] INFO  o.a.coyote.http11.Http11NioProtocol  - Initializing ProtocolHandler ["http-nio-8080"]
26-02-17 14:38:05.552 [main] INFO  o.a.catalina.core.StandardService    - Starting service [Tomcat]
26-02-17 14:38:05.552 [main] INFO  o.a.catalina.core.StandardEngine     - Starting Servlet engine: [Apache Tomcat/10.1.50]
26-02-17 14:38:05.645 [main] INFO  o.a.c.c.C.[Tomcat].[localhost].[/]   - Initializing Spring embedded WebApplicationContext
26-02-17 14:38:05.645 [main] INFO  o.s.b.w.s.c.ServletWebServerApplicationContext - Root WebApplicationContext: initialization completed in 1890 ms
26-02-17 14:38:05.743 [main] INFO  com.zaxxer.hikari.HikariDataSource   - HikariPool-1 - Starting...
26-02-17 14:38:05.994 [main] INFO  com.zaxxer.hikari.pool.HikariPool    - HikariPool-1 - Added connection org.postgresql.jdbc.PgConnection@15994b0b
26-02-17 14:38:05.996 [main] INFO  com.zaxxer.hikari.HikariDataSource   - HikariPool-1 - Start completed.
26-02-17 14:38:06.120 [main] INFO  o.h.jpa.internal.util.LogHelper      - HHH000204: Processing PersistenceUnitInfo [name: default]
26-02-17 14:38:06.195 [main] INFO  org.hibernate.Version                - HHH000412: Hibernate ORM core version 6.6.39.Final
26-02-17 14:38:06.249 [main] INFO  o.h.c.i.RegionFactoryInitiator       - HHH000026: Second-level cache disabled
26-02-17 14:38:06.629 [main] INFO  o.s.o.j.p.SpringPersistenceUnitInfo  - No LoadTimeWeaver setup: ignoring JPA class transformer
26-02-17 14:38:06.709 [main] WARN  org.hibernate.orm.deprecation        - HHH90000025: PostgreSQLDialect does not need to be specified explicitly using 'hibernate.dialect' (remove the property setting and it will be selected by default)
26-02-17 14:38:06.728 [main] INFO  o.hibernate.orm.connections.pooling  - HHH10001005: Database info:
	Database JDBC URL [Connecting through datasource 'HikariDataSource (HikariPool-1)']
	Database driver: undefined/unknown
	Database version: 17.7
	Autocommit mode: undefined/unknown
	Isolation level: undefined/unknown
	Minimum pool size: undefined/unknown
	Maximum pool size: undefined/unknown
26-02-17 14:38:07.998 [main] INFO  o.h.e.t.j.p.i.JtaPlatformInitiator   - HHH000489: No JTA platform available (set 'hibernate.transaction.jta.platform' to enable JTA platform integration)
26-02-17 14:38:08.169 [main] INFO  o.s.o.j.LocalContainerEntityManagerFactoryBean - Initialized JPA EntityManagerFactory for persistence unit 'default'
26-02-17 14:38:08.191 [main] WARN  o.s.b.w.s.c.AnnotationConfigServletWebServerApplicationContext - Exception encountered during context initialization - cancelling refresh attempt: org.springframework.beans.factory.UnsatisfiedDependencyException: Error creating bean with name 'dataInitializer' defined in file [C:\myWs\Mission\8-sprint-mission\build\classes\java\main\com\sprint\mission\discodeit\config\DataInitializer.class]: Unsatisfied dependency expressed through constructor parameter 0: Error creating bean with name 'basicUserService' defined in file [C:\myWs\Mission\8-sprint-mission\build\classes\java\main\com\sprint\mission\discodeit\service\basic\BasicUserService.class]: Unsatisfied dependency expressed through constructor parameter 0: No qualifying bean of type 'com.sprint.mission.discodeit.repository.UserRepository' available: expected at least 1 bean which qualifies as autowire candidate. Dependency annotations: {}
26-02-17 14:38:08.191 [main] INFO  o.s.o.j.LocalContainerEntityManagerFactoryBean - Closing JPA EntityManagerFactory for persistence unit 'default'
26-02-17 14:38:08.194 [main] INFO  com.zaxxer.hikari.HikariDataSource   - HikariPool-1 - Shutdown initiated...
26-02-17 14:38:08.199 [main] INFO  com.zaxxer.hikari.HikariDataSource   - HikariPool-1 - Shutdown completed.
26-02-17 14:38:08.204 [main] INFO  o.a.catalina.core.StandardService    - Stopping service [Tomcat]
26-02-17 14:38:08.221 [main] INFO  o.s.b.a.l.ConditionEvaluationReportLogger - 

Error starting ApplicationContext. To display the condition evaluation report re-run your application with 'debug' enabled.
26-02-17 14:38:08.259 [main] ERROR o.s.b.d.LoggingFailureAnalysisReporter - 

***************************
APPLICATION FAILED TO START
***************************

Description:

Parameter 0 of constructor in com.sprint.mission.discodeit.service.basic.BasicUserService required a bean of type 'com.sprint.mission.discodeit.repository.UserRepository' that could not be found.


Action:

Consider defining a bean of type 'com.sprint.mission.discodeit.repository.UserRepository' in your configuration.

26-02-17 14:39:29.395 [main] INFO  c.s.m.discodeit.DiscodeitApplication - Starting DiscodeitApplication using Java 17.0.16 with PID 26184 (C:\myWs\Mission\8-sprint-mission\build\classes\java\main started by samsung in C:\myWs\Mission\8-sprint-mission)
26-02-17 14:39:29.398 [main] INFO  c.s.m.discodeit.DiscodeitApplication - No active profile set, falling back to 1 default profile: "default"
26-02-17 14:39:30.990 [main] INFO  o.s.d.r.c.RepositoryConfigurationDelegate - Bootstrapping Spring Data JPA repositories in DEFAULT mode.
26-02-17 14:39:31.174 [main] INFO  o.s.d.r.c.RepositoryConfigurationDelegate - Finished Spring Data repository scanning in 174 ms. Found 6 JPA repository interfaces.
26-02-17 14:39:31.832 [main] INFO  o.s.b.w.e.tomcat.TomcatWebServer     - Tomcat initialized with port 8080 (http)
26-02-17 14:39:31.845 [main] INFO  o.a.coyote.http11.Http11NioProtocol  - Initializing ProtocolHandler ["http-nio-8080"]
26-02-17 14:39:31.847 [main] INFO  o.a.catalina.core.StandardService    - Starting service [Tomcat]
26-02-17 14:39:31.848 [main] INFO  o.a.catalina.core.StandardEngine     - Starting Servlet engine: [Apache Tomcat/10.1.50]
26-02-17 14:39:31.954 [main] INFO  o.a.c.c.C.[Tomcat].[localhost].[/]   - Initializing Spring embedded WebApplicationContext
26-02-17 14:39:31.954 [main] INFO  o.s.b.w.s.c.ServletWebServerApplicationContext - Root WebApplicationContext: initialization completed in 2507 ms
26-02-17 14:39:32.074 [main] INFO  com.zaxxer.hikari.HikariDataSource   - HikariPool-1 - Starting...
26-02-17 14:39:32.319 [main] INFO  com.zaxxer.hikari.pool.HikariPool    - HikariPool-1 - Added connection org.postgresql.jdbc.PgConnection@2fee69a1
26-02-17 14:39:32.321 [main] INFO  com.zaxxer.hikari.HikariDataSource   - HikariPool-1 - Start completed.
26-02-17 14:39:32.447 [main] INFO  o.h.jpa.internal.util.LogHelper      - HHH000204: Processing PersistenceUnitInfo [name: default]
26-02-17 14:39:32.529 [main] INFO  org.hibernate.Version                - HHH000412: Hibernate ORM core version 6.6.39.Final
26-02-17 14:39:32.594 [main] INFO  o.h.c.i.RegionFactoryInitiator       - HHH000026: Second-level cache disabled
26-02-17 14:39:33.006 [main] INFO  o.s.o.j.p.SpringPersistenceUnitInfo  - No LoadTimeWeaver setup: ignoring JPA class transformer
26-02-17 14:39:33.091 [main] WARN  org.hibernate.orm.deprecation        - HHH90000025: PostgreSQLDialect does not need to be specified explicitly using 'hibernate.dialect' (remove the property setting and it will be selected by default)
26-02-17 14:39:33.112 [main] INFO  o.hibernate.orm.connections.pooling  - HHH10001005: Database info:
	Database JDBC URL [Connecting through datasource 'HikariDataSource (HikariPool-1)']
	Database driver: undefined/unknown
	Database version: 17.7
	Autocommit mode: undefined/unknown
	Isolation level: undefined/unknown
	Minimum pool size: undefined/unknown
	Maximum pool size: undefined/unknown
26-02-17 14:39:34.358 [main] INFO  o.h.e.t.j.p.i.JtaPlatformInitiator   - HHH000489: No JTA platform available (set 'hibernate.transaction.jta.platform' to enable JTA platform integration)
26-02-17 14:39:34.536 [main] INFO  o.s.o.j.LocalContainerEntityManagerFactoryBean - Initialized JPA EntityManagerFactory for persistence unit 'default'
26-02-17 14:39:34.887 [main] INFO  o.s.d.j.r.query.QueryEnhancerFactory - Hibernate is in classpath; If applicable, HQL parser will be used.
26-02-17 14:39:35.499 [main] DEBUG org.hibernate.SQL                    - 
    /* <criteria> */ select
        u1_0.id 
    from
        discodeit.users u1_0 
    where
        u1_0.username=? 
    fetch
        first ? rows only
26-02-17 14:39:35.501 [main] TRACE org.hibernate.orm.jdbc.bind          - binding parameter (1:VARCHAR) <- [buzz]
26-02-17 14:39:35.501 [main] TRACE org.hibernate.orm.jdbc.bind          - binding parameter (2:INTEGER) <- [1]
26-02-17 14:39:35.545 [main] DEBUG org.hibernate.SQL                    - 
    /* <criteria> */ select
        u1_0.id 
    from
        discodeit.users u1_0 
    where
        u1_0.email=? 
    fetch
        first ? rows only
26-02-17 14:39:35.545 [main] TRACE org.hibernate.orm.jdbc.bind          - binding parameter (1:VARCHAR) <- [buzz@codeit.com]
26-02-17 14:39:35.546 [main] TRACE org.hibernate.orm.jdbc.bind          - binding parameter (2:INTEGER) <- [1]
26-02-17 14:39:35.550 [main] DEBUG org.hibernate.SQL                    - 
    /* <criteria> */ select
        u1_0.id 
    from
        discodeit.users u1_0 
    where
        u1_0.username=? 
    fetch
        first ? rows only
26-02-17 14:39:35.550 [main] TRACE org.hibernate.orm.jdbc.bind          - binding parameter (1:VARCHAR) <- [buzz]
26-02-17 14:39:35.550 [main] TRACE org.hibernate.orm.jdbc.bind          - binding parameter (2:INTEGER) <- [1]
26-02-17 14:39:35.637 [main] INFO  c.s.m.d.s.basic.BasicUserService     - ì‚¬ìš©ìž ìƒì„± ì™„ë£Œ, id=bb752748-84fd-48d6-9a72-5aab527b6e3e, username=buzz
26-02-17 14:39:35.660 [main] DEBUG org.hibernate.SQL                    - 
    /* insert for
        com.sprint.mission.discodeit.entity.BinaryContent */insert 
    into
        discodeit.binary_contents (content_type, created_at, file_name, size, id) 
    values
        (?, ?, ?, ?, ?)
26-02-17 14:39:35.662 [main] TRACE org.hibernate.orm.jdbc.bind          - binding parameter (1:VARCHAR) <- [image/png]
26-02-17 14:39:35.662 [main] TRACE org.hibernate.orm.jdbc.bind          - binding parameter (2:TIMESTAMP_UTC) <- [2026-02-17T05:39:35.592451900Z]
26-02-17 14:39:35.663 [main] TRACE org.hibernate.orm.jdbc.bind          - binding parameter (3:VARCHAR) <- [buzz.png]
26-02-17 14:39:35.663 [main] TRACE org.hibernate.orm.jdbc.bind          - binding parameter (4:BIGINT) <- [67]
26-02-17 14:39:35.664 [main] TRACE org.hibernate.orm.jdbc.bind          - binding parameter (5:UUID) <- [e9e08e0a-c0b9-47f2-acb0-746332b7a819]
26-02-17 14:39:35.671 [main] WARN  o.h.e.jdbc.spi.SqlExceptionHelper    - SQL Error: 0, SQLState: 23502
26-02-17 14:39:35.671 [main] ERROR o.h.e.jdbc.spi.SqlExceptionHelper    - ERROR: null value in column "bytes" of relation "binary_contents" violates not-null constraint
  Detail: Failing row contains (e9e08e0a-c0b9-47f2-acb0-746332b7a819, 2026-02-17 14:39:35.592452+09, buzz.png, 67, image/png, null).
26-02-17 14:39:35.679 [main] WARN  c.s.m.d.config.DataInitializer       - Could not create seed user buzz: could not execute statement [ERROR: null value in column "bytes" of relation "binary_contents" violates not-null constraint
  Detail: Failing row contains (e9e08e0a-c0b9-47f2-acb0-746332b7a819, 2026-02-17 14:39:35.592452+09, buzz.png, 67, image/png, null).] [/* insert for com.sprint.mission.discodeit.entity.BinaryContent */insert into discodeit.binary_contents (content_type,created_at,file_name,size,id) values (?,?,?,?,?)]; SQL [/* insert for com.sprint.mission.discodeit.entity.BinaryContent */insert into discodeit.binary_contents (content_type,created_at,file_name,size,id) values (?,?,?,?,?)]; constraint [bytes" of relation "binary_contents]
26-02-17 14:39:35.681 [main] DEBUG org.hibernate.SQL                    - 
    /* <criteria> */ select
        u1_0.id 
    from
        discodeit.users u1_0 
    where
        u1_0.username=? 
    fetch
        first ? rows only
26-02-17 14:39:35.681 [main] TRACE org.hibernate.orm.jdbc.bind          - binding parameter (1:VARCHAR) <- [jessie]
26-02-17 14:39:35.681 [main] TRACE org.hibernate.orm.jdbc.bind          - binding parameter (2:INTEGER) <- [1]
26-02-17 14:39:35.683 [main] DEBUG org.hibernate.SQL                    - 
    /* <criteria> */ select
        u1_0.id 
    from
        discodeit.users u1_0 
    where
        u1_0.email=? 
    fetch
        first ? rows only
26-02-17 14:39:35.684 [main] TRACE org.hibernate.orm.jdbc.bind          - binding parameter (1:VARCHAR) <- [jessie@codeit.com]
26-02-17 14:39:35.684 [main] TRACE org.hibernate.orm.jdbc.bind          - binding parameter (2:INTEGER) <- [1]
26-02-17 14:39:35.686 [main] DEBUG org.hibernate.SQL                    - 
    /* <criteria> */ select
        u1_0.id 
    from
        discodeit.users u1_0 
    where
        u1_0.username=? 
    fetch
        first ? rows only
26-02-17 14:39:35.686 [main] TRACE org.hibernate.orm.jdbc.bind          - binding parameter (1:VARCHAR) <- [jessie]
26-02-17 14:39:35.686 [main] TRACE org.hibernate.orm.jdbc.bind          - binding parameter (2:INTEGER) <- [1]
26-02-17 14:39:35.691 [main] INFO  c.s.m.d.s.basic.BasicUserService     - ì‚¬ìš©ìž ìƒì„± ì™„ë£Œ, id=d66be722-24bb-47c3-b319-b4ce6f2817e4, username=jessie
26-02-17 14:39:35.691 [main] DEBUG org.hibernate.SQL                    - 
    /* insert for
        com.sprint.mission.discodeit.entity.BinaryContent */insert 
    into
        discodeit.binary_contents (content_type, created_at, file_name, size, id) 
    values
        (?, ?, ?, ?, ?)
26-02-17 14:39:35.691 [main] TRACE org.hibernate.orm.jdbc.bind          - binding parameter (1:VARCHAR) <- [image/png]
26-02-17 14:39:35.691 [main] TRACE org.hibernate.orm.jdbc.bind          - binding parameter (2:TIMESTAMP_UTC) <- [2026-02-17T05:39:35.687677200Z]
26-02-17 14:39:35.692 [main] TRACE org.hibernate.orm.jdbc.bind          - binding parameter (3:VARCHAR) <- [jessie.png]
26-02-17 14:39:35.692 [main] TRACE org.hibernate.orm.jdbc.bind          - binding parameter (4:BIGINT) <- [67]
26-02-17 14:39:35.692 [main] TRACE org.hibernate.orm.jdbc.bind          - binding parameter (5:UUID) <- [464bc38e-ec3a-40dc-a6e8-399fae7fa358]
26-02-17 14:39:35.693 [main] WARN  o.h.e.jdbc.spi.SqlExceptionHelper    - SQL Error: 0, SQLState: 23502
26-02-17 14:39:35.693 [main] ERROR o.h.e.jdbc.spi.SqlExceptionHelper    - ERROR: null value in column "bytes" of relation "binary_contents" violates not-null constraint
  Detail: Failing row contains (464bc38e-ec3a-40dc-a6e8-399fae7fa358, 2026-02-17 14:39:35.687677+09, jessie.png, 67, image/png, null).
26-02-17 14:39:35.693 [main] WARN  c.s.m.d.config.DataInitializer       - Could not create seed user jessie: could not execute statement [ERROR: null value in column "bytes" of relation "binary_contents" violates not-null constraint
  Detail: Failing row contains (464bc38e-ec3a-40dc-a6e8-399fae7fa358, 2026-02-17 14:39:35.687677+09, jessie.png, 67, image/png, null).] [/* insert for com.sprint.mission.discodeit.entity.BinaryContent */insert into discodeit.binary_contents (content_type,created_at,file_name,size,id) values (?,?,?,?,?)]; SQL [/* insert for com.sprint.mission.discodeit.entity.BinaryContent */insert into discodeit.binary_contents (content_type,created_at,file_name,size,id) values (?,?,?,?,?)]; constraint [bytes" of relation "binary_contents]
26-02-17 14:39:35.695 [main] DEBUG org.hibernate.SQL                    - 
    /* <criteria> */ select
        u1_0.id 
    from
        discodeit.users u1_0 
    where
        u1_0.username=? 
    fetch
        first ? rows only
26-02-17 14:39:35.695 [main] TRACE org.hibernate.orm.jdbc.bind          - binding parameter (1:VARCHAR) <- [rex]
26-02-17 14:39:35.695 [main] TRACE org.hibernate.orm.jdbc.bind          - binding parameter (2:INTEGER) <- [1]
26-02-17 14:39:35.697 [main] DEBUG org.hibernate.SQL                    - 
    /* <criteria> */ select
        u1_0.id 
    from
        discodeit.users u1_0 
    where
        u1_0.email=? 
    fetch
        first ? rows only
26-02-17 14:39:35.698 [main] TRACE org.hibernate.orm.jdbc.bind          - binding parameter (1:VARCHAR) <- [rex@codeit.com]
26-02-17 14:39:35.698 [main] TRACE org.hibernate.orm.jdbc.bind          - binding parameter (2:INTEGER) <- [1]
26-02-17 14:39:35.700 [main] DEBUG org.hibernate.SQL                    - 
    /* <criteria> */ select
        u1_0.id 
    from
        discodeit.users u1_0 
    where
        u1_0.username=? 
    fetch
        first ? rows only
26-02-17 14:39:35.700 [main] TRACE org.hibernate.orm.jdbc.bind          - binding parameter (1:VARCHAR) <- [rex]
26-02-17 14:39:35.700 [main] TRACE org.hibernate.orm.jdbc.bind          - binding parameter (2:INTEGER) <- [1]
26-02-17 14:39:35.707 [main] INFO  c.s.m.d.s.basic.BasicUserService     - ì‚¬ìš©ìž ìƒì„± ì™„ë£Œ, id=59283398-4b4d-4250-a2aa-7aeb47abaab6, username=rex
26-02-17 14:39:35.708 [main] DEBUG org.hibernate.SQL                    - 
    /* insert for
        com.sprint.mission.discodeit.entity.BinaryContent */insert 
    into
        discodeit.binary_contents (content_type, created_at, file_name, size, id) 
    values
        (?, ?, ?, ?, ?)
26-02-17 14:39:35.709 [main] TRACE org.hibernate.orm.jdbc.bind          - binding parameter (1:VARCHAR) <- [image/png]
26-02-17 14:39:35.709 [main] TRACE org.hibernate.orm.jdbc.bind          - binding parameter (2:TIMESTAMP_UTC) <- [2026-02-17T05:39:35.702190700Z]
26-02-17 14:39:35.709 [main] TRACE org.hibernate.orm.jdbc.bind          - binding parameter (3:VARCHAR) <- [rex.png]
26-02-17 14:39:35.709 [main] TRACE org.hibernate.orm.jdbc.bind          - binding parameter (4:BIGINT) <- [67]
26-02-17 14:39:35.709 [main] TRACE org.hibernate.orm.jdbc.bind          - binding parameter (5:UUID) <- [2bc721d0-831e-424c-a7b3-695e038c6f96]
26-02-17 14:39:35.710 [main] WARN  o.h.e.jdbc.spi.SqlExceptionHelper    - SQL Error: 0, SQLState: 23502
26-02-17 14:39:35.710 [main] ERROR o.h.e.jdbc.spi.SqlExceptionHelper    - ERROR: null value in column "bytes" of relation "binary_contents" violates not-null constraint
  Detail: Failing row contains (2bc721d0-831e-424c-a7b3-695e038c6f96, 2026-02-17 14:39:35.702191+09, rex.png, 67, image/png, null).
26-02-17 14:39:35.711 [main] WARN  c.s.m.d.config.DataInitializer       - Could not create seed user rex: could not execute statement [ERROR: null value in column "bytes" of relation "binary_contents" violates not-null constraint
  Detail: Failing row contains (2bc721d0-831e-424c-a7b3-695e038c6f96, 2026-02-17 14:39:35.702191+09, rex.png, 67, image/png, null).] [/* insert for com.sprint.mission.discodeit.entity.BinaryContent */insert into discodeit.binary_contents (content_type,created_at,file_name,size,id) values (?,?,?,?,?)]; SQL [/* insert for com.sprint.mission.discodeit.entity.BinaryContent */insert into discodeit.binary_contents (content_type,created_at,file_name,size,id) values (?,?,?,?,?)]; constraint [bytes" of relation "binary_contents]
26-02-17 14:39:35.713 [main] DEBUG org.hibernate.SQL                    - 
    /* <criteria> */ select
        u1_0.id 
    from
        discodeit.users u1_0 
    where
        u1_0.username=? 
    fetch
        first ? rows only
26-02-17 14:39:35.714 [main] TRACE org.hibernate.orm.jdbc.bind          - binding parameter (1:VARCHAR) <- [woody]
26-02-17 14:39:35.714 [main] TRACE org.hibernate.orm.jdbc.bind          - binding parameter (2:INTEGER) <- [1]
26-02-17 14:39:35.718 [main] DEBUG org.hibernate.SQL                    - 
    /* <criteria> */ select
        u1_0.id 
    from
        discodeit.users u1_0 
    where
        u1_0.email=? 
    fetch
        first ? rows only
26-02-17 14:39:35.719 [main] TRACE org.hibernate.orm.jdbc.bind          - binding parameter (1:VARCHAR) <- [woody@codeit.com]
26-02-17 14:39:35.719 [main] TRACE org.hibernate.orm.jdbc.bind          - binding parameter (2:INTEGER) <- [1]
26-02-17 14:39:35.721 [main] DEBUG org.hibernate.SQL                    - 
    /* <criteria> */ select
        u1_0.id 
    from
        discodeit.users u1_0 
    where
        u1_0.username=? 
    fetch
        first ? rows only
26-02-17 14:39:35.722 [main] TRACE org.hibernate.orm.jdbc.bind          - binding parameter (1:VARCHAR) <- [woody]
26-02-17 14:39:35.722 [main] TRACE org.hibernate.orm.jdbc.bind          - binding parameter (2:INTEGER) <- [1]
26-02-17 14:39:35.727 [main] INFO  c.s.m.d.s.basic.BasicUserService     - ì‚¬ìš©ìž ìƒì„± ì™„ë£Œ, id=4fc49524-7b2e-40a5-afa9-999185dffd66, username=woody
26-02-17 14:39:35.729 [main] DEBUG org.hibernate.SQL                    - 
    /* insert for
        com.sprint.mission.discodeit.entity.BinaryContent */insert 
    into
        discodeit.binary_contents (content_type, created_at, file_name, size, id) 
    values
        (?, ?, ?, ?, ?)
26-02-17 14:39:35.730 [main] TRACE org.hibernate.orm.jdbc.bind          - binding parameter (1:VARCHAR) <- [image/png]
26-02-17 14:39:35.730 [main] TRACE org.hibernate.orm.jdbc.bind          - binding parameter (2:TIMESTAMP_UTC) <- [2026-02-17T05:39:35.723741100Z]
26-02-17 14:39:35.730 [main] TRACE org.hibernate.orm.jdbc.bind          - binding parameter (3:VARCHAR) <- [woody.png]
26-02-17 14:39:35.730 [main] TRACE org.hibernate.orm.jdbc.bind          - binding parameter (4:BIGINT) <- [67]
26-02-17 14:39:35.730 [main] TRACE org.hibernate.orm.jdbc.bind          - binding parameter (5:UUID) <- [b6e06149-e883-4b1b-bb27-4e9625ba55ca]
26-02-17 14:39:35.731 [main] WARN  o.h.e.jdbc.spi.SqlExceptionHelper    - SQL Error: 0, SQLState: 23502
26-02-17 14:39:35.731 [main] ERROR o.h.e.jdbc.spi.SqlExceptionHelper    - ERROR: null value in column "bytes" of relation "binary_contents" violates not-null constraint
  Detail: Failing row contains (b6e06149-e883-4b1b-bb27-4e9625ba55ca, 2026-02-17 14:39:35.723741+09, woody.png, 67, image/png, null).
26-02-17 14:39:35.732 [main] WARN  c.s.m.d.config.DataInitializer       - Could not create seed user woody: could not execute statement [ERROR: null value in column "bytes" of relation "binary_contents" violates not-null constraint
  Detail: Failing row contains (b6e06149-e883-4b1b-bb27-4e9625ba55ca, 2026-02-17 14:39:35.723741+09, woody.png, 67, image/png, null).] [/* insert for com.sprint.mission.discodeit.entity.BinaryContent */insert into discodeit.binary_contents (content_type,created_at,file_name,size,id) values (?,?,?,?,?)]; SQL [/* insert for com.sprint.mission.discodeit.entity.BinaryContent */insert into discodeit.binary_contents (content_type,created_at,file_name,size,id) values (?,?,?,?,?)]; constraint [bytes" of relation "binary_contents]
26-02-17 14:39:35.742 [main] DEBUG org.hibernate.SQL                    - 
    /* <criteria> */ select
        u1_0.id,
        u1_0.created_at,
        u1_0.email,
        u1_0.password,
        u1_0.profile_id,
        u1_0.updated_at,
        u1_0.username 
    from
        discodeit.users u1_0 
    where
        u1_0.username=?
26-02-17 14:39:35.743 [main] TRACE org.hibernate.orm.jdbc.bind          - binding parameter (1:VARCHAR) <- [buzz]
26-02-17 14:39:35.766 [main] DEBUG org.hibernate.SQL                    - 
    /* <criteria> */ select
        u1_0.id,
        u1_0.created_at,
        u1_0.email,
        u1_0.password,
        u1_0.profile_id,
        u1_0.updated_at,
        u1_0.username 
    from
        discodeit.users u1_0 
    where
        u1_0.username=?
26-02-17 14:39:35.766 [main] TRACE org.hibernate.orm.jdbc.bind          - binding parameter (1:VARCHAR) <- [jessie]
26-02-17 14:39:35.770 [main] DEBUG org.hibernate.SQL                    - 
    /* <criteria> */ select
        u1_0.id,
        u1_0.created_at,
        u1_0.email,
        u1_0.password,
        u1_0.profile_id,
        u1_0.updated_at,
        u1_0.username 
    from
        discodeit.users u1_0 
    where
        u1_0.username=?
26-02-17 14:39:35.770 [main] TRACE org.hibernate.orm.jdbc.bind          - binding parameter (1:VARCHAR) <- [rex]
26-02-17 14:39:35.773 [main] DEBUG org.hibernate.SQL                    - 
    /* <criteria> */ select
        u1_0.id,
        u1_0.created_at,
        u1_0.email,
        u1_0.password,
        u1_0.profile_id,
        u1_0.updated_at,
        u1_0.username 
    from
        discodeit.users u1_0 
    where
        u1_0.username=?
26-02-17 14:39:35.773 [main] TRACE org.hibernate.orm.jdbc.bind          - binding parameter (1:VARCHAR) <- [woody]
26-02-17 14:39:35.795 [main] DEBUG org.hibernate.SQL                    - 
    /* select
        count(*) 
    from
        Channel x */ select
            count(*) 
        from
            discodeit.channels c1_0
26-02-17 14:39:35.804 [main] DEBUG org.hibernate.SQL                    - 
    /* insert for
        com.sprint.mission.discodeit.entity.Channel */insert 
    into
        discodeit.channels (created_at, description, name, type, updated_at, id) 
    values
        (?, ?, ?, ?, ?, ?)
26-02-17 14:39:35.804 [main] TRACE org.hibernate.orm.jdbc.bind          - binding parameter (1:TIMESTAMP_UTC) <- [2026-02-17T05:39:35.799996700Z]
26-02-17 14:39:35.804 [main] TRACE org.hibernate.orm.jdbc.bind          - binding parameter (2:VARCHAR) <- [ì¼ë°˜ ì±„íŒ…]
26-02-17 14:39:35.804 [main] TRACE org.hibernate.orm.jdbc.bind          - binding parameter (3:VARCHAR) <- [ì¼ë°˜]
26-02-17 14:39:35.804 [main] TRACE org.hibernate.orm.jdbc.bind          - binding parameter (4:VARCHAR) <- [PUBLIC]
26-02-17 14:39:35.805 [main] TRACE org.hibernate.orm.jdbc.bind          - binding parameter (5:TIMESTAMP_UTC) <- [2026-02-17T05:39:35.799996700Z]
26-02-17 14:39:35.805 [main] TRACE org.hibernate.orm.jdbc.bind          - binding parameter (6:UUID) <- [6e85aeb2-e4ea-4968-9648-e924e6bb4525]
26-02-17 14:39:35.809 [main] INFO  c.s.m.d.config.DataInitializer       - Created default channel: ì¼ë°˜
26-02-17 14:39:35.813 [main] DEBUG org.hibernate.SQL                    - 
    /* <criteria> */ select
        u1_0.id,
        u1_0.created_at,
        u1_0.email,
        u1_0.password,
        u1_0.profile_id,
        u1_0.updated_at,
        u1_0.username 
    from
        discodeit.users u1_0 
    where
        u1_0.username=?
26-02-17 14:39:35.813 [main] TRACE org.hibernate.orm.jdbc.bind          - binding parameter (1:VARCHAR) <- [buzz]
26-02-17 14:39:35.818 [main] DEBUG org.hibernate.SQL                    - 
    /* <criteria> */ select
        u1_0.id,
        u1_0.created_at,
        u1_0.email,
        u1_0.password,
        u1_0.profile_id,
        u1_0.updated_at,
        u1_0.username 
    from
        discodeit.users u1_0 
    where
        u1_0.username=?
26-02-17 14:39:35.818 [main] TRACE org.hibernate.orm.jdbc.bind          - binding parameter (1:VARCHAR) <- [jessie]
26-02-17 14:39:35.821 [main] DEBUG org.hibernate.SQL                    - 
    /* <criteria> */ select
        u1_0.id,
        u1_0.created_at,
        u1_0.email,
        u1_0.password,
        u1_0.profile_id,
        u1_0.updated_at,
        u1_0.username 
    from
        discodeit.users u1_0 
    where
        u1_0.username=?
26-02-17 14:39:35.822 [main] TRACE org.hibernate.orm.jdbc.bind          - binding parameter (1:VARCHAR) <- [rex]
26-02-17 14:39:35.823 [main] DEBUG org.hibernate.SQL                    - 
    /* <criteria> */ select
        u1_0.id,
        u1_0.created_at,
        u1_0.email,
        u1_0.password,
        u1_0.profile_id,
        u1_0.updated_at,
        u1_0.username 
    from
        discodeit.users u1_0 
    where
        u1_0.username=?
26-02-17 14:39:35.823 [main] TRACE org.hibernate.orm.jdbc.bind          - binding parameter (1:VARCHAR) <- [woody]
26-02-17 14:39:36.073 [main] WARN  o.s.b.a.o.j.JpaBaseConfiguration$JpaWebConfiguration - spring.jpa.open-in-view is enabled by default. Therefore, database queries may be performed during view rendering. Explicitly configure spring.jpa.open-in-view to disable this warning
26-02-17 14:39:36.096 [main] INFO  o.s.b.a.w.s.WelcomePageHandlerMapping - Adding welcome page: class path resource [static/index.html]
26-02-17 14:39:36.126 [main] INFO  o.s.v.b.OptionalValidatorFactoryBean - Failed to set up a Bean Validation provider: jakarta.validation.NoProviderFoundException: Unable to create a Configuration, because no Jakarta Bean Validation provider could be found. Add a provider like Hibernate Validator (RI) to your classpath.
26-02-17 14:39:36.608 [main] INFO  o.a.coyote.http11.Http11NioProtocol  - Starting ProtocolHandler ["http-nio-8080"]
26-02-17 14:39:36.636 [main] INFO  o.s.b.w.e.tomcat.TomcatWebServer     - Tomcat started on port 8080 (http) with context path '/'
26-02-17 14:39:36.647 [main] INFO  c.s.m.discodeit.DiscodeitApplication - Started DiscodeitApplication in 7.927 seconds (process running for 8.744)
26-02-17 14:39:39.471 [SpringApplicationShutdownHook] INFO  o.s.b.w.e.tomcat.GracefulShutdown    - Commencing graceful shutdown. Waiting for active requests to complete
26-02-17 14:39:40.062 [tomcat-shutdown] INFO  o.s.b.w.e.tomcat.GracefulShutdown    - Graceful shutdown complete
26-02-17 14:39:40.067 [SpringApplicationShutdownHook] INFO  o.s.o.j.LocalContainerEntityManagerFactoryBean - Closing JPA EntityManagerFactory for persistence unit 'default'
26-02-17 14:39:40.070 [SpringApplicationShutdownHook] INFO  com.zaxxer.hikari.HikariDataSource   - HikariPool-1 - Shutdown initiated...
26-02-17 14:39:40.074 [SpringApplicationShutdownHook] INFO  com.zaxxer.hikari.HikariDataSource   - HikariPool-1 - Shutdown completed.
26-02-27 23:19:49.270 [background-preinit] INFO  o.h.validator.internal.util.Version  - HV000001: Hibernate Validator 8.0.2.Final
26-02-27 23:19:49.452 [main] INFO  c.s.m.discodeit.DiscodeitApplication - Starting DiscodeitApplication using Java 17.0.16 with PID 38988 (C:\myWs\Mission\8-sprint-mission\build\classes\java\main started by samsung in C:\myWs\Mission\8-sprint-mission)
26-02-27 23:19:49.454 [main] INFO  c.s.m.discodeit.DiscodeitApplication - No active profile set, falling back to 1 default profile: "default"
26-02-27 23:19:54.421 [main] INFO  o.s.d.r.c.RepositoryConfigurationDelegate - Bootstrapping Spring Data JPA repositories in DEFAULT mode.
26-02-27 23:19:55.315 [main] INFO  o.s.d.r.c.RepositoryConfigurationDelegate - Finished Spring Data repository scanning in 853 ms. Found 6 JPA repository interfaces.
26-02-27 23:20:00.595 [main] INFO  o.s.b.w.e.tomcat.TomcatWebServer     - Tomcat initialized with port 8080 (http)
26-02-27 23:20:00.648 [main] INFO  o.a.coyote.http11.Http11NioProtocol  - Initializing ProtocolHandler ["http-nio-8080"]
26-02-27 23:20:00.657 [main] INFO  o.a.catalina.core.StandardService    - Starting service [Tomcat]
26-02-27 23:20:00.660 [main] INFO  o.a.catalina.core.StandardEngine     - Starting Servlet engine: [Apache Tomcat/10.1.36]
26-02-27 23:20:01.011 [main] INFO  o.a.c.c.C.[Tomcat].[localhost].[/]   - Initializing Spring embedded WebApplicationContext
26-02-27 23:20:01.014 [main] INFO  o.s.b.w.s.c.ServletWebServerApplicationContext - Root WebApplicationContext: initialization completed in 11430 ms
26-02-27 23:20:02.333 [main] INFO  com.zaxxer.hikari.HikariDataSource   - HikariPool-1 - Starting...
26-02-27 23:20:03.381 [main] INFO  com.zaxxer.hikari.pool.HikariPool    - HikariPool-1 - Added connection org.postgresql.jdbc.PgConnection@f1d1463
26-02-27 23:20:03.387 [main] INFO  com.zaxxer.hikari.HikariDataSource   - HikariPool-1 - Start completed.
26-02-27 23:20:03.780 [main] INFO  o.h.jpa.internal.util.LogHelper      - HHH000204: Processing PersistenceUnitInfo [name: default]
26-02-27 23:20:04.095 [main] INFO  org.hibernate.Version                - HHH000412: Hibernate ORM core version 6.6.8.Final
26-02-27 23:20:04.268 [main] INFO  o.h.c.i.RegionFactoryInitiator       - HHH000026: Second-level cache disabled
26-02-27 23:20:05.659 [main] INFO  o.s.o.j.p.SpringPersistenceUnitInfo  - No LoadTimeWeaver setup: ignoring JPA class transformer
26-02-27 23:20:05.910 [main] WARN  org.hibernate.orm.deprecation        - HHH90000025: PostgreSQLDialect does not need to be specified explicitly using 'hibernate.dialect' (remove the property setting and it will be selected by default)
26-02-27 23:20:05.959 [main] INFO  o.hibernate.orm.connections.pooling  - HHH10001005: Database info:
	Database JDBC URL [Connecting through datasource 'HikariDataSource (HikariPool-1)']
	Database driver: undefined/unknown
	Database version: 17.7
	Autocommit mode: undefined/unknown
	Isolation level: undefined/unknown
	Minimum pool size: undefined/unknown
	Maximum pool size: undefined/unknown
26-02-27 23:20:08.497 [main] INFO  o.h.e.t.j.p.i.JtaPlatformInitiator   - HHH000489: No JTA platform available (set 'hibernate.transaction.jta.platform' to enable JTA platform integration)
26-02-27 23:20:09.350 [main] INFO  o.s.o.j.LocalContainerEntityManagerFactoryBean - Initialized JPA EntityManagerFactory for persistence unit 'default'
26-02-27 23:20:09.964 [main] INFO  o.s.d.j.r.query.QueryEnhancerFactory - Hibernate is in classpath; If applicable, HQL parser will be used.
26-02-27 23:20:11.398 [main] DEBUG org.hibernate.SQL                    - 
    /* <criteria> */ select
        u1_0.id 
    from
        discodeit.users u1_0 
    where
        u1_0.username=? 
    fetch
        first ? rows only
26-02-27 23:20:11.403 [main] TRACE org.hibernate.orm.jdbc.bind          - binding parameter (1:VARCHAR) <- [buzz]
26-02-27 23:20:11.405 [main] TRACE org.hibernate.orm.jdbc.bind          - binding parameter (2:INTEGER) <- [1]
26-02-27 23:20:11.547 [main] DEBUG org.hibernate.SQL                    - 
    /* <criteria> */ select
        u1_0.id 
    from
        discodeit.users u1_0 
    where
        u1_0.email=? 
    fetch
        first ? rows only
26-02-27 23:20:11.549 [main] TRACE org.hibernate.orm.jdbc.bind          - binding parameter (1:VARCHAR) <- [buzz@codeit.com]
26-02-27 23:20:11.550 [main] TRACE org.hibernate.orm.jdbc.bind          - binding parameter (2:INTEGER) <- [1]
26-02-27 23:20:11.556 [main] DEBUG org.hibernate.SQL                    - 
    /* <criteria> */ select
        u1_0.id 
    from
        discodeit.users u1_0 
    where
        u1_0.username=? 
    fetch
        first ? rows only
26-02-27 23:20:11.556 [main] TRACE org.hibernate.orm.jdbc.bind          - binding parameter (1:VARCHAR) <- [buzz]
26-02-27 23:20:11.557 [main] TRACE org.hibernate.orm.jdbc.bind          - binding parameter (2:INTEGER) <- [1]
26-02-27 23:20:11.685 [main] INFO  c.s.m.d.s.basic.BasicUserService     - »ç¿ëÀÚ »ý¼º ¿Ï·á, id=dc17c8d3-5867-4797-a8ff-c56fd877468d, username=buzz
26-02-27 23:20:11.719 [main] DEBUG org.hibernate.SQL                    - 
    /* insert for
        com.sprint.mission.discodeit.entity.BinaryContent */insert 
    into
        discodeit.binary_contents (content_type, created_at, file_name, size, id) 
    values
        (?, ?, ?, ?, ?)
26-02-27 23:20:11.726 [main] TRACE org.hibernate.orm.jdbc.bind          - binding parameter (1:VARCHAR) <- [image/png]
26-02-27 23:20:11.727 [main] TRACE org.hibernate.orm.jdbc.bind          - binding parameter (2:TIMESTAMP_UTC) <- [2026-02-27T14:20:11.611627900Z]
26-02-27 23:20:11.729 [main] TRACE org.hibernate.orm.jdbc.bind          - binding parameter (3:VARCHAR) <- [buzz.png]
26-02-27 23:20:11.729 [main] TRACE org.hibernate.orm.jdbc.bind          - binding parameter (4:BIGINT) <- [67]
26-02-27 23:20:11.729 [main] TRACE org.hibernate.orm.jdbc.bind          - binding parameter (5:UUID) <- [0d2b213b-3061-43b1-a159-b3d0633bf5c9]
26-02-27 23:20:11.743 [main] WARN  o.h.e.jdbc.spi.SqlExceptionHelper    - SQL Error: 0, SQLState: 23502
26-02-27 23:20:11.743 [main] ERROR o.h.e.jdbc.spi.SqlExceptionHelper    - ERROR: null value in column "bytes" of relation "binary_contents" violates not-null constraint
  Detail: Failing row contains (0d2b213b-3061-43b1-a159-b3d0633bf5c9, 2026-02-27 23:20:11.611628+09, buzz.png, 67, image/png, null).
26-02-27 23:20:11.762 [main] WARN  c.s.m.d.config.DataInitializer       - Could not create seed user buzz: could not execute statement [ERROR: null value in column "bytes" of relation "binary_contents" violates not-null constraint
  Detail: Failing row contains (0d2b213b-3061-43b1-a159-b3d0633bf5c9, 2026-02-27 23:20:11.611628+09, buzz.png, 67, image/png, null).] [/* insert for com.sprint.mission.discodeit.entity.BinaryContent */insert into discodeit.binary_contents (content_type,created_at,file_name,size,id) values (?,?,?,?,?)]; SQL [/* insert for com.sprint.mission.discodeit.entity.BinaryContent */insert into discodeit.binary_contents (content_type,created_at,file_name,size,id) values (?,?,?,?,?)]; constraint [bytes" of relation "binary_contents]
26-02-27 23:20:11.766 [main] DEBUG org.hibernate.SQL                    - 
    /* <criteria> */ select
        u1_0.id 
    from
        discodeit.users u1_0 
    where
        u1_0.username=? 
    fetch
        first ? rows only
26-02-27 23:20:11.767 [main] TRACE org.hibernate.orm.jdbc.bind          - binding parameter (1:VARCHAR) <- [jessie]
26-02-27 23:20:11.768 [main] TRACE org.hibernate.orm.jdbc.bind          - binding parameter (2:INTEGER) <- [1]
26-02-27 23:20:11.773 [main] DEBUG org.hibernate.SQL                    - 
    /* <criteria> */ select
        u1_0.id 
    from
        discodeit.users u1_0 
    where
        u1_0.email=? 
    fetch
        first ? rows only
26-02-27 23:20:11.774 [main] TRACE org.hibernate.orm.jdbc.bind          - binding parameter (1:VARCHAR) <- [jessie@codeit.com]
26-02-27 23:20:11.774 [main] TRACE org.hibernate.orm.jdbc.bind          - binding parameter (2:INTEGER) <- [1]
26-02-27 23:20:11.778 [main] DEBUG org.hibernate.SQL                    - 
    /* <criteria> */ select
        u1_0.id 
    from
        discodeit.users u1_0 
    where
        u1_0.username=? 
    fetch
        first ? rows only
26-02-27 23:20:11.778 [main] TRACE org.hibernate.orm.jdbc.bind          - binding parameter (1:VARCHAR) <- [jessie]
26-02-27 23:20:11.778 [main] TRACE org.hibernate.orm.jdbc.bind          - binding parameter (2:INTEGER) <- [1]
26-02-27 23:20:11.785 [main] INFO  c.s.m.d.s.basic.BasicUserService     - »ç¿ëÀÚ »ý¼º ¿Ï·á, id=72032d04-d829-427d-8e6a-2b17bf8419da, username=jessie
26-02-27 23:20:11.790 [main] DEBUG org.hibernate.SQL                    - 
    /* insert for
        com.sprint.mission.discodeit.entity.BinaryContent */insert 
    into
        discodeit.binary_contents (content_type, created_at, file_name, size, id) 
    values
        (?, ?, ?, ?, ?)
26-02-27 23:20:11.790 [main] TRACE org.hibernate.orm.jdbc.bind          - binding parameter (1:VARCHAR) <- [image/png]
26-02-27 23:20:11.791 [main] TRACE org.hibernate.orm.jdbc.bind          - binding parameter (2:TIMESTAMP_UTC) <- [2026-02-27T14:20:11.780091600Z]
26-02-27 23:20:11.791 [main] TRACE org.hibernate.orm.jdbc.bind          - binding parameter (3:VARCHAR) <- [jessie.png]
26-02-27 23:20:11.791 [main] TRACE org.hibernate.orm.jdbc.bind          - binding parameter (4:BIGINT) <- [67]
26-02-27 23:20:11.792 [main] TRACE org.hibernate.orm.jdbc.bind          - binding parameter (5:UUID) <- [009b49c4-1589-4fa2-bd83-82db4981eee2]
26-02-27 23:20:11.793 [main] WARN  o.h.e.jdbc.spi.SqlExceptionHelper    - SQL Error: 0, SQLState: 23502
26-02-27 23:20:11.793 [main] ERROR o.h.e.jdbc.spi.SqlExceptionHelper    - ERROR: null value in column "bytes" of relation "binary_contents" violates not-null constraint
  Detail: Failing row contains (009b49c4-1589-4fa2-bd83-82db4981eee2, 2026-02-27 23:20:11.780092+09, jessie.png, 67, image/png, null).
26-02-27 23:20:11.794 [main] WARN  c.s.m.d.config.DataInitializer       - Could not create seed user jessie: could not execute statement [ERROR: null value in column "bytes" of relation "binary_contents" violates not-null constraint
  Detail: Failing row contains (009b49c4-1589-4fa2-bd83-82db4981eee2, 2026-02-27 23:20:11.780092+09, jessie.png, 67, image/png, null).] [/* insert for com.sprint.mission.discodeit.entity.BinaryContent */insert into discodeit.binary_contents (content_type,created_at,file_name,size,id) values (?,?,?,?,?)]; SQL [/* insert for com.sprint.mission.discodeit.entity.BinaryContent */insert into discodeit.binary_contents (content_type,created_at,file_name,size,id) values (?,?,?,?,?)]; constraint [bytes" of relation "binary_contents]
26-02-27 23:20:11.796 [main] DEBUG org.hibernate.SQL                    - 
    /* <criteria> */ select
        u1_0.id 
    from
        discodeit.users u1_0 
    where
        u1_0.username=? 
    fetch
        first ? rows only
26-02-27 23:20:11.797 [main] TRACE org.hibernate.orm.jdbc.bind          - binding parameter (1:VARCHAR) <- [rex]
26-02-27 23:20:11.797 [main] TRACE org.hibernate.orm.jdbc.bind          - binding parameter (2:INTEGER) <- [1]
26-02-27 23:20:11.804 [main] DEBUG org.hibernate.SQL                    - 
    /* <criteria> */ select
        u1_0.id 
    from
        discodeit.users u1_0 
    where
        u1_0.email=? 
    fetch
        first ? rows only
26-02-27 23:20:11.805 [main] TRACE org.hibernate.orm.jdbc.bind          - binding parameter (1:VARCHAR) <- [rex@codeit.com]
26-02-27 23:20:11.805 [main] TRACE org.hibernate.orm.jdbc.bind          - binding parameter (2:INTEGER) <- [1]
26-02-27 23:20:11.805 [main] DEBUG org.hibernate.SQL                    - 
    /* <criteria> */ select
        u1_0.id 
    from
        discodeit.users u1_0 
    where
        u1_0.username=? 
    fetch
        first ? rows only
26-02-27 23:20:11.805 [main] TRACE org.hibernate.orm.jdbc.bind          - binding parameter (1:VARCHAR) <- [rex]
26-02-27 23:20:11.805 [main] TRACE org.hibernate.orm.jdbc.bind          - binding parameter (2:INTEGER) <- [1]
26-02-27 23:20:11.820 [main] INFO  c.s.m.d.s.basic.BasicUserService     - »ç¿ëÀÚ »ý¼º ¿Ï·á, id=2fccca11-6671-426f-9b2f-4d19c7d9756a, username=rex
26-02-27 23:20:11.820 [main] DEBUG org.hibernate.SQL                    - 
    /* insert for
        com.sprint.mission.discodeit.entity.BinaryContent */insert 
    into
        discodeit.binary_contents (content_type, created_at, file_name, size, id) 
    values
        (?, ?, ?, ?, ?)
26-02-27 23:20:11.823 [main] TRACE org.hibernate.orm.jdbc.bind          - binding parameter (1:VARCHAR) <- [image/png]
26-02-27 23:20:11.823 [main] TRACE org.hibernate.orm.jdbc.bind          - binding parameter (2:TIMESTAMP_UTC) <- [2026-02-27T14:20:11.810194500Z]
26-02-27 23:20:11.823 [main] TRACE org.hibernate.orm.jdbc.bind          - binding parameter (3:VARCHAR) <- [rex.png]
26-02-27 23:20:11.823 [main] TRACE org.hibernate.orm.jdbc.bind          - binding parameter (4:BIGINT) <- [67]
26-02-27 23:20:11.823 [main] TRACE org.hibernate.orm.jdbc.bind          - binding parameter (5:UUID) <- [df61b14e-d790-4a3c-9fbd-c0e0654ea156]
26-02-27 23:20:11.825 [main] WARN  o.h.e.jdbc.spi.SqlExceptionHelper    - SQL Error: 0, SQLState: 23502
26-02-27 23:20:11.825 [main] ERROR o.h.e.jdbc.spi.SqlExceptionHelper    - ERROR: null value in column "bytes" of relation "binary_contents" violates not-null constraint
  Detail: Failing row contains (df61b14e-d790-4a3c-9fbd-c0e0654ea156, 2026-02-27 23:20:11.810195+09, rex.png, 67, image/png, null).
26-02-27 23:20:11.826 [main] WARN  c.s.m.d.config.DataInitializer       - Could not create seed user rex: could not execute statement [ERROR: null value in column "bytes" of relation "binary_contents" violates not-null constraint
  Detail: Failing row contains (df61b14e-d790-4a3c-9fbd-c0e0654ea156, 2026-02-27 23:20:11.810195+09, rex.png, 67, image/png, null).] [/* insert for com.sprint.mission.discodeit.entity.BinaryContent */insert into discodeit.binary_contents (content_type,created_at,file_name,size,id) values (?,?,?,?,?)]; SQL [/* insert for com.sprint.mission.discodeit.entity.BinaryContent */insert into discodeit.binary_contents (content_type,created_at,file_name,size,id) values (?,?,?,?,?)]; constraint [bytes" of relation "binary_contents]
26-02-27 23:20:11.829 [main] DEBUG org.hibernate.SQL                    - 
    /* <criteria> */ select
        u1_0.id 
    from
        discodeit.users u1_0 
    where
        u1_0.username=? 
    fetch
        first ? rows only
26-02-27 23:20:11.829 [main] TRACE org.hibernate.orm.jdbc.bind          - binding parameter (1:VARCHAR) <- [woody]
26-02-27 23:20:11.829 [main] TRACE org.hibernate.orm.jdbc.bind          - binding parameter (2:INTEGER) <- [1]
26-02-27 23:20:11.834 [main] DEBUG org.hibernate.SQL                    - 
    /* <criteria> */ select
        u1_0.id 
    from
        discodeit.users u1_0 
    where
        u1_0.email=? 
    fetch
        first ? rows only
26-02-27 23:20:11.835 [main] TRACE org.hibernate.orm.jdbc.bind          - binding parameter (1:VARCHAR) <- [woody@codeit.com]
26-02-27 23:20:11.835 [main] TRACE org.hibernate.orm.jdbc.bind          - binding parameter (2:INTEGER) <- [1]
26-02-27 23:20:11.840 [main] DEBUG org.hibernate.SQL                    - 
    /* <criteria> */ select
        u1_0.id 
    from
        discodeit.users u1_0 
    where
        u1_0.username=? 
    fetch
        first ? rows only
26-02-27 23:20:11.840 [main] TRACE org.hibernate.orm.jdbc.bind          - binding parameter (1:VARCHAR) <- [woody]
26-02-27 23:20:11.841 [main] TRACE org.hibernate.orm.jdbc.bind          - binding parameter (2:INTEGER) <- [1]
26-02-27 23:20:11.848 [main] INFO  c.s.m.d.s.basic.BasicUserService     - »ç¿ëÀÚ »ý¼º ¿Ï·á, id=95d27b71-c703-4f12-9857-3ae9ee7050e3, username=woody
26-02-27 23:20:11.851 [main] DEBUG org.hibernate.SQL                    - 
    /* insert for
        com.sprint.mission.discodeit.entity.BinaryContent */insert 
    into
        discodeit.binary_contents (content_type, created_at, file_name, size, id) 
    values
        (?, ?, ?, ?, ?)
26-02-27 23:20:11.852 [main] TRACE org.hibernate.orm.jdbc.bind          - binding parameter (1:VARCHAR) <- [image/png]
26-02-27 23:20:11.852 [main] TRACE org.hibernate.orm.jdbc.bind          - binding parameter (2:TIMESTAMP_UTC) <- [2026-02-27T14:20:11.842465200Z]
26-02-27 23:20:11.853 [main] TRACE org.hibernate.orm.jdbc.bind          - binding parameter (3:VARCHAR) <- [woody.png]
26-02-27 23:20:11.853 [main] TRACE org.hibernate.orm.jdbc.bind          - binding parameter (4:BIGINT) <- [67]
26-02-27 23:20:11.853 [main] TRACE org.hibernate.orm.jdbc.bind          - binding parameter (5:UUID) <- [fd91d381-ebeb-46e1-bd38-d31984582dc2]
26-02-27 23:20:11.855 [main] WARN  o.h.e.jdbc.spi.SqlExceptionHelper    - SQL Error: 0, SQLState: 23502
26-02-27 23:20:11.856 [main] ERROR o.h.e.jdbc.spi.SqlExceptionHelper    - ERROR: null value in column "bytes" of relation "binary_contents" violates not-null constraint
  Detail: Failing row contains (fd91d381-ebeb-46e1-bd38-d31984582dc2, 2026-02-27 23:20:11.842465+09, woody.png, 67, image/png, null).
26-02-27 23:20:11.857 [main] WARN  c.s.m.d.config.DataInitializer       - Could not create seed user woody: could not execute statement [ERROR: null value in column "bytes" of relation "binary_contents" violates not-null constraint
  Detail: Failing row contains (fd91d381-ebeb-46e1-bd38-d31984582dc2, 2026-02-27 23:20:11.842465+09, woody.png, 67, image/png, null).] [/* insert for com.sprint.mission.discodeit.entity.BinaryContent */insert into discodeit.binary_contents (content_type,created_at,file_name,size,id) values (?,?,?,?,?)]; SQL [/* insert for com.sprint.mission.discodeit.entity.BinaryContent */insert into discodeit.binary_contents (content_type,created_at,file_name,size,id) values (?,?,?,?,?)]; constraint [bytes" of relation "binary_contents]
26-02-27 23:20:11.871 [main] DEBUG org.hibernate.SQL                    - 
    /* <criteria> */ select
        u1_0.id,
        u1_0.created_at,
        u1_0.email,
        u1_0.password,
        u1_0.profile_id,
        u1_0.updated_at,
        u1_0.username 
    from
        discodeit.users u1_0 
    where
        u1_0.username=?
26-02-27 23:20:11.872 [main] TRACE org.hibernate.orm.jdbc.bind          - binding parameter (1:VARCHAR) <- [buzz]
26-02-27 23:20:11.908 [main] DEBUG org.hibernate.SQL                    - 
    /* <criteria> */ select
        u1_0.id,
        u1_0.created_at,
        u1_0.email,
        u1_0.password,
        u1_0.profile_id,
        u1_0.updated_at,
        u1_0.username 
    from
        discodeit.users u1_0 
    where
        u1_0.username=?
26-02-27 23:20:11.908 [main] TRACE org.hibernate.orm.jdbc.bind          - binding parameter (1:VARCHAR) <- [jessie]
26-02-27 23:20:11.911 [main] DEBUG org.hibernate.SQL                    - 
    /* <criteria> */ select
        u1_0.id,
        u1_0.created_at,
        u1_0.email,
        u1_0.password,
        u1_0.profile_id,
        u1_0.updated_at,
        u1_0.username 
    from
        discodeit.users u1_0 
    where
        u1_0.username=?
26-02-27 23:20:11.912 [main] TRACE org.hibernate.orm.jdbc.bind          - binding parameter (1:VARCHAR) <- [rex]
26-02-27 23:20:11.915 [main] DEBUG org.hibernate.SQL                    - 
    /* <criteria> */ select
        u1_0.id,
        u1_0.created_at,
        u1_0.email,
        u1_0.password,
        u1_0.profile_id,
        u1_0.updated_at,
        u1_0.username 
    from
        discodeit.users u1_0 
    where
        u1_0.username=?
26-02-27 23:20:11.916 [main] TRACE org.hibernate.orm.jdbc.bind          - binding parameter (1:VARCHAR) <- [woody]
26-02-27 23:20:11.962 [main] DEBUG org.hibernate.SQL                    - 
    /* select
        count(*) 
    from
        Channel x */ select
            count(*) 
        from
            discodeit.channels c1_0
26-02-27 23:20:12.559 [main] WARN  o.s.b.a.o.j.JpaBaseConfiguration$JpaWebConfiguration - spring.jpa.open-in-view is enabled by default. Therefore, database queries may be performed during view rendering. Explicitly configure spring.jpa.open-in-view to disable this warning
26-02-27 23:20:12.621 [main] INFO  o.s.b.a.w.s.WelcomePageHandlerMapping - Adding welcome page: class path resource [static/index.html]
26-02-27 23:20:14.596 [main] INFO  o.s.b.a.e.web.EndpointLinksResolver  - Exposing 14 endpoints beneath base path '/actuator'
26-02-27 23:20:14.711 [main] INFO  o.a.coyote.http11.Http11NioProtocol  - Starting ProtocolHandler ["http-nio-8080"]
26-02-27 23:20:14.760 [main] INFO  o.s.b.w.e.tomcat.TomcatWebServer     - Tomcat started on port 8080 (http) with context path '/'
26-02-27 23:20:14.788 [main] INFO  c.s.m.discodeit.DiscodeitApplication - Started DiscodeitApplication in 26.985 seconds (process running for 27.808)
26-02-27 23:21:03.608 [background-preinit] INFO  o.h.validator.internal.util.Version  - HV000001: Hibernate Validator 8.0.2.Final
26-02-27 23:21:03.714 [main] INFO  c.s.m.discodeit.DiscodeitApplication - Starting DiscodeitApplication using Java 17.0.16 with PID 33656 (C:\myWs\Mission\8-sprint-mission\build\classes\java\main started by samsung in C:\myWs\Mission\8-sprint-mission)
26-02-27 23:21:03.715 [main] DEBUG c.s.m.discodeit.DiscodeitApplication - Running with Spring Boot v3.4.3, Spring v6.2.3
26-02-27 23:21:03.716 [main] INFO  c.s.m.discodeit.DiscodeitApplication - The following 1 profile is active: "dev"
26-02-27 23:21:06.418 [main] INFO  o.s.d.r.c.RepositoryConfigurationDelegate - Bootstrapping Spring Data JPA repositories in DEFAULT mode.
26-02-27 23:21:06.723 [main] INFO  o.s.d.r.c.RepositoryConfigurationDelegate - Finished Spring Data repository scanning in 291 ms. Found 6 JPA repository interfaces.
26-02-27 23:21:07.954 [main] INFO  o.s.b.w.e.tomcat.TomcatWebServer     - Tomcat initialized with port 8080 (http)
26-02-27 23:21:07.975 [main] INFO  o.a.coyote.http11.Http11NioProtocol  - Initializing ProtocolHandler ["http-nio-8080"]
26-02-27 23:21:07.979 [main] INFO  o.a.catalina.core.StandardService    - Starting service [Tomcat]
26-02-27 23:21:07.980 [main] INFO  o.a.catalina.core.StandardEngine     - Starting Servlet engine: [Apache Tomcat/10.1.36]
26-02-27 23:21:08.141 [main] INFO  o.a.c.c.C.[Tomcat].[localhost].[/]   - Initializing Spring embedded WebApplicationContext
26-02-27 23:21:08.143 [main] INFO  o.s.b.w.s.c.ServletWebServerApplicationContext - Root WebApplicationContext: initialization completed in 4334 ms
26-02-27 23:21:08.541 [main] INFO  com.zaxxer.hikari.HikariDataSource   - HikariPool-1 - Starting...
26-02-27 23:21:08.986 [main] INFO  com.zaxxer.hikari.pool.HikariPool    - HikariPool-1 - Added connection org.postgresql.jdbc.PgConnection@92fd091
26-02-27 23:21:08.988 [main] INFO  com.zaxxer.hikari.HikariDataSource   - HikariPool-1 - Start completed.
26-02-27 23:21:09.182 [main] INFO  o.h.jpa.internal.util.LogHelper      - HHH000204: Processing PersistenceUnitInfo [name: default]
26-02-27 23:21:09.293 [main] INFO  org.hibernate.Version                - HHH000412: Hibernate ORM core version 6.6.8.Final
26-02-27 23:21:09.357 [main] INFO  o.h.c.i.RegionFactoryInitiator       - HHH000026: Second-level cache disabled
26-02-27 23:21:09.905 [main] INFO  o.s.o.j.p.SpringPersistenceUnitInfo  - No LoadTimeWeaver setup: ignoring JPA class transformer
26-02-27 23:21:10.010 [main] WARN  org.hibernate.orm.deprecation        - HHH90000025: PostgreSQLDialect does not need to be specified explicitly using 'hibernate.dialect' (remove the property setting and it will be selected by default)
26-02-27 23:21:10.043 [main] INFO  o.hibernate.orm.connections.pooling  - HHH10001005: Database info:
	Database JDBC URL [Connecting through datasource 'HikariDataSource (HikariPool-1)']
	Database driver: undefined/unknown
	Database version: 17.7
	Autocommit mode: undefined/unknown
	Isolation level: undefined/unknown
	Minimum pool size: undefined/unknown
	Maximum pool size: undefined/unknown
26-02-27 23:21:12.131 [main] INFO  o.h.e.t.j.p.i.JtaPlatformInitiator   - HHH000489: No JTA platform available (set 'hibernate.transaction.jta.platform' to enable JTA platform integration)
26-02-27 23:21:12.765 [main] INFO  o.s.o.j.LocalContainerEntityManagerFactoryBean - Initialized JPA EntityManagerFactory for persistence unit 'default'
26-02-27 23:21:13.147 [main] INFO  o.s.d.j.r.query.QueryEnhancerFactory - Hibernate is in classpath; If applicable, HQL parser will be used.
26-02-27 23:21:13.981 [main] DEBUG org.hibernate.SQL                    - 
    /* <criteria> */ select
        u1_0.id 
    from
        discodeit.users u1_0 
    where
        u1_0.username=? 
    fetch
        first ? rows only
26-02-27 23:21:13.983 [main] TRACE org.hibernate.orm.jdbc.bind          - binding parameter (1:VARCHAR) <- [buzz]
26-02-27 23:21:13.983 [main] TRACE org.hibernate.orm.jdbc.bind          - binding parameter (2:INTEGER) <- [1]
26-02-27 23:21:14.051 [main] DEBUG c.s.m.d.s.basic.BasicUserService     - ì‚¬ìš©ìž ìƒì„± ì‹œë„, username=buzz, email=buzz@codeit.com
26-02-27 23:21:14.053 [main] DEBUG org.hibernate.SQL                    - 
    /* <criteria> */ select
        u1_0.id 
    from
        discodeit.users u1_0 
    where
        u1_0.email=? 
    fetch
        first ? rows only
26-02-27 23:21:14.054 [main] TRACE org.hibernate.orm.jdbc.bind          - binding parameter (1:VARCHAR) <- [buzz@codeit.com]
26-02-27 23:21:14.054 [main] TRACE org.hibernate.orm.jdbc.bind          - binding parameter (2:INTEGER) <- [1]
26-02-27 23:21:14.058 [main] DEBUG org.hibernate.SQL                    - 
    /* <criteria> */ select
        u1_0.id 
    from
        discodeit.users u1_0 
    where
        u1_0.username=? 
    fetch
        first ? rows only
26-02-27 23:21:14.059 [main] TRACE org.hibernate.orm.jdbc.bind          - binding parameter (1:VARCHAR) <- [buzz]
26-02-27 23:21:14.059 [main] TRACE org.hibernate.orm.jdbc.bind          - binding parameter (2:INTEGER) <- [1]
26-02-27 23:21:14.136 [main] INFO  c.s.m.d.s.basic.BasicUserService     - ì‚¬ìš©ìž ìƒì„± ì™„ë£Œ, id=64881457-2327-4db3-bc2f-89f443d9be9c, username=buzz
26-02-27 23:21:14.159 [main] DEBUG org.hibernate.SQL                    - 
    /* insert for
        com.sprint.mission.discodeit.entity.BinaryContent */insert 
    into
        discodeit.binary_contents (content_type, created_at, file_name, size, id) 
    values
        (?, ?, ?, ?, ?)
26-02-27 23:21:14.163 [main] TRACE org.hibernate.orm.jdbc.bind          - binding parameter (1:VARCHAR) <- [image/png]
26-02-27 23:21:14.163 [main] TRACE org.hibernate.orm.jdbc.bind          - binding parameter (2:TIMESTAMP_UTC) <- [2026-02-27T14:21:14.096761300Z]
26-02-27 23:21:14.163 [main] TRACE org.hibernate.orm.jdbc.bind          - binding parameter (3:VARCHAR) <- [buzz.png]
26-02-27 23:21:14.163 [main] TRACE org.hibernate.orm.jdbc.bind          - binding parameter (4:BIGINT) <- [67]
26-02-27 23:21:14.163 [main] TRACE org.hibernate.orm.jdbc.bind          - binding parameter (5:UUID) <- [e12259af-01db-4de7-970e-6412f582abb2]
26-02-27 23:21:14.170 [main] WARN  o.h.e.jdbc.spi.SqlExceptionHelper    - SQL Error: 0, SQLState: 23502
26-02-27 23:21:14.170 [main] ERROR o.h.e.jdbc.spi.SqlExceptionHelper    - ERROR: null value in column "bytes" of relation "binary_contents" violates not-null constraint
  Detail: Failing row contains (e12259af-01db-4de7-970e-6412f582abb2, 2026-02-27 23:21:14.096761+09, buzz.png, 67, image/png, null).
26-02-27 23:21:14.181 [main] WARN  c.s.m.d.config.DataInitializer       - Could not create seed user buzz: could not execute statement [ERROR: null value in column "bytes" of relation "binary_contents" violates not-null constraint
  Detail: Failing row contains (e12259af-01db-4de7-970e-6412f582abb2, 2026-02-27 23:21:14.096761+09, buzz.png, 67, image/png, null).] [/* insert for com.sprint.mission.discodeit.entity.BinaryContent */insert into discodeit.binary_contents (content_type,created_at,file_name,size,id) values (?,?,?,?,?)]; SQL [/* insert for com.sprint.mission.discodeit.entity.BinaryContent */insert into discodeit.binary_contents (content_type,created_at,file_name,size,id) values (?,?,?,?,?)]; constraint [bytes" of relation "binary_contents]
26-02-27 23:21:14.182 [main] DEBUG org.hibernate.SQL                    - 
    /* <criteria> */ select
        u1_0.id 
    from
        discodeit.users u1_0 
    where
        u1_0.username=? 
    fetch
        first ? rows only
26-02-27 23:21:14.182 [main] TRACE org.hibernate.orm.jdbc.bind          - binding parameter (1:VARCHAR) <- [jessie]
26-02-27 23:21:14.182 [main] TRACE org.hibernate.orm.jdbc.bind          - binding parameter (2:INTEGER) <- [1]
26-02-27 23:21:14.183 [main] DEBUG c.s.m.d.s.basic.BasicUserService     - ì‚¬ìš©ìž ìƒì„± ì‹œë„, username=jessie, email=jessie@codeit.com
26-02-27 23:21:14.185 [main] DEBUG org.hibernate.SQL                    - 
    /* <criteria> */ select
        u1_0.id 
    from
        discodeit.users u1_0 
    where
        u1_0.email=? 
    fetch
        first ? rows only
26-02-27 23:21:14.186 [main] TRACE org.hibernate.orm.jdbc.bind          - binding parameter (1:VARCHAR) <- [jessie@codeit.com]
26-02-27 23:21:14.186 [main] TRACE org.hibernate.orm.jdbc.bind          - binding parameter (2:INTEGER) <- [1]
26-02-27 23:21:14.188 [main] DEBUG org.hibernate.SQL                    - 
    /* <criteria> */ select
        u1_0.id 
    from
        discodeit.users u1_0 
    where
        u1_0.username=? 
    fetch
        first ? rows only
26-02-27 23:21:14.188 [main] TRACE org.hibernate.orm.jdbc.bind          - binding parameter (1:VARCHAR) <- [jessie]
26-02-27 23:21:14.188 [main] TRACE org.hibernate.orm.jdbc.bind          - binding parameter (2:INTEGER) <- [1]
26-02-27 23:21:14.195 [main] INFO  c.s.m.d.s.basic.BasicUserService     - ì‚¬ìš©ìž ìƒì„± ì™„ë£Œ, id=82a71cf2-41f1-4b93-8516-12ab296bff67, username=jessie
26-02-27 23:21:14.196 [main] DEBUG org.hibernate.SQL                    - 
    /* insert for
        com.sprint.mission.discodeit.entity.BinaryContent */insert 
    into
        discodeit.binary_contents (content_type, created_at, file_name, size, id) 
    values
        (?, ?, ?, ?, ?)
26-02-27 23:21:14.196 [main] TRACE org.hibernate.orm.jdbc.bind          - binding parameter (1:VARCHAR) <- [image/png]
26-02-27 23:21:14.197 [main] TRACE org.hibernate.orm.jdbc.bind          - binding parameter (2:TIMESTAMP_UTC) <- [2026-02-27T14:21:14.190456400Z]
26-02-27 23:21:14.197 [main] TRACE org.hibernate.orm.jdbc.bind          - binding parameter (3:VARCHAR) <- [jessie.png]
26-02-27 23:21:14.197 [main] TRACE org.hibernate.orm.jdbc.bind          - binding parameter (4:BIGINT) <- [67]
26-02-27 23:21:14.197 [main] TRACE org.hibernate.orm.jdbc.bind          - binding parameter (5:UUID) <- [9a158a3f-cbc3-4c37-bb1d-c8010a63b96c]
26-02-27 23:21:14.198 [main] WARN  o.h.e.jdbc.spi.SqlExceptionHelper    - SQL Error: 0, SQLState: 23502
26-02-27 23:21:14.198 [main] ERROR o.h.e.jdbc.spi.SqlExceptionHelper    - ERROR: null value in column "bytes" of relation "binary_contents" violates not-null constraint
  Detail: Failing row contains (9a158a3f-cbc3-4c37-bb1d-c8010a63b96c, 2026-02-27 23:21:14.190456+09, jessie.png, 67, image/png, null).
26-02-27 23:21:14.199 [main] WARN  c.s.m.d.config.DataInitializer       - Could not create seed user jessie: could not execute statement [ERROR: null value in column "bytes" of relation "binary_contents" violates not-null constraint
  Detail: Failing row contains (9a158a3f-cbc3-4c37-bb1d-c8010a63b96c, 2026-02-27 23:21:14.190456+09, jessie.png, 67, image/png, null).] [/* insert for com.sprint.mission.discodeit.entity.BinaryContent */insert into discodeit.binary_contents (content_type,created_at,file_name,size,id) values (?,?,?,?,?)]; SQL [/* insert for com.sprint.mission.discodeit.entity.BinaryContent */insert into discodeit.binary_contents (content_type,created_at,file_name,size,id) values (?,?,?,?,?)]; constraint [bytes" of relation "binary_contents]
26-02-27 23:21:14.199 [main] DEBUG org.hibernate.SQL                    - 
    /* <criteria> */ select
        u1_0.id 
    from
        discodeit.users u1_0 
    where
        u1_0.username=? 
    fetch
        first ? rows only
26-02-27 23:21:14.200 [main] TRACE org.hibernate.orm.jdbc.bind          - binding parameter (1:VARCHAR) <- [rex]
26-02-27 23:21:14.200 [main] TRACE org.hibernate.orm.jdbc.bind          - binding parameter (2:INTEGER) <- [1]
26-02-27 23:21:14.201 [main] DEBUG c.s.m.d.s.basic.BasicUserService     - ì‚¬ìš©ìž ìƒì„± ì‹œë„, username=rex, email=rex@codeit.com
26-02-27 23:21:14.203 [main] DEBUG org.hibernate.SQL                    - 
    /* <criteria> */ select
        u1_0.id 
    from
        discodeit.users u1_0 
    where
        u1_0.email=? 
    fetch
        first ? rows only
26-02-27 23:21:14.203 [main] TRACE org.hibernate.orm.jdbc.bind          - binding parameter (1:VARCHAR) <- [rex@codeit.com]
26-02-27 23:21:14.203 [main] TRACE org.hibernate.orm.jdbc.bind          - binding parameter (2:INTEGER) <- [1]
26-02-27 23:21:14.205 [main] DEBUG org.hibernate.SQL                    - 
    /* <criteria> */ select
        u1_0.id 
    from
        discodeit.users u1_0 
    where
        u1_0.username=? 
    fetch
        first ? rows only
26-02-27 23:21:14.205 [main] TRACE org.hibernate.orm.jdbc.bind          - binding parameter (1:VARCHAR) <- [rex]
26-02-27 23:21:14.205 [main] TRACE org.hibernate.orm.jdbc.bind          - binding parameter (2:INTEGER) <- [1]
26-02-27 23:21:14.212 [main] INFO  c.s.m.d.s.basic.BasicUserService     - ì‚¬ìš©ìž ìƒì„± ì™„ë£Œ, id=7ce6a8c3-8a32-47ff-a2c3-c0c47438eda4, username=rex
26-02-27 23:21:14.213 [main] DEBUG org.hibernate.SQL                    - 
    /* insert for
        com.sprint.mission.discodeit.entity.BinaryContent */insert 
    into
        discodeit.binary_contents (content_type, created_at, file_name, size, id) 
    values
        (?, ?, ?, ?, ?)
26-02-27 23:21:14.213 [main] TRACE org.hibernate.orm.jdbc.bind          - binding parameter (1:VARCHAR) <- [image/png]
26-02-27 23:21:14.213 [main] TRACE org.hibernate.orm.jdbc.bind          - binding parameter (2:TIMESTAMP_UTC) <- [2026-02-27T14:21:14.206745100Z]
26-02-27 23:21:14.213 [main] TRACE org.hibernate.orm.jdbc.bind          - binding parameter (3:VARCHAR) <- [rex.png]
26-02-27 23:21:14.213 [main] TRACE org.hibernate.orm.jdbc.bind          - binding parameter (4:BIGINT) <- [67]
26-02-27 23:21:14.213 [main] TRACE org.hibernate.orm.jdbc.bind          - binding parameter (5:UUID) <- [adc3b864-b55f-4392-b1ee-7985579623c6]
26-02-27 23:21:14.215 [main] WARN  o.h.e.jdbc.spi.SqlExceptionHelper    - SQL Error: 0, SQLState: 23502
26-02-27 23:21:14.215 [main] ERROR o.h.e.jdbc.spi.SqlExceptionHelper    - ERROR: null value in column "bytes" of relation "binary_contents" violates not-null constraint
  Detail: Failing row contains (adc3b864-b55f-4392-b1ee-7985579623c6, 2026-02-27 23:21:14.206745+09, rex.png, 67, image/png, null).
26-02-27 23:21:14.216 [main] WARN  c.s.m.d.config.DataInitializer       - Could not create seed user rex: could not execute statement [ERROR: null value in column "bytes" of relation "binary_contents" violates not-null constraint
  Detail: Failing row contains (adc3b864-b55f-4392-b1ee-7985579623c6, 2026-02-27 23:21:14.206745+09, rex.png, 67, image/png, null).] [/* insert for com.sprint.mission.discodeit.entity.BinaryContent */insert into discodeit.binary_contents (content_type,created_at,file_name,size,id) values (?,?,?,?,?)]; SQL [/* insert for com.sprint.mission.discodeit.entity.BinaryContent */insert into discodeit.binary_contents (content_type,created_at,file_name,size,id) values (?,?,?,?,?)]; constraint [bytes" of relation "binary_contents]
26-02-27 23:21:14.217 [main] DEBUG org.hibernate.SQL                    - 
    /* <criteria> */ select
        u1_0.id 
    from
        discodeit.users u1_0 
    where
        u1_0.username=? 
    fetch
        first ? rows only
26-02-27 23:21:14.217 [main] TRACE org.hibernate.orm.jdbc.bind          - binding parameter (1:VARCHAR) <- [woody]
26-02-27 23:21:14.217 [main] TRACE org.hibernate.orm.jdbc.bind          - binding parameter (2:INTEGER) <- [1]
26-02-27 23:21:14.218 [main] DEBUG c.s.m.d.s.basic.BasicUserService     - ì‚¬ìš©ìž ìƒì„± ì‹œë„, username=woody, email=woody@codeit.com
26-02-27 23:21:14.220 [main] DEBUG org.hibernate.SQL                    - 
    /* <criteria> */ select
        u1_0.id 
    from
        discodeit.users u1_0 
    where
        u1_0.email=? 
    fetch
        first ? rows only
26-02-27 23:21:14.220 [main] TRACE org.hibernate.orm.jdbc.bind          - binding parameter (1:VARCHAR) <- [woody@codeit.com]
26-02-27 23:21:14.220 [main] TRACE org.hibernate.orm.jdbc.bind          - binding parameter (2:INTEGER) <- [1]
26-02-27 23:21:14.222 [main] DEBUG org.hibernate.SQL                    - 
    /* <criteria> */ select
        u1_0.id 
    from
        discodeit.users u1_0 
    where
        u1_0.username=? 
    fetch
        first ? rows only
26-02-27 23:21:14.222 [main] TRACE org.hibernate.orm.jdbc.bind          - binding parameter (1:VARCHAR) <- [woody]
26-02-27 23:21:14.222 [main] TRACE org.hibernate.orm.jdbc.bind          - binding parameter (2:INTEGER) <- [1]
26-02-27 23:21:14.229 [main] INFO  c.s.m.d.s.basic.BasicUserService     - ì‚¬ìš©ìž ìƒì„± ì™„ë£Œ, id=6124667f-4d28-415c-8950-715507cb069a, username=woody
26-02-27 23:21:14.230 [main] DEBUG org.hibernate.SQL                    - 
    /* insert for
        com.sprint.mission.discodeit.entity.BinaryContent */insert 
    into
        discodeit.binary_contents (content_type, created_at, file_name, size, id) 
    values
        (?, ?, ?, ?, ?)
26-02-27 23:21:14.230 [main] TRACE org.hibernate.orm.jdbc.bind          - binding parameter (1:VARCHAR) <- [image/png]
26-02-27 23:21:14.230 [main] TRACE org.hibernate.orm.jdbc.bind          - binding parameter (2:TIMESTAMP_UTC) <- [2026-02-27T14:21:14.223826500Z]
26-02-27 23:21:14.231 [main] TRACE org.hibernate.orm.jdbc.bind          - binding parameter (3:VARCHAR) <- [woody.png]
26-02-27 23:21:14.231 [main] TRACE org.hibernate.orm.jdbc.bind          - binding parameter (4:BIGINT) <- [67]
26-02-27 23:21:14.231 [main] TRACE org.hibernate.orm.jdbc.bind          - binding parameter (5:UUID) <- [467ce2a3-9c6d-4e0d-a8e7-6b48c6c58411]
26-02-27 23:21:14.232 [main] WARN  o.h.e.jdbc.spi.SqlExceptionHelper    - SQL Error: 0, SQLState: 23502
26-02-27 23:21:14.232 [main] ERROR o.h.e.jdbc.spi.SqlExceptionHelper    - ERROR: null value in column "bytes" of relation "binary_contents" violates not-null constraint
  Detail: Failing row contains (467ce2a3-9c6d-4e0d-a8e7-6b48c6c58411, 2026-02-27 23:21:14.223827+09, woody.png, 67, image/png, null).
26-02-27 23:21:14.233 [main] WARN  c.s.m.d.config.DataInitializer       - Could not create seed user woody: could not execute statement [ERROR: null value in column "bytes" of relation "binary_contents" violates not-null constraint
  Detail: Failing row contains (467ce2a3-9c6d-4e0d-a8e7-6b48c6c58411, 2026-02-27 23:21:14.223827+09, woody.png, 67, image/png, null).] [/* insert for com.sprint.mission.discodeit.entity.BinaryContent */insert into discodeit.binary_contents (content_type,created_at,file_name,size,id) values (?,?,?,?,?)]; SQL [/* insert for com.sprint.mission.discodeit.entity.BinaryContent */insert into discodeit.binary_contents (content_type,created_at,file_name,size,id) values (?,?,?,?,?)]; constraint [bytes" of relation "binary_contents]
26-02-27 23:21:14.237 [main] DEBUG org.hibernate.SQL                    - 
    /* <criteria> */ select
        u1_0.id,
        u1_0.created_at,
        u1_0.email,
        u1_0.password,
        u1_0.profile_id,
        u1_0.updated_at,
        u1_0.username 
    from
        discodeit.users u1_0 
    where
        u1_0.username=?
26-02-27 23:21:14.239 [main] TRACE org.hibernate.orm.jdbc.bind          - binding parameter (1:VARCHAR) <- [buzz]
26-02-27 23:21:14.255 [main] DEBUG org.hibernate.SQL                    - 
    /* <criteria> */ select
        u1_0.id,
        u1_0.created_at,
        u1_0.email,
        u1_0.password,
        u1_0.profile_id,
        u1_0.updated_at,
        u1_0.username 
    from
        discodeit.users u1_0 
    where
        u1_0.username=?
26-02-27 23:21:14.256 [main] TRACE org.hibernate.orm.jdbc.bind          - binding parameter (1:VARCHAR) <- [jessie]
26-02-27 23:21:14.259 [main] DEBUG org.hibernate.SQL                    - 
    /* <criteria> */ select
        u1_0.id,
        u1_0.created_at,
        u1_0.email,
        u1_0.password,
        u1_0.profile_id,
        u1_0.updated_at,
        u1_0.username 
    from
        discodeit.users u1_0 
    where
        u1_0.username=?
26-02-27 23:21:14.260 [main] TRACE org.hibernate.orm.jdbc.bind          - binding parameter (1:VARCHAR) <- [rex]
26-02-27 23:21:14.263 [main] DEBUG org.hibernate.SQL                    - 
    /* <criteria> */ select
        u1_0.id,
        u1_0.created_at,
        u1_0.email,
        u1_0.password,
        u1_0.profile_id,
        u1_0.updated_at,
        u1_0.username 
    from
        discodeit.users u1_0 
    where
        u1_0.username=?
26-02-27 23:21:14.263 [main] TRACE org.hibernate.orm.jdbc.bind          - binding parameter (1:VARCHAR) <- [woody]
26-02-27 23:21:14.299 [main] DEBUG org.hibernate.SQL                    - 
    /* select
        count(*) 
    from
        Channel x */ select
            count(*) 
        from
            discodeit.channels c1_0
26-02-27 23:21:14.718 [main] WARN  o.s.b.a.o.j.JpaBaseConfiguration$JpaWebConfiguration - spring.jpa.open-in-view is enabled by default. Therefore, database queries may be performed during view rendering. Explicitly configure spring.jpa.open-in-view to disable this warning
26-02-27 23:21:14.763 [main] INFO  o.s.b.a.w.s.WelcomePageHandlerMapping - Adding welcome page: class path resource [static/index.html]
26-02-27 23:21:16.007 [main] INFO  o.s.b.a.e.web.EndpointLinksResolver  - Exposing 14 endpoints beneath base path '/actuator'
26-02-27 23:21:16.090 [main] INFO  o.a.coyote.http11.Http11NioProtocol  - Starting ProtocolHandler ["http-nio-8080"]
26-02-27 23:21:16.096 [main] WARN  o.s.b.w.s.c.AnnotationConfigServletWebServerApplicationContext - Exception encountered during context initialization - cancelling refresh attempt: org.springframework.context.ApplicationContextException: Failed to start bean 'webServerStartStop'
26-02-27 23:21:16.100 [main] INFO  o.s.o.j.LocalContainerEntityManagerFactoryBean - Closing JPA EntityManagerFactory for persistence unit 'default'
26-02-27 23:21:16.102 [main] INFO  com.zaxxer.hikari.HikariDataSource   - HikariPool-1 - Shutdown initiated...
26-02-27 23:21:16.107 [main] INFO  com.zaxxer.hikari.HikariDataSource   - HikariPool-1 - Shutdown completed.
26-02-27 23:21:16.134 [main] INFO  o.s.b.a.l.ConditionEvaluationReportLogger - 

Error starting ApplicationContext. To display the condition evaluation report re-run your application with 'debug' enabled.
26-02-27 23:21:16.159 [main] ERROR o.s.b.d.LoggingFailureAnalysisReporter - 

***************************
APPLICATION FAILED TO START
***************************

Description:

Web server failed to start. Port 8080 was already in use.

Action:

Identify and stop the process that's listening on port 8080 or configure this application to listen on another port.

26-02-27 23:21:50.522 [background-preinit] INFO  o.h.validator.internal.util.Version  - HV000001: Hibernate Validator 8.0.2.Final
26-02-27 23:21:50.615 [main] INFO  c.s.m.discodeit.DiscodeitApplication - Starting DiscodeitApplication using Java 17.0.16 with PID 14832 (C:\myWs\Mission\8-sprint-mission\build\classes\java\main started by samsung in C:\myWs\Mission\8-sprint-mission)
26-02-27 23:21:50.615 [main] DEBUG c.s.m.discodeit.DiscodeitApplication - Running with Spring Boot v3.4.3, Spring v6.2.3
26-02-27 23:21:50.615 [main] INFO  c.s.m.discodeit.DiscodeitApplication - The following 1 profile is active: "dev"
26-02-27 23:21:52.917 [main] INFO  o.s.d.r.c.RepositoryConfigurationDelegate - Bootstrapping Spring Data JPA repositories in DEFAULT mode.
26-02-27 23:21:53.176 [main] INFO  o.s.d.r.c.RepositoryConfigurationDelegate - Finished Spring Data repository scanning in 248 ms. Found 6 JPA repository interfaces.
26-02-27 23:21:54.550 [main] INFO  o.s.b.w.e.tomcat.TomcatWebServer     - Tomcat initialized with port 8080 (http)
26-02-27 23:21:54.576 [main] INFO  o.a.coyote.http11.Http11NioProtocol  - Initializing ProtocolHandler ["http-nio-8080"]
26-02-27 23:21:54.580 [main] INFO  o.a.catalina.core.StandardService    - Starting service [Tomcat]
26-02-27 23:21:54.580 [main] INFO  o.a.catalina.core.StandardEngine     - Starting Servlet engine: [Apache Tomcat/10.1.36]
26-02-27 23:21:54.735 [main] INFO  o.a.c.c.C.[Tomcat].[localhost].[/]   - Initializing Spring embedded WebApplicationContext
26-02-27 23:21:54.736 [main] INFO  o.s.b.w.s.c.ServletWebServerApplicationContext - Root WebApplicationContext: initialization completed in 4053 ms
26-02-27 23:21:55.136 [main] INFO  com.zaxxer.hikari.HikariDataSource   - HikariPool-1 - Starting...
26-02-27 23:21:55.532 [main] INFO  com.zaxxer.hikari.pool.HikariPool    - HikariPool-1 - Added connection org.postgresql.jdbc.PgConnection@46d148bd
26-02-27 23:21:55.534 [main] INFO  com.zaxxer.hikari.HikariDataSource   - HikariPool-1 - Start completed.
26-02-27 23:21:55.923 [main] INFO  o.h.jpa.internal.util.LogHelper      - HHH000204: Processing PersistenceUnitInfo [name: default]
26-02-27 23:21:56.264 [main] INFO  org.hibernate.Version                - HHH000412: Hibernate ORM core version 6.6.8.Final
26-02-27 23:21:56.369 [main] INFO  o.h.c.i.RegionFactoryInitiator       - HHH000026: Second-level cache disabled
26-02-27 23:21:57.522 [main] INFO  o.s.o.j.p.SpringPersistenceUnitInfo  - No LoadTimeWeaver setup: ignoring JPA class transformer
26-02-27 23:21:57.665 [main] WARN  org.hibernate.orm.deprecation        - HHH90000025: PostgreSQLDialect does not need to be specified explicitly using 'hibernate.dialect' (remove the property setting and it will be selected by default)
26-02-27 23:21:57.694 [main] INFO  o.hibernate.orm.connections.pooling  - HHH10001005: Database info:
	Database JDBC URL [Connecting through datasource 'HikariDataSource (HikariPool-1)']
	Database driver: undefined/unknown
	Database version: 17.7
	Autocommit mode: undefined/unknown
	Isolation level: undefined/unknown
	Minimum pool size: undefined/unknown
	Maximum pool size: undefined/unknown
26-02-27 23:21:59.785 [main] INFO  o.h.e.t.j.p.i.JtaPlatformInitiator   - HHH000489: No JTA platform available (set 'hibernate.transaction.jta.platform' to enable JTA platform integration)
26-02-27 23:22:00.479 [main] INFO  o.s.o.j.LocalContainerEntityManagerFactoryBean - Initialized JPA EntityManagerFactory for persistence unit 'default'
26-02-27 23:22:00.927 [main] INFO  o.s.d.j.r.query.QueryEnhancerFactory - Hibernate is in classpath; If applicable, HQL parser will be used.
26-02-27 23:22:01.979 [main] DEBUG org.hibernate.SQL                    - 
    /* <criteria> */ select
        u1_0.id 
    from
        discodeit.users u1_0 
    where
        u1_0.username=? 
    fetch
        first ? rows only
26-02-27 23:22:01.982 [main] TRACE org.hibernate.orm.jdbc.bind          - binding parameter (1:VARCHAR) <- [buzz]
26-02-27 23:22:01.982 [main] TRACE org.hibernate.orm.jdbc.bind          - binding parameter (2:INTEGER) <- [1]
26-02-27 23:22:02.066 [main] DEBUG c.s.m.d.s.basic.BasicUserService     - ì‚¬ìš©ìž ìƒì„± ì‹œë„, username=buzz, email=buzz@codeit.com
26-02-27 23:22:02.069 [main] DEBUG org.hibernate.SQL                    - 
    /* <criteria> */ select
        u1_0.id 
    from
        discodeit.users u1_0 
    where
        u1_0.email=? 
    fetch
        first ? rows only
26-02-27 23:22:02.069 [main] TRACE org.hibernate.orm.jdbc.bind          - binding parameter (1:VARCHAR) <- [buzz@codeit.com]
26-02-27 23:22:02.069 [main] TRACE org.hibernate.orm.jdbc.bind          - binding parameter (2:INTEGER) <- [1]
26-02-27 23:22:02.075 [main] DEBUG org.hibernate.SQL                    - 
    /* <criteria> */ select
        u1_0.id 
    from
        discodeit.users u1_0 
    where
        u1_0.username=? 
    fetch
        first ? rows only
26-02-27 23:22:02.075 [main] TRACE org.hibernate.orm.jdbc.bind          - binding parameter (1:VARCHAR) <- [buzz]
26-02-27 23:22:02.076 [main] TRACE org.hibernate.orm.jdbc.bind          - binding parameter (2:INTEGER) <- [1]
26-02-27 23:22:02.166 [main] INFO  c.s.m.d.s.basic.BasicUserService     - ì‚¬ìš©ìž ìƒì„± ì™„ë£Œ, id=22195c65-51b5-4905-9d68-880d3d2c1328, username=buzz
26-02-27 23:22:02.193 [main] DEBUG org.hibernate.SQL                    - 
    /* insert for
        com.sprint.mission.discodeit.entity.BinaryContent */insert 
    into
        discodeit.binary_contents (content_type, created_at, file_name, size, id) 
    values
        (?, ?, ?, ?, ?)
26-02-27 23:22:02.196 [main] TRACE org.hibernate.orm.jdbc.bind          - binding parameter (1:VARCHAR) <- [image/png]
26-02-27 23:22:02.196 [main] TRACE org.hibernate.orm.jdbc.bind          - binding parameter (2:TIMESTAMP_UTC) <- [2026-02-27T14:22:02.119384600Z]
26-02-27 23:22:02.196 [main] TRACE org.hibernate.orm.jdbc.bind          - binding parameter (3:VARCHAR) <- [buzz.png]
26-02-27 23:22:02.196 [main] TRACE org.hibernate.orm.jdbc.bind          - binding parameter (4:BIGINT) <- [67]
26-02-27 23:22:02.197 [main] TRACE org.hibernate.orm.jdbc.bind          - binding parameter (5:UUID) <- [3c5b090d-1ee9-4c54-aeed-97f210de58eb]
26-02-27 23:22:02.204 [main] WARN  o.h.e.jdbc.spi.SqlExceptionHelper    - SQL Error: 0, SQLState: 23502
26-02-27 23:22:02.206 [main] ERROR o.h.e.jdbc.spi.SqlExceptionHelper    - ERROR: null value in column "bytes" of relation "binary_contents" violates not-null constraint
  Detail: Failing row contains (3c5b090d-1ee9-4c54-aeed-97f210de58eb, 2026-02-27 23:22:02.119385+09, buzz.png, 67, image/png, null).
26-02-27 23:22:02.216 [main] WARN  c.s.m.d.config.DataInitializer       - Could not create seed user buzz: could not execute statement [ERROR: null value in column "bytes" of relation "binary_contents" violates not-null constraint
  Detail: Failing row contains (3c5b090d-1ee9-4c54-aeed-97f210de58eb, 2026-02-27 23:22:02.119385+09, buzz.png, 67, image/png, null).] [/* insert for com.sprint.mission.discodeit.entity.BinaryContent */insert into discodeit.binary_contents (content_type,created_at,file_name,size,id) values (?,?,?,?,?)]; SQL [/* insert for com.sprint.mission.discodeit.entity.BinaryContent */insert into discodeit.binary_contents (content_type,created_at,file_name,size,id) values (?,?,?,?,?)]; constraint [bytes" of relation "binary_contents]
26-02-27 23:22:02.217 [main] DEBUG org.hibernate.SQL                    - 
    /* <criteria> */ select
        u1_0.id 
    from
        discodeit.users u1_0 
    where
        u1_0.username=? 
    fetch
        first ? rows only
26-02-27 23:22:02.217 [main] TRACE org.hibernate.orm.jdbc.bind          - binding parameter (1:VARCHAR) <- [jessie]
26-02-27 23:22:02.217 [main] TRACE org.hibernate.orm.jdbc.bind          - binding parameter (2:INTEGER) <- [1]
26-02-27 23:22:02.220 [main] DEBUG c.s.m.d.s.basic.BasicUserService     - ì‚¬ìš©ìž ìƒì„± ì‹œë„, username=jessie, email=jessie@codeit.com
26-02-27 23:22:02.222 [main] DEBUG org.hibernate.SQL                    - 
    /* <criteria> */ select
        u1_0.id 
    from
        discodeit.users u1_0 
    where
        u1_0.email=? 
    fetch
        first ? rows only
26-02-27 23:22:02.222 [main] TRACE org.hibernate.orm.jdbc.bind          - binding parameter (1:VARCHAR) <- [jessie@codeit.com]
26-02-27 23:22:02.222 [main] TRACE org.hibernate.orm.jdbc.bind          - binding parameter (2:INTEGER) <- [1]
26-02-27 23:22:02.227 [main] DEBUG org.hibernate.SQL                    - 
    /* <criteria> */ select
        u1_0.id 
    from
        discodeit.users u1_0 
    where
        u1_0.username=? 
    fetch
        first ? rows only
26-02-27 23:22:02.227 [main] TRACE org.hibernate.orm.jdbc.bind          - binding parameter (1:VARCHAR) <- [jessie]
26-02-27 23:22:02.227 [main] TRACE org.hibernate.orm.jdbc.bind          - binding parameter (2:INTEGER) <- [1]
26-02-27 23:22:02.232 [main] INFO  c.s.m.d.s.basic.BasicUserService     - ì‚¬ìš©ìž ìƒì„± ì™„ë£Œ, id=4838bfba-5f05-4478-9477-411f0c7e751e, username=jessie
26-02-27 23:22:02.233 [main] DEBUG org.hibernate.SQL                    - 
    /* insert for
        com.sprint.mission.discodeit.entity.BinaryContent */insert 
    into
        discodeit.binary_contents (content_type, created_at, file_name, size, id) 
    values
        (?, ?, ?, ?, ?)
26-02-27 23:22:02.233 [main] TRACE org.hibernate.orm.jdbc.bind          - binding parameter (1:VARCHAR) <- [image/png]
26-02-27 23:22:02.233 [main] TRACE org.hibernate.orm.jdbc.bind          - binding parameter (2:TIMESTAMP_UTC) <- [2026-02-27T14:22:02.229245100Z]
26-02-27 23:22:02.233 [main] TRACE org.hibernate.orm.jdbc.bind          - binding parameter (3:VARCHAR) <- [jessie.png]
26-02-27 23:22:02.234 [main] TRACE org.hibernate.orm.jdbc.bind          - binding parameter (4:BIGINT) <- [67]
26-02-27 23:22:02.234 [main] TRACE org.hibernate.orm.jdbc.bind          - binding parameter (5:UUID) <- [76f20566-8a12-44de-b331-adf053565917]
26-02-27 23:22:02.235 [main] WARN  o.h.e.jdbc.spi.SqlExceptionHelper    - SQL Error: 0, SQLState: 23502
26-02-27 23:22:02.235 [main] ERROR o.h.e.jdbc.spi.SqlExceptionHelper    - ERROR: null value in column "bytes" of relation "binary_contents" violates not-null constraint
  Detail: Failing row contains (76f20566-8a12-44de-b331-adf053565917, 2026-02-27 23:22:02.229245+09, jessie.png, 67, image/png, null).
26-02-27 23:22:02.236 [main] WARN  c.s.m.d.config.DataInitializer       - Could not create seed user jessie: could not execute statement [ERROR: null value in column "bytes" of relation "binary_contents" violates not-null constraint
  Detail: Failing row contains (76f20566-8a12-44de-b331-adf053565917, 2026-02-27 23:22:02.229245+09, jessie.png, 67, image/png, null).] [/* insert for com.sprint.mission.discodeit.entity.BinaryContent */insert into discodeit.binary_contents (content_type,created_at,file_name,size,id) values (?,?,?,?,?)]; SQL [/* insert for com.sprint.mission.discodeit.entity.BinaryContent */insert into discodeit.binary_contents (content_type,created_at,file_name,size,id) values (?,?,?,?,?)]; constraint [bytes" of relation "binary_contents]
26-02-27 23:22:02.239 [main] DEBUG org.hibernate.SQL                    - 
    /* <criteria> */ select
        u1_0.id 
    from
        discodeit.users u1_0 
    where
        u1_0.username=? 
    fetch
        first ? rows only
26-02-27 23:22:02.240 [main] TRACE org.hibernate.orm.jdbc.bind          - binding parameter (1:VARCHAR) <- [rex]
26-02-27 23:22:02.240 [main] TRACE org.hibernate.orm.jdbc.bind          - binding parameter (2:INTEGER) <- [1]
26-02-27 23:22:02.243 [main] DEBUG c.s.m.d.s.basic.BasicUserService     - ì‚¬ìš©ìž ìƒì„± ì‹œë„, username=rex, email=rex@codeit.com
26-02-27 23:22:02.244 [main] DEBUG org.hibernate.SQL                    - 
    /* <criteria> */ select
        u1_0.id 
    from
        discodeit.users u1_0 
    where
        u1_0.email=? 
    fetch
        first ? rows only
26-02-27 23:22:02.244 [main] TRACE org.hibernate.orm.jdbc.bind          - binding parameter (1:VARCHAR) <- [rex@codeit.com]
26-02-27 23:22:02.245 [main] TRACE org.hibernate.orm.jdbc.bind          - binding parameter (2:INTEGER) <- [1]
26-02-27 23:22:02.248 [main] DEBUG org.hibernate.SQL                    - 
    /* <criteria> */ select
        u1_0.id 
    from
        discodeit.users u1_0 
    where
        u1_0.username=? 
    fetch
        first ? rows only
26-02-27 23:22:02.248 [main] TRACE org.hibernate.orm.jdbc.bind          - binding parameter (1:VARCHAR) <- [rex]
26-02-27 23:22:02.248 [main] TRACE org.hibernate.orm.jdbc.bind          - binding parameter (2:INTEGER) <- [1]
26-02-27 23:22:02.255 [main] INFO  c.s.m.d.s.basic.BasicUserService     - ì‚¬ìš©ìž ìƒì„± ì™„ë£Œ, id=bf10a605-52a6-4149-827e-45261ba8a8e1, username=rex
26-02-27 23:22:02.256 [main] DEBUG org.hibernate.SQL                    - 
    /* insert for
        com.sprint.mission.discodeit.entity.BinaryContent */insert 
    into
        discodeit.binary_contents (content_type, created_at, file_name, size, id) 
    values
        (?, ?, ?, ?, ?)
26-02-27 23:22:02.257 [main] TRACE org.hibernate.orm.jdbc.bind          - binding parameter (1:VARCHAR) <- [image/png]
26-02-27 23:22:02.257 [main] TRACE org.hibernate.orm.jdbc.bind          - binding parameter (2:TIMESTAMP_UTC) <- [2026-02-27T14:22:02.249458900Z]
26-02-27 23:22:02.257 [main] TRACE org.hibernate.orm.jdbc.bind          - binding parameter (3:VARCHAR) <- [rex.png]
26-02-27 23:22:02.257 [main] TRACE org.hibernate.orm.jdbc.bind          - binding parameter (4:BIGINT) <- [67]
26-02-27 23:22:02.257 [main] TRACE org.hibernate.orm.jdbc.bind          - binding parameter (5:UUID) <- [5c762af7-7517-4646-a983-7845aa23ce7b]
26-02-27 23:22:02.258 [main] WARN  o.h.e.jdbc.spi.SqlExceptionHelper    - SQL Error: 0, SQLState: 23502
26-02-27 23:22:02.258 [main] ERROR o.h.e.jdbc.spi.SqlExceptionHelper    - ERROR: null value in column "bytes" of relation "binary_contents" violates not-null constraint
  Detail: Failing row contains (5c762af7-7517-4646-a983-7845aa23ce7b, 2026-02-27 23:22:02.249459+09, rex.png, 67, image/png, null).
26-02-27 23:22:02.259 [main] WARN  c.s.m.d.config.DataInitializer       - Could not create seed user rex: could not execute statement [ERROR: null value in column "bytes" of relation "binary_contents" violates not-null constraint
  Detail: Failing row contains (5c762af7-7517-4646-a983-7845aa23ce7b, 2026-02-27 23:22:02.249459+09, rex.png, 67, image/png, null).] [/* insert for com.sprint.mission.discodeit.entity.BinaryContent */insert into discodeit.binary_contents (content_type,created_at,file_name,size,id) values (?,?,?,?,?)]; SQL [/* insert for com.sprint.mission.discodeit.entity.BinaryContent */insert into discodeit.binary_contents (content_type,created_at,file_name,size,id) values (?,?,?,?,?)]; constraint [bytes" of relation "binary_contents]
26-02-27 23:22:02.260 [main] DEBUG org.hibernate.SQL                    - 
    /* <criteria> */ select
        u1_0.id 
    from
        discodeit.users u1_0 
    where
        u1_0.username=? 
    fetch
        first ? rows only
26-02-27 23:22:02.260 [main] TRACE org.hibernate.orm.jdbc.bind          - binding parameter (1:VARCHAR) <- [woody]
26-02-27 23:22:02.260 [main] TRACE org.hibernate.orm.jdbc.bind          - binding parameter (2:INTEGER) <- [1]
26-02-27 23:22:02.261 [main] DEBUG c.s.m.d.s.basic.BasicUserService     - ì‚¬ìš©ìž ìƒì„± ì‹œë„, username=woody, email=woody@codeit.com
26-02-27 23:22:02.263 [main] DEBUG org.hibernate.SQL                    - 
    /* <criteria> */ select
        u1_0.id 
    from
        discodeit.users u1_0 
    where
        u1_0.email=? 
    fetch
        first ? rows only
26-02-27 23:22:02.263 [main] TRACE org.hibernate.orm.jdbc.bind          - binding parameter (1:VARCHAR) <- [woody@codeit.com]
26-02-27 23:22:02.263 [main] TRACE org.hibernate.orm.jdbc.bind          - binding parameter (2:INTEGER) <- [1]
26-02-27 23:22:02.265 [main] DEBUG org.hibernate.SQL                    - 
    /* <criteria> */ select
        u1_0.id 
    from
        discodeit.users u1_0 
    where
        u1_0.username=? 
    fetch
        first ? rows only
26-02-27 23:22:02.265 [main] TRACE org.hibernate.orm.jdbc.bind          - binding parameter (1:VARCHAR) <- [woody]
26-02-27 23:22:02.265 [main] TRACE org.hibernate.orm.jdbc.bind          - binding parameter (2:INTEGER) <- [1]
26-02-27 23:22:02.273 [main] INFO  c.s.m.d.s.basic.BasicUserService     - ì‚¬ìš©ìž ìƒì„± ì™„ë£Œ, id=3d0ea280-45c3-4790-b514-74020dda3eb0, username=woody
26-02-27 23:22:02.275 [main] DEBUG org.hibernate.SQL                    - 
    /* insert for
        com.sprint.mission.discodeit.entity.BinaryContent */insert 
    into
        discodeit.binary_contents (content_type, created_at, file_name, size, id) 
    values
        (?, ?, ?, ?, ?)
26-02-27 23:22:02.275 [main] TRACE org.hibernate.orm.jdbc.bind          - binding parameter (1:VARCHAR) <- [image/png]
26-02-27 23:22:02.275 [main] TRACE org.hibernate.orm.jdbc.bind          - binding parameter (2:TIMESTAMP_UTC) <- [2026-02-27T14:22:02.265626100Z]
26-02-27 23:22:02.275 [main] TRACE org.hibernate.orm.jdbc.bind          - binding parameter (3:VARCHAR) <- [woody.png]
26-02-27 23:22:02.275 [main] TRACE org.hibernate.orm.jdbc.bind          - binding parameter (4:BIGINT) <- [67]
26-02-27 23:22:02.275 [main] TRACE org.hibernate.orm.jdbc.bind          - binding parameter (5:UUID) <- [a4b41880-6a94-46a0-9f47-b72ebd2b12cc]
26-02-27 23:22:02.276 [main] WARN  o.h.e.jdbc.spi.SqlExceptionHelper    - SQL Error: 0, SQLState: 23502
26-02-27 23:22:02.276 [main] ERROR o.h.e.jdbc.spi.SqlExceptionHelper    - ERROR: null value in column "bytes" of relation "binary_contents" violates not-null constraint
  Detail: Failing row contains (a4b41880-6a94-46a0-9f47-b72ebd2b12cc, 2026-02-27 23:22:02.265626+09, woody.png, 67, image/png, null).
26-02-27 23:22:02.277 [main] WARN  c.s.m.d.config.DataInitializer       - Could not create seed user woody: could not execute statement [ERROR: null value in column "bytes" of relation "binary_contents" violates not-null constraint
  Detail: Failing row contains (a4b41880-6a94-46a0-9f47-b72ebd2b12cc, 2026-02-27 23:22:02.265626+09, woody.png, 67, image/png, null).] [/* insert for com.sprint.mission.discodeit.entity.BinaryContent */insert into discodeit.binary_contents (content_type,created_at,file_name,size,id) values (?,?,?,?,?)]; SQL [/* insert for com.sprint.mission.discodeit.entity.BinaryContent */insert into discodeit.binary_contents (content_type,created_at,file_name,size,id) values (?,?,?,?,?)]; constraint [bytes" of relation "binary_contents]
26-02-27 23:22:02.283 [main] DEBUG org.hibernate.SQL                    - 
    /* <criteria> */ select
        u1_0.id,
        u1_0.created_at,
        u1_0.email,
        u1_0.password,
        u1_0.profile_id,
        u1_0.updated_at,
        u1_0.username 
    from
        discodeit.users u1_0 
    where
        u1_0.username=?
26-02-27 23:22:02.283 [main] TRACE org.hibernate.orm.jdbc.bind          - binding parameter (1:VARCHAR) <- [buzz]
26-02-27 23:22:02.308 [main] DEBUG org.hibernate.SQL                    - 
    /* <criteria> */ select
        u1_0.id,
        u1_0.created_at,
        u1_0.email,
        u1_0.password,
        u1_0.profile_id,
        u1_0.updated_at,
        u1_0.username 
    from
        discodeit.users u1_0 
    where
        u1_0.username=?
26-02-27 23:22:02.309 [main] TRACE org.hibernate.orm.jdbc.bind          - binding parameter (1:VARCHAR) <- [jessie]
26-02-27 23:22:02.311 [main] DEBUG org.hibernate.SQL                    - 
    /* <criteria> */ select
        u1_0.id,
        u1_0.created_at,
        u1_0.email,
        u1_0.password,
        u1_0.profile_id,
        u1_0.updated_at,
        u1_0.username 
    from
        discodeit.users u1_0 
    where
        u1_0.username=?
26-02-27 23:22:02.312 [main] TRACE org.hibernate.orm.jdbc.bind          - binding parameter (1:VARCHAR) <- [rex]
26-02-27 23:22:02.313 [main] DEBUG org.hibernate.SQL                    - 
    /* <criteria> */ select
        u1_0.id,
        u1_0.created_at,
        u1_0.email,
        u1_0.password,
        u1_0.profile_id,
        u1_0.updated_at,
        u1_0.username 
    from
        discodeit.users u1_0 
    where
        u1_0.username=?
26-02-27 23:22:02.314 [main] TRACE org.hibernate.orm.jdbc.bind          - binding parameter (1:VARCHAR) <- [woody]
26-02-27 23:22:02.345 [main] DEBUG org.hibernate.SQL                    - 
    /* select
        count(*) 
    from
        Channel x */ select
            count(*) 
        from
            discodeit.channels c1_0
26-02-27 23:22:02.889 [main] WARN  o.s.b.a.o.j.JpaBaseConfiguration$JpaWebConfiguration - spring.jpa.open-in-view is enabled by default. Therefore, database queries may be performed during view rendering. Explicitly configure spring.jpa.open-in-view to disable this warning
26-02-27 23:22:02.949 [main] INFO  o.s.b.a.w.s.WelcomePageHandlerMapping - Adding welcome page: class path resource [static/index.html]
26-02-27 23:22:04.400 [main] INFO  o.s.b.a.e.web.EndpointLinksResolver  - Exposing 14 endpoints beneath base path '/actuator'
26-02-27 23:22:04.508 [main] INFO  o.a.coyote.http11.Http11NioProtocol  - Starting ProtocolHandler ["http-nio-8080"]
26-02-27 23:22:04.521 [main] WARN  o.s.b.w.s.c.AnnotationConfigServletWebServerApplicationContext - Exception encountered during context initialization - cancelling refresh attempt: org.springframework.context.ApplicationContextException: Failed to start bean 'webServerStartStop'
26-02-27 23:22:04.526 [main] INFO  o.s.o.j.LocalContainerEntityManagerFactoryBean - Closing JPA EntityManagerFactory for persistence unit 'default'
26-02-27 23:22:04.528 [main] INFO  com.zaxxer.hikari.HikariDataSource   - HikariPool-1 - Shutdown initiated...
26-02-27 23:22:04.529 [main] INFO  com.zaxxer.hikari.HikariDataSource   - HikariPool-1 - Shutdown completed.
26-02-27 23:22:04.569 [main] INFO  o.s.b.a.l.ConditionEvaluationReportLogger - 

Error starting ApplicationContext. To display the condition evaluation report re-run your application with 'debug' enabled.
26-02-27 23:22:04.610 [main] ERROR o.s.b.d.LoggingFailureAnalysisReporter - 

***************************
APPLICATION FAILED TO START
***************************

Description:

Web server failed to start. Port 8080 was already in use.

Action:

Identify and stop the process that's listening on port 8080 or configure this application to listen on another port.

26-02-27 23:24:10.808 [http-nio-8080-exec-1] INFO  o.a.c.c.C.[Tomcat].[localhost].[/]   - Initializing Spring DispatcherServlet 'dispatcherServlet'
26-02-27 23:24:10.810 [http-nio-8080-exec-1] INFO  o.s.web.servlet.DispatcherServlet    - Initializing Servlet 'dispatcherServlet'
26-02-27 23:24:10.815 [http-nio-8080-exec-1] INFO  o.s.web.servlet.DispatcherServlet    - Completed initialization in 5 ms
26-02-27 23:47:53.312 [background-preinit] INFO  o.h.validator.internal.util.Version  - HV000001: Hibernate Validator 8.0.2.Final
26-02-27 23:47:53.494 [main] INFO  c.s.m.discodeit.DiscodeitApplication - Starting DiscodeitApplication using Java 17.0.16 with PID 18752 (C:\myWs\Mission\8-sprint-mission\build\classes\java\main started by samsung in C:\myWs\Mission\8-sprint-mission)
26-02-27 23:47:53.496 [main] INFO  c.s.m.discodeit.DiscodeitApplication - No active profile set, falling back to 1 default profile: "default"
26-02-27 23:47:58.342 [main] INFO  o.s.d.r.c.RepositoryConfigurationDelegate - Bootstrapping Spring Data JPA repositories in DEFAULT mode.
26-02-27 23:47:58.935 [main] INFO  o.s.d.r.c.RepositoryConfigurationDelegate - Finished Spring Data repository scanning in 569 ms. Found 6 JPA repository interfaces.
26-02-27 23:48:02.280 [main] INFO  o.s.b.w.e.tomcat.TomcatWebServer     - Tomcat initialized with port 8080 (http)
26-02-27 23:48:02.307 [main] INFO  o.a.coyote.http11.Http11NioProtocol  - Initializing ProtocolHandler ["http-nio-8080"]
26-02-27 23:48:02.313 [main] INFO  o.a.catalina.core.StandardService    - Starting service [Tomcat]
26-02-27 23:48:02.314 [main] INFO  o.a.catalina.core.StandardEngine     - Starting Servlet engine: [Apache Tomcat/10.1.36]
26-02-27 23:48:02.571 [main] INFO  o.a.c.c.C.[Tomcat].[localhost].[/]   - Initializing Spring embedded WebApplicationContext
26-02-27 23:48:02.573 [main] INFO  o.s.b.w.s.c.ServletWebServerApplicationContext - Root WebApplicationContext: initialization completed in 8936 ms
26-02-27 23:48:03.167 [main] INFO  com.zaxxer.hikari.HikariDataSource   - HikariPool-1 - Starting...
26-02-27 23:48:03.976 [main] INFO  com.zaxxer.hikari.pool.HikariPool    - HikariPool-1 - Added connection org.postgresql.jdbc.PgConnection@28f90752
26-02-27 23:48:03.980 [main] INFO  com.zaxxer.hikari.HikariDataSource   - HikariPool-1 - Start completed.
26-02-27 23:48:04.234 [main] INFO  o.h.jpa.internal.util.LogHelper      - HHH000204: Processing PersistenceUnitInfo [name: default]
26-02-27 23:48:04.416 [main] INFO  org.hibernate.Version                - HHH000412: Hibernate ORM core version 6.6.8.Final
26-02-27 23:48:04.546 [main] INFO  o.h.c.i.RegionFactoryInitiator       - HHH000026: Second-level cache disabled
26-02-27 23:48:06.269 [main] INFO  o.s.o.j.p.SpringPersistenceUnitInfo  - No LoadTimeWeaver setup: ignoring JPA class transformer
26-02-27 23:48:06.510 [main] WARN  org.hibernate.orm.deprecation        - HHH90000025: PostgreSQLDialect does not need to be specified explicitly using 'hibernate.dialect' (remove the property setting and it will be selected by default)
26-02-27 23:48:06.567 [main] INFO  o.hibernate.orm.connections.pooling  - HHH10001005: Database info:
	Database JDBC URL [Connecting through datasource 'HikariDataSource (HikariPool-1)']
	Database driver: undefined/unknown
	Database version: 17.7
	Autocommit mode: undefined/unknown
	Isolation level: undefined/unknown
	Minimum pool size: undefined/unknown
	Maximum pool size: undefined/unknown
26-02-27 23:48:10.196 [main] INFO  o.h.e.t.j.p.i.JtaPlatformInitiator   - HHH000489: No JTA platform available (set 'hibernate.transaction.jta.platform' to enable JTA platform integration)
26-02-27 23:48:11.425 [main] INFO  o.s.o.j.LocalContainerEntityManagerFactoryBean - Initialized JPA EntityManagerFactory for persistence unit 'default'
26-02-27 23:48:12.184 [main] INFO  o.s.d.j.r.query.QueryEnhancerFactory - Hibernate is in classpath; If applicable, HQL parser will be used.
26-02-27 23:48:13.618 [main] DEBUG org.hibernate.SQL                    - 
    /* <criteria> */ select
        u1_0.id 
    from
        discodeit.users u1_0 
    where
        u1_0.username=? 
    fetch
        first ? rows only
26-02-27 23:48:13.622 [main] TRACE org.hibernate.orm.jdbc.bind          - binding parameter (1:VARCHAR) <- [buzz]
26-02-27 23:48:13.623 [main] TRACE org.hibernate.orm.jdbc.bind          - binding parameter (2:INTEGER) <- [1]
26-02-27 23:48:13.748 [main] DEBUG org.hibernate.SQL                    - 
    /* <criteria> */ select
        u1_0.id 
    from
        discodeit.users u1_0 
    where
        u1_0.email=? 
    fetch
        first ? rows only
26-02-27 23:48:13.749 [main] TRACE org.hibernate.orm.jdbc.bind          - binding parameter (1:VARCHAR) <- [buzz@codeit.com]
26-02-27 23:48:13.749 [main] TRACE org.hibernate.orm.jdbc.bind          - binding parameter (2:INTEGER) <- [1]
26-02-27 23:48:13.755 [main] DEBUG org.hibernate.SQL                    - 
    /* <criteria> */ select
        u1_0.id 
    from
        discodeit.users u1_0 
    where
        u1_0.username=? 
    fetch
        first ? rows only
26-02-27 23:48:13.756 [main] TRACE org.hibernate.orm.jdbc.bind          - binding parameter (1:VARCHAR) <- [buzz]
26-02-27 23:48:13.758 [main] TRACE org.hibernate.orm.jdbc.bind          - binding parameter (2:INTEGER) <- [1]
26-02-27 23:48:13.924 [main] INFO  c.s.m.d.s.basic.BasicUserService     - »ç¿ëÀÚ »ý¼º ¿Ï·á, id=109cc8d3-0794-4a69-a048-3542b1b5ceea, username=buzz
26-02-27 23:48:13.972 [main] DEBUG org.hibernate.SQL                    - 
    /* insert for
        com.sprint.mission.discodeit.entity.BinaryContent */insert 
    into
        discodeit.binary_contents (content_type, created_at, file_name, size, id) 
    values
        (?, ?, ?, ?, ?)
26-02-27 23:48:13.979 [main] TRACE org.hibernate.orm.jdbc.bind          - binding parameter (1:VARCHAR) <- [image/png]
26-02-27 23:48:13.979 [main] TRACE org.hibernate.orm.jdbc.bind          - binding parameter (2:TIMESTAMP_UTC) <- [2026-02-27T14:48:13.836281200Z]
26-02-27 23:48:13.980 [main] TRACE org.hibernate.orm.jdbc.bind          - binding parameter (3:VARCHAR) <- [buzz.png]
26-02-27 23:48:13.980 [main] TRACE org.hibernate.orm.jdbc.bind          - binding parameter (4:BIGINT) <- [357]
26-02-27 23:48:13.980 [main] TRACE org.hibernate.orm.jdbc.bind          - binding parameter (5:UUID) <- [81caf2fa-a137-43c7-928b-2a715de8babd]
26-02-27 23:48:13.999 [main] DEBUG org.hibernate.SQL                    - 
    /* insert for
        com.sprint.mission.discodeit.entity.User */insert 
    into
        discodeit.users (created_at, email, password, profile_id, updated_at, username, id) 
    values
        (?, ?, ?, ?, ?, ?, ?)
26-02-27 23:48:13.999 [main] TRACE org.hibernate.orm.jdbc.bind          - binding parameter (1:TIMESTAMP_UTC) <- [2026-02-27T14:48:13.912016700Z]
26-02-27 23:48:13.999 [main] TRACE org.hibernate.orm.jdbc.bind          - binding parameter (2:VARCHAR) <- [buzz@codeit.com]
26-02-27 23:48:14.000 [main] TRACE org.hibernate.orm.jdbc.bind          - binding parameter (3:VARCHAR) <- [password]
26-02-27 23:48:14.000 [main] TRACE org.hibernate.orm.jdbc.bind          - binding parameter (4:UUID) <- [81caf2fa-a137-43c7-928b-2a715de8babd]
26-02-27 23:48:14.000 [main] TRACE org.hibernate.orm.jdbc.bind          - binding parameter (5:TIMESTAMP_UTC) <- [2026-02-27T14:48:13.912016700Z]
26-02-27 23:48:14.000 [main] TRACE org.hibernate.orm.jdbc.bind          - binding parameter (6:VARCHAR) <- [buzz]
26-02-27 23:48:14.000 [main] TRACE org.hibernate.orm.jdbc.bind          - binding parameter (7:UUID) <- [109cc8d3-0794-4a69-a048-3542b1b5ceea]
26-02-27 23:48:14.014 [main] DEBUG org.hibernate.SQL                    - 
    /* insert for
        com.sprint.mission.discodeit.entity.UserStatus */insert 
    into
        discodeit.user_statuses (created_at, last_active_at, updated_at, user_id, id) 
    values
        (?, ?, ?, ?, ?)
26-02-27 23:48:14.014 [main] TRACE org.hibernate.orm.jdbc.bind          - binding parameter (1:TIMESTAMP_UTC) <- [2026-02-27T14:48:13.918730500Z]
26-02-27 23:48:14.014 [main] TRACE org.hibernate.orm.jdbc.bind          - binding parameter (2:TIMESTAMP_UTC) <- [2026-02-27T14:48:13.906997700Z]
26-02-27 23:48:14.015 [main] TRACE org.hibernate.orm.jdbc.bind          - binding parameter (3:TIMESTAMP_UTC) <- [2026-02-27T14:48:13.918730500Z]
26-02-27 23:48:14.015 [main] TRACE org.hibernate.orm.jdbc.bind          - binding parameter (4:UUID) <- [109cc8d3-0794-4a69-a048-3542b1b5ceea]
26-02-27 23:48:14.015 [main] TRACE org.hibernate.orm.jdbc.bind          - binding parameter (5:UUID) <- [76fa5db9-0a11-4296-8acc-de28b6ace3c8]
26-02-27 23:48:14.032 [main] INFO  c.s.m.d.config.DataInitializer       - Created seed user: buzz (profile: yes)
26-02-27 23:48:14.034 [main] DEBUG org.hibernate.SQL                    - 
    /* <criteria> */ select
        u1_0.id 
    from
        discodeit.users u1_0 
    where
        u1_0.username=? 
    fetch
        first ? rows only
26-02-27 23:48:14.034 [main] TRACE org.hibernate.orm.jdbc.bind          - binding parameter (1:VARCHAR) <- [jessie]
26-02-27 23:48:14.034 [main] TRACE org.hibernate.orm.jdbc.bind          - binding parameter (2:INTEGER) <- [1]
26-02-27 23:48:14.042 [main] DEBUG org.hibernate.SQL                    - 
    /* <criteria> */ select
        u1_0.id 
    from
        discodeit.users u1_0 
    where
        u1_0.email=? 
    fetch
        first ? rows only
26-02-27 23:48:14.042 [main] TRACE org.hibernate.orm.jdbc.bind          - binding parameter (1:VARCHAR) <- [jessie@codeit.com]
26-02-27 23:48:14.042 [main] TRACE org.hibernate.orm.jdbc.bind          - binding parameter (2:INTEGER) <- [1]
26-02-27 23:48:14.047 [main] DEBUG org.hibernate.SQL                    - 
    /* <criteria> */ select
        u1_0.id 
    from
        discodeit.users u1_0 
    where
        u1_0.username=? 
    fetch
        first ? rows only
26-02-27 23:48:14.048 [main] TRACE org.hibernate.orm.jdbc.bind          - binding parameter (1:VARCHAR) <- [jessie]
26-02-27 23:48:14.048 [main] TRACE org.hibernate.orm.jdbc.bind          - binding parameter (2:INTEGER) <- [1]
26-02-27 23:48:14.057 [main] INFO  c.s.m.d.s.basic.BasicUserService     - »ç¿ëÀÚ »ý¼º ¿Ï·á, id=38f333a8-28c6-477d-b7d7-b220165fe0c3, username=jessie
26-02-27 23:48:14.062 [main] DEBUG org.hibernate.SQL                    - 
    /* insert for
        com.sprint.mission.discodeit.entity.BinaryContent */insert 
    into
        discodeit.binary_contents (content_type, created_at, file_name, size, id) 
    values
        (?, ?, ?, ?, ?)
26-02-27 23:48:14.062 [main] TRACE org.hibernate.orm.jdbc.bind          - binding parameter (1:VARCHAR) <- [image/png]
26-02-27 23:48:14.062 [main] TRACE org.hibernate.orm.jdbc.bind          - binding parameter (2:TIMESTAMP_UTC) <- [2026-02-27T14:48:14.050754600Z]
26-02-27 23:48:14.062 [main] TRACE org.hibernate.orm.jdbc.bind          - binding parameter (3:VARCHAR) <- [jessie.png]
26-02-27 23:48:14.062 [main] TRACE org.hibernate.orm.jdbc.bind          - binding parameter (4:BIGINT) <- [356]
26-02-27 23:48:14.062 [main] TRACE org.hibernate.orm.jdbc.bind          - binding parameter (5:UUID) <- [5d51d456-b819-4442-8413-60ee6817989e]
26-02-27 23:48:14.064 [main] DEBUG org.hibernate.SQL                    - 
    /* insert for
        com.sprint.mission.discodeit.entity.User */insert 
    into
        discodeit.users (created_at, email, password, profile_id, updated_at, username, id) 
    values
        (?, ?, ?, ?, ?, ?, ?)
26-02-27 23:48:14.065 [main] TRACE org.hibernate.orm.jdbc.bind          - binding parameter (1:TIMESTAMP_UTC) <- [2026-02-27T14:48:14.056306700Z]
26-02-27 23:48:14.065 [main] TRACE org.hibernate.orm.jdbc.bind          - binding parameter (2:VARCHAR) <- [jessie@codeit.com]
26-02-27 23:48:14.065 [main] TRACE org.hibernate.orm.jdbc.bind          - binding parameter (3:VARCHAR) <- [password]
26-02-27 23:48:14.065 [main] TRACE org.hibernate.orm.jdbc.bind          - binding parameter (4:UUID) <- [5d51d456-b819-4442-8413-60ee6817989e]
26-02-27 23:48:14.065 [main] TRACE org.hibernate.orm.jdbc.bind          - binding parameter (5:TIMESTAMP_UTC) <- [2026-02-27T14:48:14.056306700Z]
26-02-27 23:48:14.065 [main] TRACE org.hibernate.orm.jdbc.bind          - binding parameter (6:VARCHAR) <- [jessie]
26-02-27 23:48:14.066 [main] TRACE org.hibernate.orm.jdbc.bind          - binding parameter (7:UUID) <- [38f333a8-28c6-477d-b7d7-b220165fe0c3]
26-02-27 23:48:14.067 [main] DEBUG org.hibernate.SQL                    - 
    /* insert for
        com.sprint.mission.discodeit.entity.UserStatus */insert 
    into
        discodeit.user_statuses (created_at, last_active_at, updated_at, user_id, id) 
    values
        (?, ?, ?, ?, ?)
26-02-27 23:48:14.068 [main] TRACE org.hibernate.orm.jdbc.bind          - binding parameter (1:TIMESTAMP_UTC) <- [2026-02-27T14:48:14.057259500Z]
26-02-27 23:48:14.068 [main] TRACE org.hibernate.orm.jdbc.bind          - binding parameter (2:TIMESTAMP_UTC) <- [2026-02-27T14:48:14.055289600Z]
26-02-27 23:48:14.068 [main] TRACE org.hibernate.orm.jdbc.bind          - binding parameter (3:TIMESTAMP_UTC) <- [2026-02-27T14:48:14.057259500Z]
26-02-27 23:48:14.068 [main] TRACE org.hibernate.orm.jdbc.bind          - binding parameter (4:UUID) <- [38f333a8-28c6-477d-b7d7-b220165fe0c3]
26-02-27 23:48:14.069 [main] TRACE org.hibernate.orm.jdbc.bind          - binding parameter (5:UUID) <- [b67eb661-ebd7-43a0-8f66-a4b8d039fcae]
26-02-27 23:48:14.072 [main] INFO  c.s.m.d.config.DataInitializer       - Created seed user: jessie (profile: yes)
26-02-27 23:48:14.076 [main] DEBUG org.hibernate.SQL                    - 
    /* <criteria> */ select
        u1_0.id 
    from
        discodeit.users u1_0 
    where
        u1_0.username=? 
    fetch
        first ? rows only
26-02-27 23:48:14.076 [main] TRACE org.hibernate.orm.jdbc.bind          - binding parameter (1:VARCHAR) <- [rex]
26-02-27 23:48:14.076 [main] TRACE org.hibernate.orm.jdbc.bind          - binding parameter (2:INTEGER) <- [1]
26-02-27 23:48:14.084 [main] DEBUG org.hibernate.SQL                    - 
    /* <criteria> */ select
        u1_0.id 
    from
        discodeit.users u1_0 
    where
        u1_0.email=? 
    fetch
        first ? rows only
26-02-27 23:48:14.084 [main] TRACE org.hibernate.orm.jdbc.bind          - binding parameter (1:VARCHAR) <- [rex@codeit.com]
26-02-27 23:48:14.084 [main] TRACE org.hibernate.orm.jdbc.bind          - binding parameter (2:INTEGER) <- [1]
26-02-27 23:48:14.089 [main] DEBUG org.hibernate.SQL                    - 
    /* <criteria> */ select
        u1_0.id 
    from
        discodeit.users u1_0 
    where
        u1_0.username=? 
    fetch
        first ? rows only
26-02-27 23:48:14.090 [main] TRACE org.hibernate.orm.jdbc.bind          - binding parameter (1:VARCHAR) <- [rex]
26-02-27 23:48:14.090 [main] TRACE org.hibernate.orm.jdbc.bind          - binding parameter (2:INTEGER) <- [1]
26-02-27 23:48:14.102 [main] INFO  c.s.m.d.s.basic.BasicUserService     - »ç¿ëÀÚ »ý¼º ¿Ï·á, id=e42bc6d8-7a74-4d6b-8e28-ea814fe080bd, username=rex
26-02-27 23:48:14.104 [main] DEBUG org.hibernate.SQL                    - 
    /* insert for
        com.sprint.mission.discodeit.entity.BinaryContent */insert 
    into
        discodeit.binary_contents (content_type, created_at, file_name, size, id) 
    values
        (?, ?, ?, ?, ?)
26-02-27 23:48:14.105 [main] TRACE org.hibernate.orm.jdbc.bind          - binding parameter (1:VARCHAR) <- [image/png]
26-02-27 23:48:14.107 [main] TRACE org.hibernate.orm.jdbc.bind          - binding parameter (2:TIMESTAMP_UTC) <- [2026-02-27T14:48:14.092070400Z]
26-02-27 23:48:14.107 [main] TRACE org.hibernate.orm.jdbc.bind          - binding parameter (3:VARCHAR) <- [rex.png]
26-02-27 23:48:14.107 [main] TRACE org.hibernate.orm.jdbc.bind          - binding parameter (4:BIGINT) <- [356]
26-02-27 23:48:14.107 [main] TRACE org.hibernate.orm.jdbc.bind          - binding parameter (5:UUID) <- [1e6e8814-05bc-421e-8ef8-8a2e23cb514d]
26-02-27 23:48:14.108 [main] DEBUG org.hibernate.SQL                    - 
    /* insert for
        com.sprint.mission.discodeit.entity.User */insert 
    into
        discodeit.users (created_at, email, password, profile_id, updated_at, username, id) 
    values
        (?, ?, ?, ?, ?, ?, ?)
26-02-27 23:48:14.112 [main] TRACE org.hibernate.orm.jdbc.bind          - binding parameter (1:TIMESTAMP_UTC) <- [2026-02-27T14:48:14.100544600Z]
26-02-27 23:48:14.112 [main] TRACE org.hibernate.orm.jdbc.bind          - binding parameter (2:VARCHAR) <- [rex@codeit.com]
26-02-27 23:48:14.113 [main] TRACE org.hibernate.orm.jdbc.bind          - binding parameter (3:VARCHAR) <- [password]
26-02-27 23:48:14.113 [main] TRACE org.hibernate.orm.jdbc.bind          - binding parameter (4:UUID) <- [1e6e8814-05bc-421e-8ef8-8a2e23cb514d]
26-02-27 23:48:14.113 [main] TRACE org.hibernate.orm.jdbc.bind          - binding parameter (5:TIMESTAMP_UTC) <- [2026-02-27T14:48:14.100544600Z]
26-02-27 23:48:14.114 [main] TRACE org.hibernate.orm.jdbc.bind          - binding parameter (6:VARCHAR) <- [rex]
26-02-27 23:48:14.114 [main] TRACE org.hibernate.orm.jdbc.bind          - binding parameter (7:UUID) <- [e42bc6d8-7a74-4d6b-8e28-ea814fe080bd]
26-02-27 23:48:14.115 [main] DEBUG org.hibernate.SQL                    - 
    /* insert for
        com.sprint.mission.discodeit.entity.UserStatus */insert 
    into
        discodeit.user_statuses (created_at, last_active_at, updated_at, user_id, id) 
    values
        (?, ?, ?, ?, ?)
26-02-27 23:48:14.116 [main] TRACE org.hibernate.orm.jdbc.bind          - binding parameter (1:TIMESTAMP_UTC) <- [2026-02-27T14:48:14.100544600Z]
26-02-27 23:48:14.116 [main] TRACE org.hibernate.orm.jdbc.bind          - binding parameter (2:TIMESTAMP_UTC) <- [2026-02-27T14:48:14.099545400Z]
26-02-27 23:48:14.117 [main] TRACE org.hibernate.orm.jdbc.bind          - binding parameter (3:TIMESTAMP_UTC) <- [2026-02-27T14:48:14.100544600Z]
26-02-27 23:48:14.117 [main] TRACE org.hibernate.orm.jdbc.bind          - binding parameter (4:UUID) <- [e42bc6d8-7a74-4d6b-8e28-ea814fe080bd]
26-02-27 23:48:14.117 [main] TRACE org.hibernate.orm.jdbc.bind          - binding parameter (5:UUID) <- [3aaf56ff-6818-4db1-b9aa-af750ea329be]
26-02-27 23:48:14.119 [main] INFO  c.s.m.d.config.DataInitializer       - Created seed user: rex (profile: yes)
26-02-27 23:48:14.121 [main] DEBUG org.hibernate.SQL                    - 
    /* <criteria> */ select
        u1_0.id 
    from
        discodeit.users u1_0 
    where
        u1_0.username=? 
    fetch
        first ? rows only
26-02-27 23:48:14.122 [main] TRACE org.hibernate.orm.jdbc.bind          - binding parameter (1:VARCHAR) <- [woody]
26-02-27 23:48:14.123 [main] TRACE org.hibernate.orm.jdbc.bind          - binding parameter (2:INTEGER) <- [1]
26-02-27 23:48:14.130 [main] DEBUG org.hibernate.SQL                    - 
    /* <criteria> */ select
        u1_0.id 
    from
        discodeit.users u1_0 
    where
        u1_0.email=? 
    fetch
        first ? rows only
26-02-27 23:48:14.130 [main] TRACE org.hibernate.orm.jdbc.bind          - binding parameter (1:VARCHAR) <- [woody@codeit.com]
26-02-27 23:48:14.130 [main] TRACE org.hibernate.orm.jdbc.bind          - binding parameter (2:INTEGER) <- [1]
26-02-27 23:48:14.134 [main] DEBUG org.hibernate.SQL                    - 
    /* <criteria> */ select
        u1_0.id 
    from
        discodeit.users u1_0 
    where
        u1_0.username=? 
    fetch
        first ? rows only
26-02-27 23:48:14.134 [main] TRACE org.hibernate.orm.jdbc.bind          - binding parameter (1:VARCHAR) <- [woody]
26-02-27 23:48:14.135 [main] TRACE org.hibernate.orm.jdbc.bind          - binding parameter (2:INTEGER) <- [1]
26-02-27 23:48:14.145 [main] INFO  c.s.m.d.s.basic.BasicUserService     - »ç¿ëÀÚ »ý¼º ¿Ï·á, id=00a68f1b-89f0-4564-a436-286212c41cc5, username=woody
26-02-27 23:48:14.147 [main] DEBUG org.hibernate.SQL                    - 
    /* insert for
        com.sprint.mission.discodeit.entity.BinaryContent */insert 
    into
        discodeit.binary_contents (content_type, created_at, file_name, size, id) 
    values
        (?, ?, ?, ?, ?)
26-02-27 23:48:14.148 [main] TRACE org.hibernate.orm.jdbc.bind          - binding parameter (1:VARCHAR) <- [image/png]
26-02-27 23:48:14.148 [main] TRACE org.hibernate.orm.jdbc.bind          - binding parameter (2:TIMESTAMP_UTC) <- [2026-02-27T14:48:14.137734900Z]
26-02-27 23:48:14.148 [main] TRACE org.hibernate.orm.jdbc.bind          - binding parameter (3:VARCHAR) <- [woody.png]
26-02-27 23:48:14.149 [main] TRACE org.hibernate.orm.jdbc.bind          - binding parameter (4:BIGINT) <- [356]
26-02-27 23:48:14.149 [main] TRACE org.hibernate.orm.jdbc.bind          - binding parameter (5:UUID) <- [3d37f716-bfe0-46fd-b7b3-4c85223e0456]
26-02-27 23:48:14.150 [main] DEBUG org.hibernate.SQL                    - 
    /* insert for
        com.sprint.mission.discodeit.entity.User */insert 
    into
        discodeit.users (created_at, email, password, profile_id, updated_at, username, id) 
    values
        (?, ?, ?, ?, ?, ?, ?)
26-02-27 23:48:14.150 [main] TRACE org.hibernate.orm.jdbc.bind          - binding parameter (1:TIMESTAMP_UTC) <- [2026-02-27T14:48:14.144323700Z]
26-02-27 23:48:14.151 [main] TRACE org.hibernate.orm.jdbc.bind          - binding parameter (2:VARCHAR) <- [woody@codeit.com]
26-02-27 23:48:14.151 [main] TRACE org.hibernate.orm.jdbc.bind          - binding parameter (3:VARCHAR) <- [password]
26-02-27 23:48:14.151 [main] TRACE org.hibernate.orm.jdbc.bind          - binding parameter (4:UUID) <- [3d37f716-bfe0-46fd-b7b3-4c85223e0456]
26-02-27 23:48:14.151 [main] TRACE org.hibernate.orm.jdbc.bind          - binding parameter (5:TIMESTAMP_UTC) <- [2026-02-27T14:48:14.144323700Z]
26-02-27 23:48:14.151 [main] TRACE org.hibernate.orm.jdbc.bind          - binding parameter (6:VARCHAR) <- [woody]
26-02-27 23:48:14.151 [main] TRACE org.hibernate.orm.jdbc.bind          - binding parameter (7:UUID) <- [00a68f1b-89f0-4564-a436-286212c41cc5]
26-02-27 23:48:14.154 [main] DEBUG org.hibernate.SQL                    - 
    /* insert for
        com.sprint.mission.discodeit.entity.UserStatus */insert 
    into
        discodeit.user_statuses (created_at, last_active_at, updated_at, user_id, id) 
    values
        (?, ?, ?, ?, ?)
26-02-27 23:48:14.155 [main] TRACE org.hibernate.orm.jdbc.bind          - binding parameter (1:TIMESTAMP_UTC) <- [2026-02-27T14:48:14.145307400Z]
26-02-27 23:48:14.156 [main] TRACE org.hibernate.orm.jdbc.bind          - binding parameter (2:TIMESTAMP_UTC) <- [2026-02-27T14:48:14.144323700Z]
26-02-27 23:48:14.156 [main] TRACE org.hibernate.orm.jdbc.bind          - binding parameter (3:TIMESTAMP_UTC) <- [2026-02-27T14:48:14.145307400Z]
26-02-27 23:48:14.156 [main] TRACE org.hibernate.orm.jdbc.bind          - binding parameter (4:UUID) <- [00a68f1b-89f0-4564-a436-286212c41cc5]
26-02-27 23:48:14.156 [main] TRACE org.hibernate.orm.jdbc.bind          - binding parameter (5:UUID) <- [71f0b978-4890-4798-8eab-71d11a81a710]
26-02-27 23:48:14.156 [main] INFO  c.s.m.d.config.DataInitializer       - Created seed user: woody (profile: yes)
26-02-27 23:48:14.168 [main] DEBUG org.hibernate.SQL                    - 
    /* <criteria> */ select
        u1_0.id,
        u1_0.created_at,
        u1_0.email,
        u1_0.password,
        u1_0.profile_id,
        u1_0.updated_at,
        u1_0.username 
    from
        discodeit.users u1_0 
    where
        u1_0.username=?
26-02-27 23:48:14.169 [main] TRACE org.hibernate.orm.jdbc.bind          - binding parameter (1:VARCHAR) <- [buzz]
26-02-27 23:48:14.218 [main] DEBUG org.hibernate.SQL                    - 
    select
        us1_0.id,
        us1_0.created_at,
        us1_0.last_active_at,
        us1_0.updated_at,
        us1_0.user_id 
    from
        discodeit.user_statuses us1_0 
    where
        us1_0.user_id=?
26-02-27 23:48:14.219 [main] TRACE org.hibernate.orm.jdbc.bind          - binding parameter (1:UUID) <- [109cc8d3-0794-4a69-a048-3542b1b5ceea]
26-02-27 23:48:14.241 [main] DEBUG org.hibernate.SQL                    - 
    select
        u1_0.id,
        u1_0.created_at,
        u1_0.email,
        u1_0.password,
        u1_0.profile_id,
        s1_0.id,
        s1_0.created_at,
        s1_0.last_active_at,
        s1_0.updated_at,
        s1_0.user_id,
        u1_0.updated_at,
        u1_0.username 
    from
        discodeit.users u1_0 
    left join
        discodeit.user_statuses s1_0 
            on u1_0.id=s1_0.user_id 
    where
        u1_0.id=?
26-02-27 23:48:14.242 [main] TRACE org.hibernate.orm.jdbc.bind          - binding parameter (1:UUID) <- [109cc8d3-0794-4a69-a048-3542b1b5ceea]
26-02-27 23:48:14.248 [main] WARN  o.s.b.w.s.c.AnnotationConfigServletWebServerApplicationContext - Exception encountered during context initialization - cancelling refresh attempt: org.springframework.beans.factory.BeanCreationException: Error creating bean with name 'dataInitializer': Invocation of init method failed
26-02-27 23:48:14.249 [main] INFO  o.s.o.j.LocalContainerEntityManagerFactoryBean - Closing JPA EntityManagerFactory for persistence unit 'default'
26-02-27 23:48:14.253 [main] INFO  com.zaxxer.hikari.HikariDataSource   - HikariPool-1 - Shutdown initiated...
26-02-27 23:48:14.267 [main] INFO  com.zaxxer.hikari.HikariDataSource   - HikariPool-1 - Shutdown completed.
26-02-27 23:48:14.272 [main] INFO  o.a.catalina.core.StandardService    - Stopping service [Tomcat]
26-02-27 23:48:14.311 [main] INFO  o.s.b.a.l.ConditionEvaluationReportLogger - 

Error starting ApplicationContext. To display the condition evaluation report re-run your application with 'debug' enabled.
26-02-27 23:48:14.394 [main] ERROR o.s.boot.SpringApplication           - Application run failed
org.springframework.beans.factory.BeanCreationException: Error creating bean with name 'dataInitializer': Invocation of init method failed
	at org.springframework.beans.factory.annotation.InitDestroyAnnotationBeanPostProcessor.postProcessBeforeInitialization(InitDestroyAnnotationBeanPostProcessor.java:222)
	at org.springframework.beans.factory.support.AbstractAutowireCapableBeanFactory.applyBeanPostProcessorsBeforeInitialization(AbstractAutowireCapableBeanFactory.java:423)
	at org.springframework.beans.factory.support.AbstractAutowireCapableBeanFactory.initializeBean(AbstractAutowireCapableBeanFactory.java:1804)
	at org.springframework.beans.factory.support.AbstractAutowireCapableBeanFactory.doCreateBean(AbstractAutowireCapableBeanFactory.java:601)
	at org.springframework.beans.factory.support.AbstractAutowireCapableBeanFactory.createBean(AbstractAutowireCapableBeanFactory.java:523)
	at org.springframework.beans.factory.support.AbstractBeanFactory.lambda$doGetBean$0(AbstractBeanFactory.java:339)
	at org.springframework.beans.factory.support.DefaultSingletonBeanRegistry.getSingleton(DefaultSingletonBeanRegistry.java:346)
	at org.springframework.beans.factory.support.AbstractBeanFactory.doGetBean(AbstractBeanFactory.java:337)
	at org.springframework.beans.factory.support.AbstractBeanFactory.getBean(AbstractBeanFactory.java:202)
	at org.springframework.beans.factory.support.DefaultListableBeanFactory.instantiateSingleton(DefaultListableBeanFactory.java:1155)
	at org.springframework.beans.factory.support.DefaultListableBeanFactory.preInstantiateSingleton(DefaultListableBeanFactory.java:1121)
	at org.springframework.beans.factory.support.DefaultListableBeanFactory.preInstantiateSingletons(DefaultListableBeanFactory.java:1056)
	at org.springframework.context.support.AbstractApplicationContext.finishBeanFactoryInitialization(AbstractApplicationContext.java:987)
	at org.springframework.context.support.AbstractApplicationContext.refresh(AbstractApplicationContext.java:627)
	at org.springframework.boot.web.servlet.context.ServletWebServerApplicationContext.refresh(ServletWebServerApplicationContext.java:146)
	at org.springframework.boot.SpringApplication.refresh(SpringApplication.java:752)
	at org.springframework.boot.SpringApplication.refreshContext(SpringApplication.java:439)
	at org.springframework.boot.SpringApplication.run(SpringApplication.java:318)
	at org.springframework.boot.SpringApplication.run(SpringApplication.java:1361)
	at org.springframework.boot.SpringApplication.run(SpringApplication.java:1350)
	at com.sprint.mission.discodeit.DiscodeitApplication.main(DiscodeitApplication.java:12)
Caused by: org.hibernate.LazyInitializationException: Could not initialize proxy [com.sprint.mission.discodeit.entity.BinaryContent#81caf2fa-a137-43c7-928b-2a715de8babd] - no session
	at org.hibernate.proxy.AbstractLazyInitializer.initialize(AbstractLazyInitializer.java:174)
	at org.hibernate.proxy.AbstractLazyInitializer.getImplementation(AbstractLazyInitializer.java:328)
	at org.hibernate.proxy.pojo.bytebuddy.ByteBuddyInterceptor.intercept(ByteBuddyInterceptor.java:44)
	at org.hibernate.proxy.ProxyConfiguration$InterceptorDispatcher.intercept(ProxyConfiguration.java:102)
	at com.sprint.mission.discodeit.entity.BinaryContent$HibernateProxy$SBIfMc9K.getSize(Unknown Source)
	at com.sprint.mission.discodeit.config.DataInitializer.lambda$ensureSeedUserProfiles$0(DataInitializer.java:71)
	at java.base/java.util.Optional.ifPresent(Optional.java:178)
	at com.sprint.mission.discodeit.config.DataInitializer.lambda$ensureSeedUserProfiles$1(DataInitializer.java:67)
	at java.base/java.util.Optional.ifPresent(Optional.java:178)
	at com.sprint.mission.discodeit.config.DataInitializer.ensureSeedUserProfiles(DataInitializer.java:66)
	at com.sprint.mission.discodeit.config.DataInitializer.init(DataInitializer.java:59)
	at java.base/jdk.internal.reflect.NativeMethodAccessorImpl.invoke0(Native Method)
	at java.base/jdk.internal.reflect.NativeMethodAccessorImpl.invoke(NativeMethodAccessorImpl.java:77)
	at java.base/jdk.internal.reflect.DelegatingMethodAccessorImpl.invoke(DelegatingMethodAccessorImpl.java:43)
	at java.base/java.lang.reflect.Method.invoke(Method.java:568)
	at org.springframework.beans.factory.annotation.InitDestroyAnnotationBeanPostProcessor$LifecycleMethod.invoke(InitDestroyAnnotationBeanPostProcessor.java:457)
	at org.springframework.beans.factory.annotation.InitDestroyAnnotationBeanPostProcessor$LifecycleMetadata.invokeInitMethods(InitDestroyAnnotationBeanPostProcessor.java:401)
	at org.springframework.beans.factory.annotation.InitDestroyAnnotationBeanPostProcessor.postProcessBeforeInitialization(InitDestroyAnnotationBeanPostProcessor.java:219)
	... 20 common frames omitted
26-02-27 23:50:29.621 [background-preinit] INFO  o.h.validator.internal.util.Version  - HV000001: Hibernate Validator 8.0.2.Final
26-02-27 23:50:29.760 [main] INFO  c.s.m.discodeit.DiscodeitApplication - Starting DiscodeitApplication using Java 17.0.16 with PID 40920 (C:\myWs\Mission\8-sprint-mission\build\classes\java\main started by samsung in C:\myWs\Mission\8-sprint-mission)
26-02-27 23:50:29.762 [main] INFO  c.s.m.discodeit.DiscodeitApplication - No active profile set, falling back to 1 default profile: "default"
26-02-27 23:50:33.609 [main] INFO  o.s.d.r.c.RepositoryConfigurationDelegate - Bootstrapping Spring Data JPA repositories in DEFAULT mode.
26-02-27 23:50:34.053 [main] INFO  o.s.d.r.c.RepositoryConfigurationDelegate - Finished Spring Data repository scanning in 425 ms. Found 6 JPA repository interfaces.
26-02-27 23:50:36.924 [main] INFO  o.s.b.w.e.tomcat.TomcatWebServer     - Tomcat initialized with port 8080 (http)
26-02-27 23:50:36.964 [main] INFO  o.a.coyote.http11.Http11NioProtocol  - Initializing ProtocolHandler ["http-nio-8080"]
26-02-27 23:50:36.970 [main] INFO  o.a.catalina.core.StandardService    - Starting service [Tomcat]
26-02-27 23:50:36.971 [main] INFO  o.a.catalina.core.StandardEngine     - Starting Servlet engine: [Apache Tomcat/10.1.36]
26-02-27 23:50:37.256 [main] INFO  o.a.c.c.C.[Tomcat].[localhost].[/]   - Initializing Spring embedded WebApplicationContext
26-02-27 23:50:37.257 [main] INFO  o.s.b.w.s.c.ServletWebServerApplicationContext - Root WebApplicationContext: initialization completed in 7376 ms
26-02-27 23:50:37.926 [main] INFO  com.zaxxer.hikari.HikariDataSource   - HikariPool-1 - Starting...
26-02-27 23:50:38.517 [main] INFO  com.zaxxer.hikari.pool.HikariPool    - HikariPool-1 - Added connection org.postgresql.jdbc.PgConnection@4aeaff64
26-02-27 23:50:38.521 [main] INFO  com.zaxxer.hikari.HikariDataSource   - HikariPool-1 - Start completed.
26-02-27 23:50:38.856 [main] INFO  o.h.jpa.internal.util.LogHelper      - HHH000204: Processing PersistenceUnitInfo [name: default]
26-02-27 23:50:39.041 [main] INFO  org.hibernate.Version                - HHH000412: Hibernate ORM core version 6.6.8.Final
26-02-27 23:50:39.166 [main] INFO  o.h.c.i.RegionFactoryInitiator       - HHH000026: Second-level cache disabled
26-02-27 23:50:39.968 [main] INFO  o.s.o.j.p.SpringPersistenceUnitInfo  - No LoadTimeWeaver setup: ignoring JPA class transformer
26-02-27 23:50:40.101 [main] WARN  org.hibernate.orm.deprecation        - HHH90000025: PostgreSQLDialect does not need to be specified explicitly using 'hibernate.dialect' (remove the property setting and it will be selected by default)
26-02-27 23:50:40.139 [main] INFO  o.hibernate.orm.connections.pooling  - HHH10001005: Database info:
	Database JDBC URL [Connecting through datasource 'HikariDataSource (HikariPool-1)']
	Database driver: undefined/unknown
	Database version: 17.7
	Autocommit mode: undefined/unknown
	Isolation level: undefined/unknown
	Minimum pool size: undefined/unknown
	Maximum pool size: undefined/unknown
26-02-27 23:50:42.748 [main] INFO  o.h.e.t.j.p.i.JtaPlatformInitiator   - HHH000489: No JTA platform available (set 'hibernate.transaction.jta.platform' to enable JTA platform integration)
26-02-27 23:50:43.804 [main] INFO  o.s.o.j.LocalContainerEntityManagerFactoryBean - Initialized JPA EntityManagerFactory for persistence unit 'default'
26-02-27 23:50:44.518 [main] INFO  o.s.d.j.r.query.QueryEnhancerFactory - Hibernate is in classpath; If applicable, HQL parser will be used.
26-02-27 23:50:46.063 [main] DEBUG org.hibernate.SQL                    - 
    /* <criteria> */ select
        u1_0.id 
    from
        discodeit.users u1_0 
    where
        u1_0.username=? 
    fetch
        first ? rows only
26-02-27 23:50:46.065 [main] TRACE org.hibernate.orm.jdbc.bind          - binding parameter (1:VARCHAR) <- [buzz]
26-02-27 23:50:46.066 [main] TRACE org.hibernate.orm.jdbc.bind          - binding parameter (2:INTEGER) <- [1]
26-02-27 23:50:46.146 [main] DEBUG org.hibernate.SQL                    - 
    /* <criteria> */ select
        u1_0.id 
    from
        discodeit.users u1_0 
    where
        u1_0.username=? 
    fetch
        first ? rows only
26-02-27 23:50:46.146 [main] TRACE org.hibernate.orm.jdbc.bind          - binding parameter (1:VARCHAR) <- [jessie]
26-02-27 23:50:46.147 [main] TRACE org.hibernate.orm.jdbc.bind          - binding parameter (2:INTEGER) <- [1]
26-02-27 23:50:46.149 [main] DEBUG org.hibernate.SQL                    - 
    /* <criteria> */ select
        u1_0.id 
    from
        discodeit.users u1_0 
    where
        u1_0.username=? 
    fetch
        first ? rows only
26-02-27 23:50:46.150 [main] TRACE org.hibernate.orm.jdbc.bind          - binding parameter (1:VARCHAR) <- [rex]
26-02-27 23:50:46.150 [main] TRACE org.hibernate.orm.jdbc.bind          - binding parameter (2:INTEGER) <- [1]
26-02-27 23:50:46.153 [main] DEBUG org.hibernate.SQL                    - 
    /* <criteria> */ select
        u1_0.id 
    from
        discodeit.users u1_0 
    where
        u1_0.username=? 
    fetch
        first ? rows only
26-02-27 23:50:46.154 [main] TRACE org.hibernate.orm.jdbc.bind          - binding parameter (1:VARCHAR) <- [woody]
26-02-27 23:50:46.154 [main] TRACE org.hibernate.orm.jdbc.bind          - binding parameter (2:INTEGER) <- [1]
26-02-27 23:50:46.172 [main] DEBUG org.hibernate.SQL                    - 
    /* SELECT
        u 
    FROM
        User u 
    LEFT JOIN
        
    FETCH
        u.profile 
    WHERE
        u.username = :username */ select
            u1_0.id,
            u1_0.created_at,
            u1_0.email,
            u1_0.password,
            p1_0.id,
            p1_0.content_type,
            p1_0.created_at,
            p1_0.file_name,
            p1_0.size,
            u1_0.updated_at,
            u1_0.username 
        from
            discodeit.users u1_0 
        left join
            discodeit.binary_contents p1_0 
                on p1_0.id=u1_0.profile_id 
        where
            u1_0.username=?
26-02-27 23:50:46.173 [main] TRACE org.hibernate.orm.jdbc.bind          - binding parameter (1:VARCHAR) <- [buzz]
26-02-27 23:50:46.208 [main] DEBUG org.hibernate.SQL                    - 
    select
        us1_0.id,
        us1_0.created_at,
        us1_0.last_active_at,
        us1_0.updated_at,
        us1_0.user_id 
    from
        discodeit.user_statuses us1_0 
    where
        us1_0.user_id=?
26-02-27 23:50:46.211 [main] TRACE org.hibernate.orm.jdbc.bind          - binding parameter (1:UUID) <- [109cc8d3-0794-4a69-a048-3542b1b5ceea]
26-02-27 23:50:46.249 [main] DEBUG org.hibernate.SQL                    - 
    /* SELECT
        u 
    FROM
        User u 
    LEFT JOIN
        
    FETCH
        u.profile 
    WHERE
        u.username = :username */ select
            u1_0.id,
            u1_0.created_at,
            u1_0.email,
            u1_0.password,
            p1_0.id,
            p1_0.content_type,
            p1_0.created_at,
            p1_0.file_name,
            p1_0.size,
            u1_0.updated_at,
            u1_0.username 
        from
            discodeit.users u1_0 
        left join
            discodeit.binary_contents p1_0 
                on p1_0.id=u1_0.profile_id 
        where
            u1_0.username=?
26-02-27 23:50:46.249 [main] TRACE org.hibernate.orm.jdbc.bind          - binding parameter (1:VARCHAR) <- [jessie]
26-02-27 23:50:46.250 [main] DEBUG org.hibernate.SQL                    - 
    select
        us1_0.id,
        us1_0.created_at,
        us1_0.last_active_at,
        us1_0.updated_at,
        us1_0.user_id 
    from
        discodeit.user_statuses us1_0 
    where
        us1_0.user_id=?
26-02-27 23:50:46.251 [main] TRACE org.hibernate.orm.jdbc.bind          - binding parameter (1:UUID) <- [38f333a8-28c6-477d-b7d7-b220165fe0c3]
26-02-27 23:50:46.259 [main] DEBUG org.hibernate.SQL                    - 
    /* SELECT
        u 
    FROM
        User u 
    LEFT JOIN
        
    FETCH
        u.profile 
    WHERE
        u.username = :username */ select
            u1_0.id,
            u1_0.created_at,
            u1_0.email,
            u1_0.password,
            p1_0.id,
            p1_0.content_type,
            p1_0.created_at,
            p1_0.file_name,
            p1_0.size,
            u1_0.updated_at,
            u1_0.username 
        from
            discodeit.users u1_0 
        left join
            discodeit.binary_contents p1_0 
                on p1_0.id=u1_0.profile_id 
        where
            u1_0.username=?
26-02-27 23:50:46.260 [main] TRACE org.hibernate.orm.jdbc.bind          - binding parameter (1:VARCHAR) <- [rex]
26-02-27 23:50:46.264 [main] DEBUG org.hibernate.SQL                    - 
    select
        us1_0.id,
        us1_0.created_at,
        us1_0.last_active_at,
        us1_0.updated_at,
        us1_0.user_id 
    from
        discodeit.user_statuses us1_0 
    where
        us1_0.user_id=?
26-02-27 23:50:46.264 [main] TRACE org.hibernate.orm.jdbc.bind          - binding parameter (1:UUID) <- [e42bc6d8-7a74-4d6b-8e28-ea814fe080bd]
26-02-27 23:50:46.270 [main] DEBUG org.hibernate.SQL                    - 
    /* SELECT
        u 
    FROM
        User u 
    LEFT JOIN
        
    FETCH
        u.profile 
    WHERE
        u.username = :username */ select
            u1_0.id,
            u1_0.created_at,
            u1_0.email,
            u1_0.password,
            p1_0.id,
            p1_0.content_type,
            p1_0.created_at,
            p1_0.file_name,
            p1_0.size,
            u1_0.updated_at,
            u1_0.username 
        from
            discodeit.users u1_0 
        left join
            discodeit.binary_contents p1_0 
                on p1_0.id=u1_0.profile_id 
        where
            u1_0.username=?
26-02-27 23:50:46.271 [main] TRACE org.hibernate.orm.jdbc.bind          - binding parameter (1:VARCHAR) <- [woody]
26-02-27 23:50:46.273 [main] DEBUG org.hibernate.SQL                    - 
    select
        us1_0.id,
        us1_0.created_at,
        us1_0.last_active_at,
        us1_0.updated_at,
        us1_0.user_id 
    from
        discodeit.user_statuses us1_0 
    where
        us1_0.user_id=?
26-02-27 23:50:46.273 [main] TRACE org.hibernate.orm.jdbc.bind          - binding parameter (1:UUID) <- [00a68f1b-89f0-4564-a436-286212c41cc5]
26-02-27 23:50:46.421 [main] DEBUG org.hibernate.SQL                    - 
    /* select
        count(*) 
    from
        Channel x */ select
            count(*) 
        from
            discodeit.channels c1_0
26-02-27 23:50:47.855 [main] WARN  o.s.b.a.o.j.JpaBaseConfiguration$JpaWebConfiguration - spring.jpa.open-in-view is enabled by default. Therefore, database queries may be performed during view rendering. Explicitly configure spring.jpa.open-in-view to disable this warning
26-02-27 23:50:48.014 [main] INFO  o.s.b.a.w.s.WelcomePageHandlerMapping - Adding welcome page: class path resource [static/index.html]
26-02-27 23:50:50.240 [main] INFO  o.s.b.a.e.web.EndpointLinksResolver  - Exposing 14 endpoints beneath base path '/actuator'
26-02-27 23:50:50.490 [main] INFO  o.a.coyote.http11.Http11NioProtocol  - Starting ProtocolHandler ["http-nio-8080"]
26-02-27 23:50:50.506 [main] WARN  o.s.b.w.s.c.AnnotationConfigServletWebServerApplicationContext - Exception encountered during context initialization - cancelling refresh attempt: org.springframework.context.ApplicationContextException: Failed to start bean 'webServerStartStop'
26-02-27 23:50:50.514 [main] INFO  o.s.o.j.LocalContainerEntityManagerFactoryBean - Closing JPA EntityManagerFactory for persistence unit 'default'
26-02-27 23:50:50.519 [main] INFO  com.zaxxer.hikari.HikariDataSource   - HikariPool-1 - Shutdown initiated...
26-02-27 23:50:50.542 [main] INFO  com.zaxxer.hikari.HikariDataSource   - HikariPool-1 - Shutdown completed.
26-02-27 23:50:50.619 [main] INFO  o.s.b.a.l.ConditionEvaluationReportLogger - 

Error starting ApplicationContext. To display the condition evaluation report re-run your application with 'debug' enabled.
26-02-27 23:50:50.713 [main] ERROR o.s.b.d.LoggingFailureAnalysisReporter - 

***************************
APPLICATION FAILED TO START
***************************

Description:

Web server failed to start. Port 8080 was already in use.

Action:

Identify and stop the process that's listening on port 8080 or configure this application to listen on another port.

