26-02-17 14:29:39.689 [main] INFO  c.s.m.discodeit.DiscodeitApplication - Starting DiscodeitApplication using Java 17.0.16 with PID 39204 (C:\myWs\Mission\8-sprint-mission\build\classes\java\main started by samsung in C:\myWs\Mission\8-sprint-mission)
26-02-17 14:29:39.715 [main] INFO  c.s.m.discodeit.DiscodeitApplication - No active profile set, falling back to 1 default profile: "default"
26-02-17 14:29:42.653 [main] WARN  o.s.b.w.s.c.AnnotationConfigServletWebServerApplicationContext - Exception encountered during context initialization - cancelling refresh attempt: org.springframework.beans.factory.support.BeanDefinitionOverrideException: Invalid bean definition with name 'jpaAuditingHandler' defined in null: Cannot register bean definition [Root bean: class=org.springframework.data.auditing.AuditingHandler; scope=; abstract=false; lazyInit=null; autowireMode=2; dependencyCheck=0; autowireCandidate=true; primary=false; fallback=false; factoryBeanName=null; factoryMethodName=from; initMethodNames=null; destroyMethodNames=null] for bean 'jpaAuditingHandler' since there is already [Root bean: class=org.springframework.data.auditing.AuditingHandler; scope=; abstract=false; lazyInit=null; autowireMode=2; dependencyCheck=0; autowireCandidate=true; primary=false; fallback=false; factoryBeanName=null; factoryMethodName=from; initMethodNames=null; destroyMethodNames=null] bound.
26-02-17 14:29:42.674 [main] INFO  o.s.b.a.l.ConditionEvaluationReportLogger - 

Error starting ApplicationContext. To display the condition evaluation report re-run your application with 'debug' enabled.
26-02-17 14:29:42.732 [main] ERROR o.s.b.d.LoggingFailureAnalysisReporter - 

***************************
APPLICATION FAILED TO START
***************************

Description:

The bean 'jpaAuditingHandler' could not be registered. A bean with that name has already been defined and overriding is disabled.

Action:

Consider renaming one of the beans or enabling overriding by setting spring.main.allow-bean-definition-overriding=true

26-02-17 14:32:58.931 [main] INFO  c.s.m.discodeit.DiscodeitApplication - Starting DiscodeitApplication using Java 17.0.16 with PID 25224 (C:\myWs\Mission\8-sprint-mission\build\classes\java\main started by samsung in C:\myWs\Mission\8-sprint-mission)
26-02-17 14:32:58.934 [main] INFO  c.s.m.discodeit.DiscodeitApplication - No active profile set, falling back to 1 default profile: "default"
26-02-17 14:32:59.896 [main] WARN  o.s.b.w.s.c.AnnotationConfigServletWebServerApplicationContext - Exception encountered during context initialization - cancelling refresh attempt: org.springframework.beans.factory.support.BeanDefinitionOverrideException: Invalid bean definition with name 'jpaAuditingHandler' defined in null: Cannot register bean definition [Root bean: class=org.springframework.data.auditing.AuditingHandler; scope=; abstract=false; lazyInit=null; autowireMode=2; dependencyCheck=0; autowireCandidate=true; primary=false; fallback=false; factoryBeanName=null; factoryMethodName=from; initMethodNames=null; destroyMethodNames=null] for bean 'jpaAuditingHandler' since there is already [Root bean: class=org.springframework.data.auditing.AuditingHandler; scope=; abstract=false; lazyInit=null; autowireMode=2; dependencyCheck=0; autowireCandidate=true; primary=false; fallback=false; factoryBeanName=null; factoryMethodName=from; initMethodNames=null; destroyMethodNames=null] bound.
26-02-17 14:32:59.907 [main] INFO  o.s.b.a.l.ConditionEvaluationReportLogger - 

Error starting ApplicationContext. To display the condition evaluation report re-run your application with 'debug' enabled.
26-02-17 14:32:59.943 [main] ERROR o.s.b.d.LoggingFailureAnalysisReporter - 

***************************
APPLICATION FAILED TO START
***************************

Description:

The bean 'jpaAuditingHandler' could not be registered. A bean with that name has already been defined and overriding is disabled.

Action:

Consider renaming one of the beans or enabling overriding by setting spring.main.allow-bean-definition-overriding=true

26-02-17 14:33:11.350 [main] INFO  c.s.m.discodeit.DiscodeitApplication - Starting DiscodeitApplication using Java 17.0.16 with PID 40880 (C:\myWs\Mission\8-sprint-mission\build\classes\java\main started by samsung in C:\myWs\Mission\8-sprint-mission)
26-02-17 14:33:11.353 [main] INFO  c.s.m.discodeit.DiscodeitApplication - No active profile set, falling back to 1 default profile: "default"
26-02-17 14:33:12.186 [main] WARN  o.s.b.w.s.c.AnnotationConfigServletWebServerApplicationContext - Exception encountered during context initialization - cancelling refresh attempt: org.springframework.beans.factory.support.BeanDefinitionOverrideException: Invalid bean definition with name 'jpaAuditingHandler' defined in null: Cannot register bean definition [Root bean: class=org.springframework.data.auditing.AuditingHandler; scope=; abstract=false; lazyInit=null; autowireMode=2; dependencyCheck=0; autowireCandidate=true; primary=false; fallback=false; factoryBeanName=null; factoryMethodName=from; initMethodNames=null; destroyMethodNames=null] for bean 'jpaAuditingHandler' since there is already [Root bean: class=org.springframework.data.auditing.AuditingHandler; scope=; abstract=false; lazyInit=null; autowireMode=2; dependencyCheck=0; autowireCandidate=true; primary=false; fallback=false; factoryBeanName=null; factoryMethodName=from; initMethodNames=null; destroyMethodNames=null] bound.
26-02-17 14:33:12.197 [main] INFO  o.s.b.a.l.ConditionEvaluationReportLogger - 

Error starting ApplicationContext. To display the condition evaluation report re-run your application with 'debug' enabled.
26-02-17 14:33:12.226 [main] ERROR o.s.b.d.LoggingFailureAnalysisReporter - 

***************************
APPLICATION FAILED TO START
***************************

Description:

The bean 'jpaAuditingHandler' could not be registered. A bean with that name has already been defined and overriding is disabled.

Action:

Consider renaming one of the beans or enabling overriding by setting spring.main.allow-bean-definition-overriding=true

26-02-17 14:34:47.847 [main] INFO  c.s.m.discodeit.DiscodeitApplication - Starting DiscodeitApplication using Java 17.0.16 with PID 10128 (C:\myWs\Mission\8-sprint-mission\build\classes\java\main started by samsung in C:\myWs\Mission\8-sprint-mission)
26-02-17 14:34:47.851 [main] INFO  c.s.m.discodeit.DiscodeitApplication - No active profile set, falling back to 1 default profile: "default"
26-02-17 14:34:48.724 [main] INFO  o.s.d.r.c.RepositoryConfigurationDelegate - Bootstrapping Spring Data JPA repositories in DEFAULT mode.
26-02-17 14:34:48.740 [main] INFO  o.s.d.r.c.RepositoryConfigurationDelegate - Finished Spring Data repository scanning in 5 ms. Found 0 JPA repository interfaces.
26-02-17 14:34:49.809 [main] INFO  o.s.b.w.e.tomcat.TomcatWebServer     - Tomcat initialized with port 8080 (http)
26-02-17 14:34:49.824 [main] INFO  o.a.coyote.http11.Http11NioProtocol  - Initializing ProtocolHandler ["http-nio-8080"]
26-02-17 14:34:49.826 [main] INFO  o.a.catalina.core.StandardService    - Starting service [Tomcat]
26-02-17 14:34:49.827 [main] INFO  o.a.catalina.core.StandardEngine     - Starting Servlet engine: [Apache Tomcat/10.1.50]
26-02-17 14:34:49.950 [main] INFO  o.a.c.c.C.[Tomcat].[localhost].[/]   - Initializing Spring embedded WebApplicationContext
26-02-17 14:34:49.950 [main] INFO  o.s.b.w.s.c.ServletWebServerApplicationContext - Root WebApplicationContext: initialization completed in 2027 ms
26-02-17 14:34:50.168 [main] INFO  com.zaxxer.hikari.HikariDataSource   - HikariPool-1 - Starting...
26-02-17 14:34:50.571 [main] INFO  com.zaxxer.hikari.pool.HikariPool    - HikariPool-1 - Added connection org.postgresql.jdbc.PgConnection@4e50ae56
26-02-17 14:34:50.575 [main] INFO  com.zaxxer.hikari.HikariDataSource   - HikariPool-1 - Start completed.
26-02-17 14:34:50.776 [main] INFO  o.h.jpa.internal.util.LogHelper      - HHH000204: Processing PersistenceUnitInfo [name: default]
26-02-17 14:34:50.944 [main] INFO  org.hibernate.Version                - HHH000412: Hibernate ORM core version 6.6.39.Final
26-02-17 14:34:51.028 [main] INFO  o.h.c.i.RegionFactoryInitiator       - HHH000026: Second-level cache disabled
26-02-17 14:34:51.558 [main] INFO  o.s.o.j.p.SpringPersistenceUnitInfo  - No LoadTimeWeaver setup: ignoring JPA class transformer
26-02-17 14:34:51.653 [main] WARN  org.hibernate.orm.deprecation        - HHH90000025: PostgreSQLDialect does not need to be specified explicitly using 'hibernate.dialect' (remove the property setting and it will be selected by default)
26-02-17 14:34:51.680 [main] INFO  o.hibernate.orm.connections.pooling  - HHH10001005: Database info:
	Database JDBC URL [Connecting through datasource 'HikariDataSource (HikariPool-1)']
	Database driver: undefined/unknown
	Database version: 17.7
	Autocommit mode: undefined/unknown
	Isolation level: undefined/unknown
	Minimum pool size: undefined/unknown
	Maximum pool size: undefined/unknown
26-02-17 14:34:53.114 [main] INFO  o.h.e.t.j.p.i.JtaPlatformInitiator   - HHH000489: No JTA platform available (set 'hibernate.transaction.jta.platform' to enable JTA platform integration)
26-02-17 14:34:53.211 [main] DEBUG org.hibernate.SQL                    - 
    create table discodeit.binary_contents (
        id uuid not null,
        created_at timestamp with time zone not null,
        content_type varchar(100) not null,
        file_name varchar(255) not null,
        size bigint not null,
        primary key (id)
    )
26-02-17 14:34:53.217 [main] WARN  o.h.t.s.i.ExceptionHandlerLoggedImpl - GenerationTarget encountered exception accepting command : Error executing DDL "
    create table discodeit.binary_contents (
        id uuid not null,
        created_at timestamp with time zone not null,
        content_type varchar(100) not null,
        file_name varchar(255) not null,
        size bigint not null,
        primary key (id)
    )" via JDBC [ERROR: schema "discodeit" does not exist
  Position: 20]
org.hibernate.tool.schema.spi.CommandAcceptanceException: Error executing DDL "
    create table discodeit.binary_contents (
        id uuid not null,
        created_at timestamp with time zone not null,
        content_type varchar(100) not null,
        file_name varchar(255) not null,
        size bigint not null,
        primary key (id)
    )" via JDBC [ERROR: schema "discodeit" does not exist
  Position: 20]
	at org.hibernate.tool.schema.internal.exec.GenerationTargetToDatabase.accept(GenerationTargetToDatabase.java:94)
	at org.hibernate.tool.schema.internal.AbstractSchemaMigrator.applySqlString(AbstractSchemaMigrator.java:576)
	at org.hibernate.tool.schema.internal.AbstractSchemaMigrator.applySqlStrings(AbstractSchemaMigrator.java:516)
	at org.hibernate.tool.schema.internal.AbstractSchemaMigrator.createTable(AbstractSchemaMigrator.java:316)
	at org.hibernate.tool.schema.internal.GroupedSchemaMigratorImpl.performTablesMigration(GroupedSchemaMigratorImpl.java:80)
	at org.hibernate.tool.schema.internal.AbstractSchemaMigrator.performMigration(AbstractSchemaMigrator.java:233)
	at org.hibernate.tool.schema.internal.AbstractSchemaMigrator.doMigration(AbstractSchemaMigrator.java:112)
	at org.hibernate.tool.schema.spi.SchemaManagementToolCoordinator.performDatabaseAction(SchemaManagementToolCoordinator.java:280)
	at org.hibernate.tool.schema.spi.SchemaManagementToolCoordinator.lambda$process$5(SchemaManagementToolCoordinator.java:144)
	at java.base/java.util.HashMap.forEach(HashMap.java:1421)
	at org.hibernate.tool.schema.spi.SchemaManagementToolCoordinator.process(SchemaManagementToolCoordinator.java:141)
	at org.hibernate.boot.internal.SessionFactoryObserverForSchemaExport.sessionFactoryCreated(SessionFactoryObserverForSchemaExport.java:37)
	at org.hibernate.internal.SessionFactoryObserverChain.sessionFactoryCreated(SessionFactoryObserverChain.java:35)
	at org.hibernate.internal.SessionFactoryImpl.<init>(SessionFactoryImpl.java:324)
	at org.hibernate.boot.internal.SessionFactoryBuilderImpl.build(SessionFactoryBuilderImpl.java:463)
	at org.hibernate.jpa.boot.internal.EntityManagerFactoryBuilderImpl.build(EntityManagerFactoryBuilderImpl.java:1517)
	at org.springframework.orm.jpa.vendor.SpringHibernateJpaPersistenceProvider.createContainerEntityManagerFactory(SpringHibernateJpaPersistenceProvider.java:66)
	at org.springframework.orm.jpa.LocalContainerEntityManagerFactoryBean.createNativeEntityManagerFactory(LocalContainerEntityManagerFactoryBean.java:390)
	at org.springframework.orm.jpa.AbstractEntityManagerFactoryBean.buildNativeEntityManagerFactory(AbstractEntityManagerFactoryBean.java:419)
	at org.springframework.orm.jpa.AbstractEntityManagerFactoryBean.afterPropertiesSet(AbstractEntityManagerFactoryBean.java:400)
	at org.springframework.orm.jpa.LocalContainerEntityManagerFactoryBean.afterPropertiesSet(LocalContainerEntityManagerFactoryBean.java:366)
	at org.springframework.beans.factory.support.AbstractAutowireCapableBeanFactory.invokeInitMethods(AbstractAutowireCapableBeanFactory.java:1873)
	at org.springframework.beans.factory.support.AbstractAutowireCapableBeanFactory.initializeBean(AbstractAutowireCapableBeanFactory.java:1822)
	at org.springframework.beans.factory.support.AbstractAutowireCapableBeanFactory.doCreateBean(AbstractAutowireCapableBeanFactory.java:607)
	at org.springframework.beans.factory.support.AbstractAutowireCapableBeanFactory.createBean(AbstractAutowireCapableBeanFactory.java:529)
	at org.springframework.beans.factory.support.AbstractBeanFactory.lambda$doGetBean$0(AbstractBeanFactory.java:339)
	at org.springframework.beans.factory.support.DefaultSingletonBeanRegistry.getSingleton(DefaultSingletonBeanRegistry.java:373)
	at org.springframework.beans.factory.support.AbstractBeanFactory.doGetBean(AbstractBeanFactory.java:337)
	at org.springframework.beans.factory.support.AbstractBeanFactory.getBean(AbstractBeanFactory.java:207)
	at org.springframework.context.support.AbstractApplicationContext.finishBeanFactoryInitialization(AbstractApplicationContext.java:973)
	at org.springframework.context.support.AbstractApplicationContext.refresh(AbstractApplicationContext.java:627)
	at org.springframework.boot.web.servlet.context.ServletWebServerApplicationContext.refresh(ServletWebServerApplicationContext.java:146)
	at org.springframework.boot.SpringApplication.refresh(SpringApplication.java:752)
	at org.springframework.boot.SpringApplication.refreshContext(SpringApplication.java:439)
	at org.springframework.boot.SpringApplication.run(SpringApplication.java:318)
	at org.springframework.boot.SpringApplication.run(SpringApplication.java:1361)
	at org.springframework.boot.SpringApplication.run(SpringApplication.java:1350)
	at com.sprint.mission.discodeit.DiscodeitApplication.main(DiscodeitApplication.java:14)
Caused by: org.postgresql.util.PSQLException: ERROR: schema "discodeit" does not exist
  Position: 20
	at org.postgresql.core.v3.QueryExecutorImpl.receiveErrorResponse(QueryExecutorImpl.java:2736)
	at org.postgresql.core.v3.QueryExecutorImpl.processResults(QueryExecutorImpl.java:2421)
	at org.postgresql.core.v3.QueryExecutorImpl.execute(QueryExecutorImpl.java:372)
	at org.postgresql.jdbc.PgStatement.executeInternal(PgStatement.java:525)
	at org.postgresql.jdbc.PgStatement.execute(PgStatement.java:435)
	at org.postgresql.jdbc.PgStatement.executeWithFlags(PgStatement.java:357)
	at org.postgresql.jdbc.PgStatement.executeCachedSql(PgStatement.java:342)
	at org.postgresql.jdbc.PgStatement.executeWithFlags(PgStatement.java:318)
	at org.postgresql.jdbc.PgStatement.execute(PgStatement.java:313)
	at com.zaxxer.hikari.pool.ProxyStatement.execute(ProxyStatement.java:95)
	at com.zaxxer.hikari.pool.HikariProxyStatement.execute(HikariProxyStatement.java)
	at org.hibernate.tool.schema.internal.exec.GenerationTargetToDatabase.accept(GenerationTargetToDatabase.java:80)
	... 37 common frames omitted
26-02-17 14:34:53.222 [main] DEBUG org.hibernate.SQL                    - 
    create table discodeit.channels (
        id uuid not null,
        created_at timestamp with time zone not null,
        updated_at timestamp with time zone,
        description varchar(500),
        name varchar(100),
        type varchar(255) not null check (type in ('PUBLIC','PRIVATE')),
        primary key (id)
    )
26-02-17 14:34:53.223 [main] WARN  o.h.t.s.i.ExceptionHandlerLoggedImpl - GenerationTarget encountered exception accepting command : Error executing DDL "
    create table discodeit.channels (
        id uuid not null,
        created_at timestamp with time zone not null,
        updated_at timestamp with time zone,
        description varchar(500),
        name varchar(100),
        type varchar(255) not null check (type in ('PUBLIC','PRIVATE')),
        primary key (id)
    )" via JDBC [ERROR: schema "discodeit" does not exist
  Position: 20]
org.hibernate.tool.schema.spi.CommandAcceptanceException: Error executing DDL "
    create table discodeit.channels (
        id uuid not null,
        created_at timestamp with time zone not null,
        updated_at timestamp with time zone,
        description varchar(500),
        name varchar(100),
        type varchar(255) not null check (type in ('PUBLIC','PRIVATE')),
        primary key (id)
    )" via JDBC [ERROR: schema "discodeit" does not exist
  Position: 20]
	at org.hibernate.tool.schema.internal.exec.GenerationTargetToDatabase.accept(GenerationTargetToDatabase.java:94)
	at org.hibernate.tool.schema.internal.AbstractSchemaMigrator.applySqlString(AbstractSchemaMigrator.java:576)
	at org.hibernate.tool.schema.internal.AbstractSchemaMigrator.applySqlStrings(AbstractSchemaMigrator.java:516)
	at org.hibernate.tool.schema.internal.AbstractSchemaMigrator.createTable(AbstractSchemaMigrator.java:316)
	at org.hibernate.tool.schema.internal.GroupedSchemaMigratorImpl.performTablesMigration(GroupedSchemaMigratorImpl.java:80)
	at org.hibernate.tool.schema.internal.AbstractSchemaMigrator.performMigration(AbstractSchemaMigrator.java:233)
	at org.hibernate.tool.schema.internal.AbstractSchemaMigrator.doMigration(AbstractSchemaMigrator.java:112)
	at org.hibernate.tool.schema.spi.SchemaManagementToolCoordinator.performDatabaseAction(SchemaManagementToolCoordinator.java:280)
	at org.hibernate.tool.schema.spi.SchemaManagementToolCoordinator.lambda$process$5(SchemaManagementToolCoordinator.java:144)
	at java.base/java.util.HashMap.forEach(HashMap.java:1421)
	at org.hibernate.tool.schema.spi.SchemaManagementToolCoordinator.process(SchemaManagementToolCoordinator.java:141)
	at org.hibernate.boot.internal.SessionFactoryObserverForSchemaExport.sessionFactoryCreated(SessionFactoryObserverForSchemaExport.java:37)
	at org.hibernate.internal.SessionFactoryObserverChain.sessionFactoryCreated(SessionFactoryObserverChain.java:35)
	at org.hibernate.internal.SessionFactoryImpl.<init>(SessionFactoryImpl.java:324)
	at org.hibernate.boot.internal.SessionFactoryBuilderImpl.build(SessionFactoryBuilderImpl.java:463)
	at org.hibernate.jpa.boot.internal.EntityManagerFactoryBuilderImpl.build(EntityManagerFactoryBuilderImpl.java:1517)
	at org.springframework.orm.jpa.vendor.SpringHibernateJpaPersistenceProvider.createContainerEntityManagerFactory(SpringHibernateJpaPersistenceProvider.java:66)
	at org.springframework.orm.jpa.LocalContainerEntityManagerFactoryBean.createNativeEntityManagerFactory(LocalContainerEntityManagerFactoryBean.java:390)
	at org.springframework.orm.jpa.AbstractEntityManagerFactoryBean.buildNativeEntityManagerFactory(AbstractEntityManagerFactoryBean.java:419)
	at org.springframework.orm.jpa.AbstractEntityManagerFactoryBean.afterPropertiesSet(AbstractEntityManagerFactoryBean.java:400)
	at org.springframework.orm.jpa.LocalContainerEntityManagerFactoryBean.afterPropertiesSet(LocalContainerEntityManagerFactoryBean.java:366)
	at org.springframework.beans.factory.support.AbstractAutowireCapableBeanFactory.invokeInitMethods(AbstractAutowireCapableBeanFactory.java:1873)
	at org.springframework.beans.factory.support.AbstractAutowireCapableBeanFactory.initializeBean(AbstractAutowireCapableBeanFactory.java:1822)
	at org.springframework.beans.factory.support.AbstractAutowireCapableBeanFactory.doCreateBean(AbstractAutowireCapableBeanFactory.java:607)
	at org.springframework.beans.factory.support.AbstractAutowireCapableBeanFactory.createBean(AbstractAutowireCapableBeanFactory.java:529)
	at org.springframework.beans.factory.support.AbstractBeanFactory.lambda$doGetBean$0(AbstractBeanFactory.java:339)
	at org.springframework.beans.factory.support.DefaultSingletonBeanRegistry.getSingleton(DefaultSingletonBeanRegistry.java:373)
	at org.springframework.beans.factory.support.AbstractBeanFactory.doGetBean(AbstractBeanFactory.java:337)
	at org.springframework.beans.factory.support.AbstractBeanFactory.getBean(AbstractBeanFactory.java:207)
	at org.springframework.context.support.AbstractApplicationContext.finishBeanFactoryInitialization(AbstractApplicationContext.java:973)
	at org.springframework.context.support.AbstractApplicationContext.refresh(AbstractApplicationContext.java:627)
	at org.springframework.boot.web.servlet.context.ServletWebServerApplicationContext.refresh(ServletWebServerApplicationContext.java:146)
	at org.springframework.boot.SpringApplication.refresh(SpringApplication.java:752)
	at org.springframework.boot.SpringApplication.refreshContext(SpringApplication.java:439)
	at org.springframework.boot.SpringApplication.run(SpringApplication.java:318)
	at org.springframework.boot.SpringApplication.run(SpringApplication.java:1361)
	at org.springframework.boot.SpringApplication.run(SpringApplication.java:1350)
	at com.sprint.mission.discodeit.DiscodeitApplication.main(DiscodeitApplication.java:14)
Caused by: org.postgresql.util.PSQLException: ERROR: schema "discodeit" does not exist
  Position: 20
	at org.postgresql.core.v3.QueryExecutorImpl.receiveErrorResponse(QueryExecutorImpl.java:2736)
	at org.postgresql.core.v3.QueryExecutorImpl.processResults(QueryExecutorImpl.java:2421)
	at org.postgresql.core.v3.QueryExecutorImpl.execute(QueryExecutorImpl.java:372)
	at org.postgresql.jdbc.PgStatement.executeInternal(PgStatement.java:525)
	at org.postgresql.jdbc.PgStatement.execute(PgStatement.java:435)
	at org.postgresql.jdbc.PgStatement.executeWithFlags(PgStatement.java:357)
	at org.postgresql.jdbc.PgStatement.executeCachedSql(PgStatement.java:342)
	at org.postgresql.jdbc.PgStatement.executeWithFlags(PgStatement.java:318)
	at org.postgresql.jdbc.PgStatement.execute(PgStatement.java:313)
	at com.zaxxer.hikari.pool.ProxyStatement.execute(ProxyStatement.java:95)
	at com.zaxxer.hikari.pool.HikariProxyStatement.execute(HikariProxyStatement.java)
	at org.hibernate.tool.schema.internal.exec.GenerationTargetToDatabase.accept(GenerationTargetToDatabase.java:80)
	... 37 common frames omitted
26-02-17 14:34:53.224 [main] DEBUG org.hibernate.SQL                    - 
    create table discodeit.message_attachments (
        message_id uuid not null,
        attachment_id uuid not null
    )
26-02-17 14:34:53.225 [main] WARN  o.h.t.s.i.ExceptionHandlerLoggedImpl - GenerationTarget encountered exception accepting command : Error executing DDL "
    create table discodeit.message_attachments (
        message_id uuid not null,
        attachment_id uuid not null
    )" via JDBC [ERROR: schema "discodeit" does not exist
  Position: 20]
org.hibernate.tool.schema.spi.CommandAcceptanceException: Error executing DDL "
    create table discodeit.message_attachments (
        message_id uuid not null,
        attachment_id uuid not null
    )" via JDBC [ERROR: schema "discodeit" does not exist
  Position: 20]
	at org.hibernate.tool.schema.internal.exec.GenerationTargetToDatabase.accept(GenerationTargetToDatabase.java:94)
	at org.hibernate.tool.schema.internal.AbstractSchemaMigrator.applySqlString(AbstractSchemaMigrator.java:576)
	at org.hibernate.tool.schema.internal.AbstractSchemaMigrator.applySqlStrings(AbstractSchemaMigrator.java:516)
	at org.hibernate.tool.schema.internal.AbstractSchemaMigrator.createTable(AbstractSchemaMigrator.java:316)
	at org.hibernate.tool.schema.internal.GroupedSchemaMigratorImpl.performTablesMigration(GroupedSchemaMigratorImpl.java:80)
	at org.hibernate.tool.schema.internal.AbstractSchemaMigrator.performMigration(AbstractSchemaMigrator.java:233)
	at org.hibernate.tool.schema.internal.AbstractSchemaMigrator.doMigration(AbstractSchemaMigrator.java:112)
	at org.hibernate.tool.schema.spi.SchemaManagementToolCoordinator.performDatabaseAction(SchemaManagementToolCoordinator.java:280)
	at org.hibernate.tool.schema.spi.SchemaManagementToolCoordinator.lambda$process$5(SchemaManagementToolCoordinator.java:144)
	at java.base/java.util.HashMap.forEach(HashMap.java:1421)
	at org.hibernate.tool.schema.spi.SchemaManagementToolCoordinator.process(SchemaManagementToolCoordinator.java:141)
	at org.hibernate.boot.internal.SessionFactoryObserverForSchemaExport.sessionFactoryCreated(SessionFactoryObserverForSchemaExport.java:37)
	at org.hibernate.internal.SessionFactoryObserverChain.sessionFactoryCreated(SessionFactoryObserverChain.java:35)
	at org.hibernate.internal.SessionFactoryImpl.<init>(SessionFactoryImpl.java:324)
	at org.hibernate.boot.internal.SessionFactoryBuilderImpl.build(SessionFactoryBuilderImpl.java:463)
	at org.hibernate.jpa.boot.internal.EntityManagerFactoryBuilderImpl.build(EntityManagerFactoryBuilderImpl.java:1517)
	at org.springframework.orm.jpa.vendor.SpringHibernateJpaPersistenceProvider.createContainerEntityManagerFactory(SpringHibernateJpaPersistenceProvider.java:66)
	at org.springframework.orm.jpa.LocalContainerEntityManagerFactoryBean.createNativeEntityManagerFactory(LocalContainerEntityManagerFactoryBean.java:390)
	at org.springframework.orm.jpa.AbstractEntityManagerFactoryBean.buildNativeEntityManagerFactory(AbstractEntityManagerFactoryBean.java:419)
	at org.springframework.orm.jpa.AbstractEntityManagerFactoryBean.afterPropertiesSet(AbstractEntityManagerFactoryBean.java:400)
	at org.springframework.orm.jpa.LocalContainerEntityManagerFactoryBean.afterPropertiesSet(LocalContainerEntityManagerFactoryBean.java:366)
	at org.springframework.beans.factory.support.AbstractAutowireCapableBeanFactory.invokeInitMethods(AbstractAutowireCapableBeanFactory.java:1873)
	at org.springframework.beans.factory.support.AbstractAutowireCapableBeanFactory.initializeBean(AbstractAutowireCapableBeanFactory.java:1822)
	at org.springframework.beans.factory.support.AbstractAutowireCapableBeanFactory.doCreateBean(AbstractAutowireCapableBeanFactory.java:607)
	at org.springframework.beans.factory.support.AbstractAutowireCapableBeanFactory.createBean(AbstractAutowireCapableBeanFactory.java:529)
	at org.springframework.beans.factory.support.AbstractBeanFactory.lambda$doGetBean$0(AbstractBeanFactory.java:339)
	at org.springframework.beans.factory.support.DefaultSingletonBeanRegistry.getSingleton(DefaultSingletonBeanRegistry.java:373)
	at org.springframework.beans.factory.support.AbstractBeanFactory.doGetBean(AbstractBeanFactory.java:337)
	at org.springframework.beans.factory.support.AbstractBeanFactory.getBean(AbstractBeanFactory.java:207)
	at org.springframework.context.support.AbstractApplicationContext.finishBeanFactoryInitialization(AbstractApplicationContext.java:973)
	at org.springframework.context.support.AbstractApplicationContext.refresh(AbstractApplicationContext.java:627)
	at org.springframework.boot.web.servlet.context.ServletWebServerApplicationContext.refresh(ServletWebServerApplicationContext.java:146)
	at org.springframework.boot.SpringApplication.refresh(SpringApplication.java:752)
	at org.springframework.boot.SpringApplication.refreshContext(SpringApplication.java:439)
	at org.springframework.boot.SpringApplication.run(SpringApplication.java:318)
	at org.springframework.boot.SpringApplication.run(SpringApplication.java:1361)
	at org.springframework.boot.SpringApplication.run(SpringApplication.java:1350)
	at com.sprint.mission.discodeit.DiscodeitApplication.main(DiscodeitApplication.java:14)
Caused by: org.postgresql.util.PSQLException: ERROR: schema "discodeit" does not exist
  Position: 20
	at org.postgresql.core.v3.QueryExecutorImpl.receiveErrorResponse(QueryExecutorImpl.java:2736)
	at org.postgresql.core.v3.QueryExecutorImpl.processResults(QueryExecutorImpl.java:2421)
	at org.postgresql.core.v3.QueryExecutorImpl.execute(QueryExecutorImpl.java:372)
	at org.postgresql.jdbc.PgStatement.executeInternal(PgStatement.java:525)
	at org.postgresql.jdbc.PgStatement.execute(PgStatement.java:435)
	at org.postgresql.jdbc.PgStatement.executeWithFlags(PgStatement.java:357)
	at org.postgresql.jdbc.PgStatement.executeCachedSql(PgStatement.java:342)
	at org.postgresql.jdbc.PgStatement.executeWithFlags(PgStatement.java:318)
	at org.postgresql.jdbc.PgStatement.execute(PgStatement.java:313)
	at com.zaxxer.hikari.pool.ProxyStatement.execute(ProxyStatement.java:95)
	at com.zaxxer.hikari.pool.HikariProxyStatement.execute(HikariProxyStatement.java)
	at org.hibernate.tool.schema.internal.exec.GenerationTargetToDatabase.accept(GenerationTargetToDatabase.java:80)
	... 37 common frames omitted
26-02-17 14:34:53.226 [main] DEBUG org.hibernate.SQL                    - 
    create table discodeit.messages (
        id uuid not null,
        created_at timestamp with time zone not null,
        updated_at timestamp with time zone,
        content text not null,
        author_id uuid,
        channel_id uuid not null,
        primary key (id)
    )
26-02-17 14:34:53.226 [main] WARN  o.h.t.s.i.ExceptionHandlerLoggedImpl - GenerationTarget encountered exception accepting command : Error executing DDL "
    create table discodeit.messages (
        id uuid not null,
        created_at timestamp with time zone not null,
        updated_at timestamp with time zone,
        content text not null,
        author_id uuid,
        channel_id uuid not null,
        primary key (id)
    )" via JDBC [ERROR: schema "discodeit" does not exist
  Position: 20]
org.hibernate.tool.schema.spi.CommandAcceptanceException: Error executing DDL "
    create table discodeit.messages (
        id uuid not null,
        created_at timestamp with time zone not null,
        updated_at timestamp with time zone,
        content text not null,
        author_id uuid,
        channel_id uuid not null,
        primary key (id)
    )" via JDBC [ERROR: schema "discodeit" does not exist
  Position: 20]
	at org.hibernate.tool.schema.internal.exec.GenerationTargetToDatabase.accept(GenerationTargetToDatabase.java:94)
	at org.hibernate.tool.schema.internal.AbstractSchemaMigrator.applySqlString(AbstractSchemaMigrator.java:576)
	at org.hibernate.tool.schema.internal.AbstractSchemaMigrator.applySqlStrings(AbstractSchemaMigrator.java:516)
	at org.hibernate.tool.schema.internal.AbstractSchemaMigrator.createTable(AbstractSchemaMigrator.java:316)
	at org.hibernate.tool.schema.internal.GroupedSchemaMigratorImpl.performTablesMigration(GroupedSchemaMigratorImpl.java:80)
	at org.hibernate.tool.schema.internal.AbstractSchemaMigrator.performMigration(AbstractSchemaMigrator.java:233)
	at org.hibernate.tool.schema.internal.AbstractSchemaMigrator.doMigration(AbstractSchemaMigrator.java:112)
	at org.hibernate.tool.schema.spi.SchemaManagementToolCoordinator.performDatabaseAction(SchemaManagementToolCoordinator.java:280)
	at org.hibernate.tool.schema.spi.SchemaManagementToolCoordinator.lambda$process$5(SchemaManagementToolCoordinator.java:144)
	at java.base/java.util.HashMap.forEach(HashMap.java:1421)
	at org.hibernate.tool.schema.spi.SchemaManagementToolCoordinator.process(SchemaManagementToolCoordinator.java:141)
	at org.hibernate.boot.internal.SessionFactoryObserverForSchemaExport.sessionFactoryCreated(SessionFactoryObserverForSchemaExport.java:37)
	at org.hibernate.internal.SessionFactoryObserverChain.sessionFactoryCreated(SessionFactoryObserverChain.java:35)
	at org.hibernate.internal.SessionFactoryImpl.<init>(SessionFactoryImpl.java:324)
	at org.hibernate.boot.internal.SessionFactoryBuilderImpl.build(SessionFactoryBuilderImpl.java:463)
	at org.hibernate.jpa.boot.internal.EntityManagerFactoryBuilderImpl.build(EntityManagerFactoryBuilderImpl.java:1517)
	at org.springframework.orm.jpa.vendor.SpringHibernateJpaPersistenceProvider.createContainerEntityManagerFactory(SpringHibernateJpaPersistenceProvider.java:66)
	at org.springframework.orm.jpa.LocalContainerEntityManagerFactoryBean.createNativeEntityManagerFactory(LocalContainerEntityManagerFactoryBean.java:390)
	at org.springframework.orm.jpa.AbstractEntityManagerFactoryBean.buildNativeEntityManagerFactory(AbstractEntityManagerFactoryBean.java:419)
	at org.springframework.orm.jpa.AbstractEntityManagerFactoryBean.afterPropertiesSet(AbstractEntityManagerFactoryBean.java:400)
	at org.springframework.orm.jpa.LocalContainerEntityManagerFactoryBean.afterPropertiesSet(LocalContainerEntityManagerFactoryBean.java:366)
	at org.springframework.beans.factory.support.AbstractAutowireCapableBeanFactory.invokeInitMethods(AbstractAutowireCapableBeanFactory.java:1873)
	at org.springframework.beans.factory.support.AbstractAutowireCapableBeanFactory.initializeBean(AbstractAutowireCapableBeanFactory.java:1822)
	at org.springframework.beans.factory.support.AbstractAutowireCapableBeanFactory.doCreateBean(AbstractAutowireCapableBeanFactory.java:607)
	at org.springframework.beans.factory.support.AbstractAutowireCapableBeanFactory.createBean(AbstractAutowireCapableBeanFactory.java:529)
	at org.springframework.beans.factory.support.AbstractBeanFactory.lambda$doGetBean$0(AbstractBeanFactory.java:339)
	at org.springframework.beans.factory.support.DefaultSingletonBeanRegistry.getSingleton(DefaultSingletonBeanRegistry.java:373)
	at org.springframework.beans.factory.support.AbstractBeanFactory.doGetBean(AbstractBeanFactory.java:337)
	at org.springframework.beans.factory.support.AbstractBeanFactory.getBean(AbstractBeanFactory.java:207)
	at org.springframework.context.support.AbstractApplicationContext.finishBeanFactoryInitialization(AbstractApplicationContext.java:973)
	at org.springframework.context.support.AbstractApplicationContext.refresh(AbstractApplicationContext.java:627)
	at org.springframework.boot.web.servlet.context.ServletWebServerApplicationContext.refresh(ServletWebServerApplicationContext.java:146)
	at org.springframework.boot.SpringApplication.refresh(SpringApplication.java:752)
	at org.springframework.boot.SpringApplication.refreshContext(SpringApplication.java:439)
	at org.springframework.boot.SpringApplication.run(SpringApplication.java:318)
	at org.springframework.boot.SpringApplication.run(SpringApplication.java:1361)
	at org.springframework.boot.SpringApplication.run(SpringApplication.java:1350)
	at com.sprint.mission.discodeit.DiscodeitApplication.main(DiscodeitApplication.java:14)
Caused by: org.postgresql.util.PSQLException: ERROR: schema "discodeit" does not exist
  Position: 20
	at org.postgresql.core.v3.QueryExecutorImpl.receiveErrorResponse(QueryExecutorImpl.java:2736)
	at org.postgresql.core.v3.QueryExecutorImpl.processResults(QueryExecutorImpl.java:2421)
	at org.postgresql.core.v3.QueryExecutorImpl.execute(QueryExecutorImpl.java:372)
	at org.postgresql.jdbc.PgStatement.executeInternal(PgStatement.java:525)
	at org.postgresql.jdbc.PgStatement.execute(PgStatement.java:435)
	at org.postgresql.jdbc.PgStatement.executeWithFlags(PgStatement.java:357)
	at org.postgresql.jdbc.PgStatement.executeCachedSql(PgStatement.java:342)
	at org.postgresql.jdbc.PgStatement.executeWithFlags(PgStatement.java:318)
	at org.postgresql.jdbc.PgStatement.execute(PgStatement.java:313)
	at com.zaxxer.hikari.pool.ProxyStatement.execute(ProxyStatement.java:95)
	at com.zaxxer.hikari.pool.HikariProxyStatement.execute(HikariProxyStatement.java)
	at org.hibernate.tool.schema.internal.exec.GenerationTargetToDatabase.accept(GenerationTargetToDatabase.java:80)
	... 37 common frames omitted
26-02-17 14:34:53.227 [main] DEBUG org.hibernate.SQL                    - 
    create table discodeit.read_statuses (
        id uuid not null,
        created_at timestamp with time zone not null,
        updated_at timestamp with time zone,
        last_read_at timestamp with time zone not null,
        channel_id uuid not null,
        user_id uuid not null,
        primary key (id)
    )
26-02-17 14:34:53.228 [main] WARN  o.h.t.s.i.ExceptionHandlerLoggedImpl - GenerationTarget encountered exception accepting command : Error executing DDL "
    create table discodeit.read_statuses (
        id uuid not null,
        created_at timestamp with time zone not null,
        updated_at timestamp with time zone,
        last_read_at timestamp with time zone not null,
        channel_id uuid not null,
        user_id uuid not null,
        primary key (id)
    )" via JDBC [ERROR: schema "discodeit" does not exist
  Position: 20]
org.hibernate.tool.schema.spi.CommandAcceptanceException: Error executing DDL "
    create table discodeit.read_statuses (
        id uuid not null,
        created_at timestamp with time zone not null,
        updated_at timestamp with time zone,
        last_read_at timestamp with time zone not null,
        channel_id uuid not null,
        user_id uuid not null,
        primary key (id)
    )" via JDBC [ERROR: schema "discodeit" does not exist
  Position: 20]
	at org.hibernate.tool.schema.internal.exec.GenerationTargetToDatabase.accept(GenerationTargetToDatabase.java:94)
	at org.hibernate.tool.schema.internal.AbstractSchemaMigrator.applySqlString(AbstractSchemaMigrator.java:576)
	at org.hibernate.tool.schema.internal.AbstractSchemaMigrator.applySqlStrings(AbstractSchemaMigrator.java:516)
	at org.hibernate.tool.schema.internal.AbstractSchemaMigrator.createTable(AbstractSchemaMigrator.java:316)
	at org.hibernate.tool.schema.internal.GroupedSchemaMigratorImpl.performTablesMigration(GroupedSchemaMigratorImpl.java:80)
	at org.hibernate.tool.schema.internal.AbstractSchemaMigrator.performMigration(AbstractSchemaMigrator.java:233)
	at org.hibernate.tool.schema.internal.AbstractSchemaMigrator.doMigration(AbstractSchemaMigrator.java:112)
	at org.hibernate.tool.schema.spi.SchemaManagementToolCoordinator.performDatabaseAction(SchemaManagementToolCoordinator.java:280)
	at org.hibernate.tool.schema.spi.SchemaManagementToolCoordinator.lambda$process$5(SchemaManagementToolCoordinator.java:144)
	at java.base/java.util.HashMap.forEach(HashMap.java:1421)
	at org.hibernate.tool.schema.spi.SchemaManagementToolCoordinator.process(SchemaManagementToolCoordinator.java:141)
	at org.hibernate.boot.internal.SessionFactoryObserverForSchemaExport.sessionFactoryCreated(SessionFactoryObserverForSchemaExport.java:37)
	at org.hibernate.internal.SessionFactoryObserverChain.sessionFactoryCreated(SessionFactoryObserverChain.java:35)
	at org.hibernate.internal.SessionFactoryImpl.<init>(SessionFactoryImpl.java:324)
	at org.hibernate.boot.internal.SessionFactoryBuilderImpl.build(SessionFactoryBuilderImpl.java:463)
	at org.hibernate.jpa.boot.internal.EntityManagerFactoryBuilderImpl.build(EntityManagerFactoryBuilderImpl.java:1517)
	at org.springframework.orm.jpa.vendor.SpringHibernateJpaPersistenceProvider.createContainerEntityManagerFactory(SpringHibernateJpaPersistenceProvider.java:66)
	at org.springframework.orm.jpa.LocalContainerEntityManagerFactoryBean.createNativeEntityManagerFactory(LocalContainerEntityManagerFactoryBean.java:390)
	at org.springframework.orm.jpa.AbstractEntityManagerFactoryBean.buildNativeEntityManagerFactory(AbstractEntityManagerFactoryBean.java:419)
	at org.springframework.orm.jpa.AbstractEntityManagerFactoryBean.afterPropertiesSet(AbstractEntityManagerFactoryBean.java:400)
	at org.springframework.orm.jpa.LocalContainerEntityManagerFactoryBean.afterPropertiesSet(LocalContainerEntityManagerFactoryBean.java:366)
	at org.springframework.beans.factory.support.AbstractAutowireCapableBeanFactory.invokeInitMethods(AbstractAutowireCapableBeanFactory.java:1873)
	at org.springframework.beans.factory.support.AbstractAutowireCapableBeanFactory.initializeBean(AbstractAutowireCapableBeanFactory.java:1822)
	at org.springframework.beans.factory.support.AbstractAutowireCapableBeanFactory.doCreateBean(AbstractAutowireCapableBeanFactory.java:607)
	at org.springframework.beans.factory.support.AbstractAutowireCapableBeanFactory.createBean(AbstractAutowireCapableBeanFactory.java:529)
	at org.springframework.beans.factory.support.AbstractBeanFactory.lambda$doGetBean$0(AbstractBeanFactory.java:339)
	at org.springframework.beans.factory.support.DefaultSingletonBeanRegistry.getSingleton(DefaultSingletonBeanRegistry.java:373)
	at org.springframework.beans.factory.support.AbstractBeanFactory.doGetBean(AbstractBeanFactory.java:337)
	at org.springframework.beans.factory.support.AbstractBeanFactory.getBean(AbstractBeanFactory.java:207)
	at org.springframework.context.support.AbstractApplicationContext.finishBeanFactoryInitialization(AbstractApplicationContext.java:973)
	at org.springframework.context.support.AbstractApplicationContext.refresh(AbstractApplicationContext.java:627)
	at org.springframework.boot.web.servlet.context.ServletWebServerApplicationContext.refresh(ServletWebServerApplicationContext.java:146)
	at org.springframework.boot.SpringApplication.refresh(SpringApplication.java:752)
	at org.springframework.boot.SpringApplication.refreshContext(SpringApplication.java:439)
	at org.springframework.boot.SpringApplication.run(SpringApplication.java:318)
	at org.springframework.boot.SpringApplication.run(SpringApplication.java:1361)
	at org.springframework.boot.SpringApplication.run(SpringApplication.java:1350)
	at com.sprint.mission.discodeit.DiscodeitApplication.main(DiscodeitApplication.java:14)
Caused by: org.postgresql.util.PSQLException: ERROR: schema "discodeit" does not exist
  Position: 20
	at org.postgresql.core.v3.QueryExecutorImpl.receiveErrorResponse(QueryExecutorImpl.java:2736)
	at org.postgresql.core.v3.QueryExecutorImpl.processResults(QueryExecutorImpl.java:2421)
	at org.postgresql.core.v3.QueryExecutorImpl.execute(QueryExecutorImpl.java:372)
	at org.postgresql.jdbc.PgStatement.executeInternal(PgStatement.java:525)
	at org.postgresql.jdbc.PgStatement.execute(PgStatement.java:435)
	at org.postgresql.jdbc.PgStatement.executeWithFlags(PgStatement.java:357)
	at org.postgresql.jdbc.PgStatement.executeCachedSql(PgStatement.java:342)
	at org.postgresql.jdbc.PgStatement.executeWithFlags(PgStatement.java:318)
	at org.postgresql.jdbc.PgStatement.execute(PgStatement.java:313)
	at com.zaxxer.hikari.pool.ProxyStatement.execute(ProxyStatement.java:95)
	at com.zaxxer.hikari.pool.HikariProxyStatement.execute(HikariProxyStatement.java)
	at org.hibernate.tool.schema.internal.exec.GenerationTargetToDatabase.accept(GenerationTargetToDatabase.java:80)
	... 37 common frames omitted
26-02-17 14:34:53.229 [main] DEBUG org.hibernate.SQL                    - 
    create table discodeit.user_statuses (
        id uuid not null,
        created_at timestamp with time zone not null,
        updated_at timestamp with time zone,
        last_active_at timestamp with time zone not null,
        user_id uuid not null,
        primary key (id)
    )
26-02-17 14:34:53.230 [main] WARN  o.h.t.s.i.ExceptionHandlerLoggedImpl - GenerationTarget encountered exception accepting command : Error executing DDL "
    create table discodeit.user_statuses (
        id uuid not null,
        created_at timestamp with time zone not null,
        updated_at timestamp with time zone,
        last_active_at timestamp with time zone not null,
        user_id uuid not null,
        primary key (id)
    )" via JDBC [ERROR: schema "discodeit" does not exist
  Position: 20]
org.hibernate.tool.schema.spi.CommandAcceptanceException: Error executing DDL "
    create table discodeit.user_statuses (
        id uuid not null,
        created_at timestamp with time zone not null,
        updated_at timestamp with time zone,
        last_active_at timestamp with time zone not null,
        user_id uuid not null,
        primary key (id)
    )" via JDBC [ERROR: schema "discodeit" does not exist
  Position: 20]
	at org.hibernate.tool.schema.internal.exec.GenerationTargetToDatabase.accept(GenerationTargetToDatabase.java:94)
	at org.hibernate.tool.schema.internal.AbstractSchemaMigrator.applySqlString(AbstractSchemaMigrator.java:576)
	at org.hibernate.tool.schema.internal.AbstractSchemaMigrator.applySqlStrings(AbstractSchemaMigrator.java:516)
	at org.hibernate.tool.schema.internal.AbstractSchemaMigrator.createTable(AbstractSchemaMigrator.java:316)
	at org.hibernate.tool.schema.internal.GroupedSchemaMigratorImpl.performTablesMigration(GroupedSchemaMigratorImpl.java:80)
	at org.hibernate.tool.schema.internal.AbstractSchemaMigrator.performMigration(AbstractSchemaMigrator.java:233)
	at org.hibernate.tool.schema.internal.AbstractSchemaMigrator.doMigration(AbstractSchemaMigrator.java:112)
	at org.hibernate.tool.schema.spi.SchemaManagementToolCoordinator.performDatabaseAction(SchemaManagementToolCoordinator.java:280)
	at org.hibernate.tool.schema.spi.SchemaManagementToolCoordinator.lambda$process$5(SchemaManagementToolCoordinator.java:144)
	at java.base/java.util.HashMap.forEach(HashMap.java:1421)
	at org.hibernate.tool.schema.spi.SchemaManagementToolCoordinator.process(SchemaManagementToolCoordinator.java:141)
	at org.hibernate.boot.internal.SessionFactoryObserverForSchemaExport.sessionFactoryCreated(SessionFactoryObserverForSchemaExport.java:37)
	at org.hibernate.internal.SessionFactoryObserverChain.sessionFactoryCreated(SessionFactoryObserverChain.java:35)
	at org.hibernate.internal.SessionFactoryImpl.<init>(SessionFactoryImpl.java:324)
	at org.hibernate.boot.internal.SessionFactoryBuilderImpl.build(SessionFactoryBuilderImpl.java:463)
	at org.hibernate.jpa.boot.internal.EntityManagerFactoryBuilderImpl.build(EntityManagerFactoryBuilderImpl.java:1517)
	at org.springframework.orm.jpa.vendor.SpringHibernateJpaPersistenceProvider.createContainerEntityManagerFactory(SpringHibernateJpaPersistenceProvider.java:66)
	at org.springframework.orm.jpa.LocalContainerEntityManagerFactoryBean.createNativeEntityManagerFactory(LocalContainerEntityManagerFactoryBean.java:390)
	at org.springframework.orm.jpa.AbstractEntityManagerFactoryBean.buildNativeEntityManagerFactory(AbstractEntityManagerFactoryBean.java:419)
	at org.springframework.orm.jpa.AbstractEntityManagerFactoryBean.afterPropertiesSet(AbstractEntityManagerFactoryBean.java:400)
	at org.springframework.orm.jpa.LocalContainerEntityManagerFactoryBean.afterPropertiesSet(LocalContainerEntityManagerFactoryBean.java:366)
	at org.springframework.beans.factory.support.AbstractAutowireCapableBeanFactory.invokeInitMethods(AbstractAutowireCapableBeanFactory.java:1873)
	at org.springframework.beans.factory.support.AbstractAutowireCapableBeanFactory.initializeBean(AbstractAutowireCapableBeanFactory.java:1822)
	at org.springframework.beans.factory.support.AbstractAutowireCapableBeanFactory.doCreateBean(AbstractAutowireCapableBeanFactory.java:607)
	at org.springframework.beans.factory.support.AbstractAutowireCapableBeanFactory.createBean(AbstractAutowireCapableBeanFactory.java:529)
	at org.springframework.beans.factory.support.AbstractBeanFactory.lambda$doGetBean$0(AbstractBeanFactory.java:339)
	at org.springframework.beans.factory.support.DefaultSingletonBeanRegistry.getSingleton(DefaultSingletonBeanRegistry.java:373)
	at org.springframework.beans.factory.support.AbstractBeanFactory.doGetBean(AbstractBeanFactory.java:337)
	at org.springframework.beans.factory.support.AbstractBeanFactory.getBean(AbstractBeanFactory.java:207)
	at org.springframework.context.support.AbstractApplicationContext.finishBeanFactoryInitialization(AbstractApplicationContext.java:973)
	at org.springframework.context.support.AbstractApplicationContext.refresh(AbstractApplicationContext.java:627)
	at org.springframework.boot.web.servlet.context.ServletWebServerApplicationContext.refresh(ServletWebServerApplicationContext.java:146)
	at org.springframework.boot.SpringApplication.refresh(SpringApplication.java:752)
	at org.springframework.boot.SpringApplication.refreshContext(SpringApplication.java:439)
	at org.springframework.boot.SpringApplication.run(SpringApplication.java:318)
	at org.springframework.boot.SpringApplication.run(SpringApplication.java:1361)
	at org.springframework.boot.SpringApplication.run(SpringApplication.java:1350)
	at com.sprint.mission.discodeit.DiscodeitApplication.main(DiscodeitApplication.java:14)
Caused by: org.postgresql.util.PSQLException: ERROR: schema "discodeit" does not exist
  Position: 20
	at org.postgresql.core.v3.QueryExecutorImpl.receiveErrorResponse(QueryExecutorImpl.java:2736)
	at org.postgresql.core.v3.QueryExecutorImpl.processResults(QueryExecutorImpl.java:2421)
	at org.postgresql.core.v3.QueryExecutorImpl.execute(QueryExecutorImpl.java:372)
	at org.postgresql.jdbc.PgStatement.executeInternal(PgStatement.java:525)
	at org.postgresql.jdbc.PgStatement.execute(PgStatement.java:435)
	at org.postgresql.jdbc.PgStatement.executeWithFlags(PgStatement.java:357)
	at org.postgresql.jdbc.PgStatement.executeCachedSql(PgStatement.java:342)
	at org.postgresql.jdbc.PgStatement.executeWithFlags(PgStatement.java:318)
	at org.postgresql.jdbc.PgStatement.execute(PgStatement.java:313)
	at com.zaxxer.hikari.pool.ProxyStatement.execute(ProxyStatement.java:95)
	at com.zaxxer.hikari.pool.HikariProxyStatement.execute(HikariProxyStatement.java)
	at org.hibernate.tool.schema.internal.exec.GenerationTargetToDatabase.accept(GenerationTargetToDatabase.java:80)
	... 37 common frames omitted
26-02-17 14:34:53.230 [main] DEBUG org.hibernate.SQL                    - 
    create table discodeit.users (
        id uuid not null,
        created_at timestamp with time zone not null,
        updated_at timestamp with time zone,
        email varchar(100) not null,
        password varchar(60) not null,
        username varchar(50) not null,
        profile_id uuid,
        primary key (id)
    )
26-02-17 14:34:53.231 [main] WARN  o.h.t.s.i.ExceptionHandlerLoggedImpl - GenerationTarget encountered exception accepting command : Error executing DDL "
    create table discodeit.users (
        id uuid not null,
        created_at timestamp with time zone not null,
        updated_at timestamp with time zone,
        email varchar(100) not null,
        password varchar(60) not null,
        username varchar(50) not null,
        profile_id uuid,
        primary key (id)
    )" via JDBC [ERROR: schema "discodeit" does not exist
  Position: 20]
org.hibernate.tool.schema.spi.CommandAcceptanceException: Error executing DDL "
    create table discodeit.users (
        id uuid not null,
        created_at timestamp with time zone not null,
        updated_at timestamp with time zone,
        email varchar(100) not null,
        password varchar(60) not null,
        username varchar(50) not null,
        profile_id uuid,
        primary key (id)
    )" via JDBC [ERROR: schema "discodeit" does not exist
  Position: 20]
	at org.hibernate.tool.schema.internal.exec.GenerationTargetToDatabase.accept(GenerationTargetToDatabase.java:94)
	at org.hibernate.tool.schema.internal.AbstractSchemaMigrator.applySqlString(AbstractSchemaMigrator.java:576)
	at org.hibernate.tool.schema.internal.AbstractSchemaMigrator.applySqlStrings(AbstractSchemaMigrator.java:516)
	at org.hibernate.tool.schema.internal.AbstractSchemaMigrator.createTable(AbstractSchemaMigrator.java:316)
	at org.hibernate.tool.schema.internal.GroupedSchemaMigratorImpl.performTablesMigration(GroupedSchemaMigratorImpl.java:80)
	at org.hibernate.tool.schema.internal.AbstractSchemaMigrator.performMigration(AbstractSchemaMigrator.java:233)
	at org.hibernate.tool.schema.internal.AbstractSchemaMigrator.doMigration(AbstractSchemaMigrator.java:112)
	at org.hibernate.tool.schema.spi.SchemaManagementToolCoordinator.performDatabaseAction(SchemaManagementToolCoordinator.java:280)
	at org.hibernate.tool.schema.spi.SchemaManagementToolCoordinator.lambda$process$5(SchemaManagementToolCoordinator.java:144)
	at java.base/java.util.HashMap.forEach(HashMap.java:1421)
	at org.hibernate.tool.schema.spi.SchemaManagementToolCoordinator.process(SchemaManagementToolCoordinator.java:141)
	at org.hibernate.boot.internal.SessionFactoryObserverForSchemaExport.sessionFactoryCreated(SessionFactoryObserverForSchemaExport.java:37)
	at org.hibernate.internal.SessionFactoryObserverChain.sessionFactoryCreated(SessionFactoryObserverChain.java:35)
	at org.hibernate.internal.SessionFactoryImpl.<init>(SessionFactoryImpl.java:324)
	at org.hibernate.boot.internal.SessionFactoryBuilderImpl.build(SessionFactoryBuilderImpl.java:463)
	at org.hibernate.jpa.boot.internal.EntityManagerFactoryBuilderImpl.build(EntityManagerFactoryBuilderImpl.java:1517)
	at org.springframework.orm.jpa.vendor.SpringHibernateJpaPersistenceProvider.createContainerEntityManagerFactory(SpringHibernateJpaPersistenceProvider.java:66)
	at org.springframework.orm.jpa.LocalContainerEntityManagerFactoryBean.createNativeEntityManagerFactory(LocalContainerEntityManagerFactoryBean.java:390)
	at org.springframework.orm.jpa.AbstractEntityManagerFactoryBean.buildNativeEntityManagerFactory(AbstractEntityManagerFactoryBean.java:419)
	at org.springframework.orm.jpa.AbstractEntityManagerFactoryBean.afterPropertiesSet(AbstractEntityManagerFactoryBean.java:400)
	at org.springframework.orm.jpa.LocalContainerEntityManagerFactoryBean.afterPropertiesSet(LocalContainerEntityManagerFactoryBean.java:366)
	at org.springframework.beans.factory.support.AbstractAutowireCapableBeanFactory.invokeInitMethods(AbstractAutowireCapableBeanFactory.java:1873)
	at org.springframework.beans.factory.support.AbstractAutowireCapableBeanFactory.initializeBean(AbstractAutowireCapableBeanFactory.java:1822)
	at org.springframework.beans.factory.support.AbstractAutowireCapableBeanFactory.doCreateBean(AbstractAutowireCapableBeanFactory.java:607)
	at org.springframework.beans.factory.support.AbstractAutowireCapableBeanFactory.createBean(AbstractAutowireCapableBeanFactory.java:529)
	at org.springframework.beans.factory.support.AbstractBeanFactory.lambda$doGetBean$0(AbstractBeanFactory.java:339)
	at org.springframework.beans.factory.support.DefaultSingletonBeanRegistry.getSingleton(DefaultSingletonBeanRegistry.java:373)
	at org.springframework.beans.factory.support.AbstractBeanFactory.doGetBean(AbstractBeanFactory.java:337)
	at org.springframework.beans.factory.support.AbstractBeanFactory.getBean(AbstractBeanFactory.java:207)
	at org.springframework.context.support.AbstractApplicationContext.finishBeanFactoryInitialization(AbstractApplicationContext.java:973)
	at org.springframework.context.support.AbstractApplicationContext.refresh(AbstractApplicationContext.java:627)
	at org.springframework.boot.web.servlet.context.ServletWebServerApplicationContext.refresh(ServletWebServerApplicationContext.java:146)
	at org.springframework.boot.SpringApplication.refresh(SpringApplication.java:752)
	at org.springframework.boot.SpringApplication.refreshContext(SpringApplication.java:439)
	at org.springframework.boot.SpringApplication.run(SpringApplication.java:318)
	at org.springframework.boot.SpringApplication.run(SpringApplication.java:1361)
	at org.springframework.boot.SpringApplication.run(SpringApplication.java:1350)
	at com.sprint.mission.discodeit.DiscodeitApplication.main(DiscodeitApplication.java:14)
Caused by: org.postgresql.util.PSQLException: ERROR: schema "discodeit" does not exist
  Position: 20
	at org.postgresql.core.v3.QueryExecutorImpl.receiveErrorResponse(QueryExecutorImpl.java:2736)
	at org.postgresql.core.v3.QueryExecutorImpl.processResults(QueryExecutorImpl.java:2421)
	at org.postgresql.core.v3.QueryExecutorImpl.execute(QueryExecutorImpl.java:372)
	at org.postgresql.jdbc.PgStatement.executeInternal(PgStatement.java:525)
	at org.postgresql.jdbc.PgStatement.execute(PgStatement.java:435)
	at org.postgresql.jdbc.PgStatement.executeWithFlags(PgStatement.java:357)
	at org.postgresql.jdbc.PgStatement.executeCachedSql(PgStatement.java:342)
	at org.postgresql.jdbc.PgStatement.executeWithFlags(PgStatement.java:318)
	at org.postgresql.jdbc.PgStatement.execute(PgStatement.java:313)
	at com.zaxxer.hikari.pool.ProxyStatement.execute(ProxyStatement.java:95)
	at com.zaxxer.hikari.pool.HikariProxyStatement.execute(HikariProxyStatement.java)
	at org.hibernate.tool.schema.internal.exec.GenerationTargetToDatabase.accept(GenerationTargetToDatabase.java:80)
	... 37 common frames omitted
26-02-17 14:34:53.233 [main] DEBUG org.hibernate.SQL                    - 
    alter table if exists discodeit.message_attachments 
       drop constraint if exists UKncf4gyvhiwvyfn0cx5jnmtrhm
26-02-17 14:34:53.234 [main] WARN  o.h.e.jdbc.spi.SqlExceptionHelper    - SQL Warning Code: 0, SQLState: 00000
26-02-17 14:34:53.234 [main] WARN  o.h.e.jdbc.spi.SqlExceptionHelper    - relation "message_attachments" does not exist, skipping
26-02-17 14:34:53.234 [main] DEBUG org.hibernate.SQL                    - 
    alter table if exists discodeit.message_attachments 
       add constraint UKncf4gyvhiwvyfn0cx5jnmtrhm unique (attachment_id)
26-02-17 14:34:53.235 [main] WARN  o.h.e.jdbc.spi.SqlExceptionHelper    - SQL Warning Code: 0, SQLState: 00000
26-02-17 14:34:53.235 [main] WARN  o.h.e.jdbc.spi.SqlExceptionHelper    - relation "message_attachments" does not exist, skipping
26-02-17 14:34:53.235 [main] DEBUG org.hibernate.SQL                    - 
    alter table if exists discodeit.read_statuses 
       drop constraint if exists UKqttel343c4eq691kcxipoixr7
26-02-17 14:34:53.235 [main] WARN  o.h.e.jdbc.spi.SqlExceptionHelper    - SQL Warning Code: 0, SQLState: 00000
26-02-17 14:34:53.235 [main] WARN  o.h.e.jdbc.spi.SqlExceptionHelper    - relation "read_statuses" does not exist, skipping
26-02-17 14:34:53.236 [main] DEBUG org.hibernate.SQL                    - 
    alter table if exists discodeit.read_statuses 
       add constraint UKqttel343c4eq691kcxipoixr7 unique (user_id, channel_id)
26-02-17 14:34:53.236 [main] WARN  o.h.e.jdbc.spi.SqlExceptionHelper    - SQL Warning Code: 0, SQLState: 00000
26-02-17 14:34:53.236 [main] WARN  o.h.e.jdbc.spi.SqlExceptionHelper    - relation "read_statuses" does not exist, skipping
26-02-17 14:34:53.236 [main] DEBUG org.hibernate.SQL                    - 
    alter table if exists discodeit.user_statuses 
       drop constraint if exists UK4dhc0tcwpkot8n3tmpc6mxxp0
26-02-17 14:34:53.236 [main] WARN  o.h.e.jdbc.spi.SqlExceptionHelper    - SQL Warning Code: 0, SQLState: 00000
26-02-17 14:34:53.236 [main] WARN  o.h.e.jdbc.spi.SqlExceptionHelper    - relation "user_statuses" does not exist, skipping
26-02-17 14:34:53.237 [main] DEBUG org.hibernate.SQL                    - 
    alter table if exists discodeit.user_statuses 
       add constraint UK4dhc0tcwpkot8n3tmpc6mxxp0 unique (user_id)
26-02-17 14:34:53.237 [main] WARN  o.h.e.jdbc.spi.SqlExceptionHelper    - SQL Warning Code: 0, SQLState: 00000
26-02-17 14:34:53.237 [main] WARN  o.h.e.jdbc.spi.SqlExceptionHelper    - relation "user_statuses" does not exist, skipping
26-02-17 14:34:53.237 [main] DEBUG org.hibernate.SQL                    - 
    alter table if exists discodeit.users 
       drop constraint if exists UK6dotkott2kjsp8vw4d0m25fb7
26-02-17 14:34:53.237 [main] WARN  o.h.e.jdbc.spi.SqlExceptionHelper    - SQL Warning Code: 0, SQLState: 00000
26-02-17 14:34:53.237 [main] WARN  o.h.e.jdbc.spi.SqlExceptionHelper    - relation "users" does not exist, skipping
26-02-17 14:34:53.237 [main] DEBUG org.hibernate.SQL                    - 
    alter table if exists discodeit.users 
       add constraint UK6dotkott2kjsp8vw4d0m25fb7 unique (email)
26-02-17 14:34:53.238 [main] WARN  o.h.e.jdbc.spi.SqlExceptionHelper    - SQL Warning Code: 0, SQLState: 00000
26-02-17 14:34:53.238 [main] WARN  o.h.e.jdbc.spi.SqlExceptionHelper    - relation "users" does not exist, skipping
26-02-17 14:34:53.238 [main] DEBUG org.hibernate.SQL                    - 
    alter table if exists discodeit.users 
       drop constraint if exists UKr43af9ap4edm43mmtq01oddj6
26-02-17 14:34:53.238 [main] WARN  o.h.e.jdbc.spi.SqlExceptionHelper    - SQL Warning Code: 0, SQLState: 00000
26-02-17 14:34:53.238 [main] WARN  o.h.e.jdbc.spi.SqlExceptionHelper    - relation "users" does not exist, skipping
26-02-17 14:34:53.238 [main] DEBUG org.hibernate.SQL                    - 
    alter table if exists discodeit.users 
       add constraint UKr43af9ap4edm43mmtq01oddj6 unique (username)
26-02-17 14:34:53.239 [main] WARN  o.h.e.jdbc.spi.SqlExceptionHelper    - SQL Warning Code: 0, SQLState: 00000
26-02-17 14:34:53.239 [main] WARN  o.h.e.jdbc.spi.SqlExceptionHelper    - relation "users" does not exist, skipping
26-02-17 14:34:53.239 [main] DEBUG org.hibernate.SQL                    - 
    alter table if exists discodeit.users 
       drop constraint if exists UK7s5nlreekaxdbfml4ofky7utw
26-02-17 14:34:53.239 [main] WARN  o.h.e.jdbc.spi.SqlExceptionHelper    - SQL Warning Code: 0, SQLState: 00000
26-02-17 14:34:53.239 [main] WARN  o.h.e.jdbc.spi.SqlExceptionHelper    - relation "users" does not exist, skipping
26-02-17 14:34:53.240 [main] DEBUG org.hibernate.SQL                    - 
    alter table if exists discodeit.users 
       add constraint UK7s5nlreekaxdbfml4ofky7utw unique (profile_id)
26-02-17 14:34:53.240 [main] WARN  o.h.e.jdbc.spi.SqlExceptionHelper    - SQL Warning Code: 0, SQLState: 00000
26-02-17 14:34:53.240 [main] WARN  o.h.e.jdbc.spi.SqlExceptionHelper    - relation "users" does not exist, skipping
26-02-17 14:34:53.240 [main] DEBUG org.hibernate.SQL                    - 
    alter table if exists discodeit.message_attachments 
       add constraint FKsd1m8rb8jcpbcnb7rpdue7ctc 
       foreign key (attachment_id) 
       references discodeit.binary_contents
26-02-17 14:34:53.241 [main] WARN  o.h.e.jdbc.spi.SqlExceptionHelper    - SQL Warning Code: 0, SQLState: 00000
26-02-17 14:34:53.241 [main] WARN  o.h.e.jdbc.spi.SqlExceptionHelper    - relation "message_attachments" does not exist, skipping
26-02-17 14:34:53.241 [main] DEBUG org.hibernate.SQL                    - 
    alter table if exists discodeit.message_attachments 
       add constraint FKj7twd218e2gqw9cmlhwvo1rth 
       foreign key (message_id) 
       references discodeit.messages
26-02-17 14:34:53.242 [main] WARN  o.h.e.jdbc.spi.SqlExceptionHelper    - SQL Warning Code: 0, SQLState: 00000
26-02-17 14:34:53.242 [main] WARN  o.h.e.jdbc.spi.SqlExceptionHelper    - relation "message_attachments" does not exist, skipping
26-02-17 14:34:53.242 [main] DEBUG org.hibernate.SQL                    - 
    alter table if exists discodeit.messages 
       add constraint FKowtlim26svclkatusptbgi7u1 
       foreign key (author_id) 
       references discodeit.users
26-02-17 14:34:53.243 [main] WARN  o.h.e.jdbc.spi.SqlExceptionHelper    - SQL Warning Code: 0, SQLState: 00000
26-02-17 14:34:53.243 [main] WARN  o.h.e.jdbc.spi.SqlExceptionHelper    - relation "messages" does not exist, skipping
26-02-17 14:34:53.243 [main] DEBUG org.hibernate.SQL                    - 
    alter table if exists discodeit.messages 
       add constraint FK3u3ckbhwq9se1cmopk2pq05b2 
       foreign key (channel_id) 
       references discodeit.channels
26-02-17 14:34:53.243 [main] WARN  o.h.e.jdbc.spi.SqlExceptionHelper    - SQL Warning Code: 0, SQLState: 00000
26-02-17 14:34:53.243 [main] WARN  o.h.e.jdbc.spi.SqlExceptionHelper    - relation "messages" does not exist, skipping
26-02-17 14:34:53.243 [main] DEBUG org.hibernate.SQL                    - 
    alter table if exists discodeit.read_statuses 
       add constraint FKa38ri44ml4gfdpklx4ahqr8gd 
       foreign key (channel_id) 
       references discodeit.channels
26-02-17 14:34:53.244 [main] WARN  o.h.e.jdbc.spi.SqlExceptionHelper    - SQL Warning Code: 0, SQLState: 00000
26-02-17 14:34:53.244 [main] WARN  o.h.e.jdbc.spi.SqlExceptionHelper    - relation "read_statuses" does not exist, skipping
26-02-17 14:34:53.244 [main] DEBUG org.hibernate.SQL                    - 
    alter table if exists discodeit.read_statuses 
       add constraint FKml3k4wr9sj5yxrmj6d0aoib2e 
       foreign key (user_id) 
       references discodeit.users
26-02-17 14:34:53.245 [main] WARN  o.h.e.jdbc.spi.SqlExceptionHelper    - SQL Warning Code: 0, SQLState: 00000
26-02-17 14:34:53.245 [main] WARN  o.h.e.jdbc.spi.SqlExceptionHelper    - relation "read_statuses" does not exist, skipping
26-02-17 14:34:53.245 [main] DEBUG org.hibernate.SQL                    - 
    alter table if exists discodeit.user_statuses 
       add constraint FK4lfl3ei2ubchgcxrrpo3pw4mm 
       foreign key (user_id) 
       references discodeit.users
26-02-17 14:34:53.245 [main] WARN  o.h.e.jdbc.spi.SqlExceptionHelper    - SQL Warning Code: 0, SQLState: 00000
26-02-17 14:34:53.246 [main] WARN  o.h.e.jdbc.spi.SqlExceptionHelper    - relation "user_statuses" does not exist, skipping
26-02-17 14:34:53.246 [main] DEBUG org.hibernate.SQL                    - 
    alter table if exists discodeit.users 
       add constraint FKtbudycgrip49xdptogmhfqnso 
       foreign key (profile_id) 
       references discodeit.binary_contents
26-02-17 14:34:53.246 [main] WARN  o.h.e.jdbc.spi.SqlExceptionHelper    - SQL Warning Code: 0, SQLState: 00000
26-02-17 14:34:53.246 [main] WARN  o.h.e.jdbc.spi.SqlExceptionHelper    - relation "users" does not exist, skipping
26-02-17 14:34:53.248 [main] INFO  o.s.o.j.LocalContainerEntityManagerFactoryBean - Initialized JPA EntityManagerFactory for persistence unit 'default'
26-02-17 14:34:53.274 [main] WARN  o.s.b.w.s.c.AnnotationConfigServletWebServerApplicationContext - Exception encountered during context initialization - cancelling refresh attempt: org.springframework.beans.factory.UnsatisfiedDependencyException: Error creating bean with name 'dataInitializer' defined in file [C:\myWs\Mission\8-sprint-mission\build\classes\java\main\com\sprint\mission\discodeit\config\DataInitializer.class]: Unsatisfied dependency expressed through constructor parameter 0: Error creating bean with name 'basicUserService' defined in file [C:\myWs\Mission\8-sprint-mission\build\classes\java\main\com\sprint\mission\discodeit\service\basic\BasicUserService.class]: Unsatisfied dependency expressed through constructor parameter 0: No qualifying bean of type 'com.sprint.mission.discodeit.repository.UserRepository' available: expected at least 1 bean which qualifies as autowire candidate. Dependency annotations: {}
26-02-17 14:34:53.274 [main] INFO  o.s.o.j.LocalContainerEntityManagerFactoryBean - Closing JPA EntityManagerFactory for persistence unit 'default'
26-02-17 14:34:53.285 [main] INFO  com.zaxxer.hikari.HikariDataSource   - HikariPool-1 - Shutdown initiated...
26-02-17 14:34:53.289 [main] INFO  com.zaxxer.hikari.HikariDataSource   - HikariPool-1 - Shutdown completed.
26-02-17 14:34:53.295 [main] INFO  o.a.catalina.core.StandardService    - Stopping service [Tomcat]
26-02-17 14:34:53.318 [main] INFO  o.s.b.a.l.ConditionEvaluationReportLogger - 

Error starting ApplicationContext. To display the condition evaluation report re-run your application with 'debug' enabled.
26-02-17 14:34:53.436 [main] ERROR o.s.b.d.LoggingFailureAnalysisReporter - 

***************************
APPLICATION FAILED TO START
***************************

Description:

Parameter 0 of constructor in com.sprint.mission.discodeit.service.basic.BasicUserService required a bean of type 'com.sprint.mission.discodeit.repository.UserRepository' that could not be found.


Action:

Consider defining a bean of type 'com.sprint.mission.discodeit.repository.UserRepository' in your configuration.

26-02-17 14:36:15.352 [main] INFO  c.s.m.discodeit.DiscodeitApplication - Starting DiscodeitApplication using Java 17.0.16 with PID 37320 (C:\myWs\Mission\8-sprint-mission\build\classes\java\main started by samsung in C:\myWs\Mission\8-sprint-mission)
26-02-17 14:36:15.356 [main] INFO  c.s.m.discodeit.DiscodeitApplication - No active profile set, falling back to 1 default profile: "default"
26-02-17 14:36:16.279 [main] INFO  o.s.d.r.c.RepositoryConfigurationDelegate - Bootstrapping Spring Data JPA repositories in DEFAULT mode.
26-02-17 14:36:16.305 [main] INFO  o.s.d.r.c.RepositoryConfigurationDelegate - Finished Spring Data repository scanning in 9 ms. Found 0 JPA repository interfaces.
26-02-17 14:36:17.433 [main] INFO  o.s.b.w.e.tomcat.TomcatWebServer     - Tomcat initialized with port 8080 (http)
26-02-17 14:36:17.449 [main] INFO  o.a.coyote.http11.Http11NioProtocol  - Initializing ProtocolHandler ["http-nio-8080"]
26-02-17 14:36:17.452 [main] INFO  o.a.catalina.core.StandardService    - Starting service [Tomcat]
26-02-17 14:36:17.452 [main] INFO  o.a.catalina.core.StandardEngine     - Starting Servlet engine: [Apache Tomcat/10.1.50]
26-02-17 14:36:17.558 [main] INFO  o.a.c.c.C.[Tomcat].[localhost].[/]   - Initializing Spring embedded WebApplicationContext
26-02-17 14:36:17.559 [main] INFO  o.s.b.w.s.c.ServletWebServerApplicationContext - Root WebApplicationContext: initialization completed in 2120 ms
26-02-17 14:36:17.666 [main] INFO  com.zaxxer.hikari.HikariDataSource   - HikariPool-1 - Starting...
26-02-17 14:36:17.922 [main] INFO  com.zaxxer.hikari.pool.HikariPool    - HikariPool-1 - Added connection org.postgresql.jdbc.PgConnection@474e34e4
26-02-17 14:36:17.924 [main] INFO  com.zaxxer.hikari.HikariDataSource   - HikariPool-1 - Start completed.
26-02-17 14:36:18.081 [main] INFO  o.h.jpa.internal.util.LogHelper      - HHH000204: Processing PersistenceUnitInfo [name: default]
26-02-17 14:36:18.189 [main] INFO  org.hibernate.Version                - HHH000412: Hibernate ORM core version 6.6.39.Final
26-02-17 14:36:18.288 [main] INFO  o.h.c.i.RegionFactoryInitiator       - HHH000026: Second-level cache disabled
26-02-17 14:36:18.851 [main] INFO  o.s.o.j.p.SpringPersistenceUnitInfo  - No LoadTimeWeaver setup: ignoring JPA class transformer
26-02-17 14:36:18.965 [main] WARN  org.hibernate.orm.deprecation        - HHH90000025: PostgreSQLDialect does not need to be specified explicitly using 'hibernate.dialect' (remove the property setting and it will be selected by default)
26-02-17 14:36:19.013 [main] INFO  o.hibernate.orm.connections.pooling  - HHH10001005: Database info:
	Database JDBC URL [Connecting through datasource 'HikariDataSource (HikariPool-1)']
	Database driver: undefined/unknown
	Database version: 17.7
	Autocommit mode: undefined/unknown
	Isolation level: undefined/unknown
	Minimum pool size: undefined/unknown
	Maximum pool size: undefined/unknown
26-02-17 14:36:20.608 [main] INFO  o.h.e.t.j.p.i.JtaPlatformInitiator   - HHH000489: No JTA platform available (set 'hibernate.transaction.jta.platform' to enable JTA platform integration)
26-02-17 14:36:20.690 [main] DEBUG org.hibernate.SQL                    - 
    alter table if exists discodeit.channels 
       alter column type set data type varchar(255)
26-02-17 14:36:20.719 [main] DEBUG org.hibernate.SQL                    - 
    alter table if exists discodeit.read_statuses 
       drop constraint if exists UKqttel343c4eq691kcxipoixr7
26-02-17 14:36:20.721 [main] WARN  o.h.e.jdbc.spi.SqlExceptionHelper    - SQL Warning Code: 0, SQLState: 00000
26-02-17 14:36:20.722 [main] WARN  o.h.e.jdbc.spi.SqlExceptionHelper    - constraint "ukqttel343c4eq691kcxipoixr7" of relation "read_statuses" does not exist, skipping
26-02-17 14:36:20.722 [main] DEBUG org.hibernate.SQL                    - 
    alter table if exists discodeit.read_statuses 
       add constraint UKqttel343c4eq691kcxipoixr7 unique (user_id, channel_id)
26-02-17 14:36:20.819 [main] INFO  o.s.o.j.LocalContainerEntityManagerFactoryBean - Initialized JPA EntityManagerFactory for persistence unit 'default'
26-02-17 14:36:20.846 [main] WARN  o.s.b.w.s.c.AnnotationConfigServletWebServerApplicationContext - Exception encountered during context initialization - cancelling refresh attempt: org.springframework.beans.factory.UnsatisfiedDependencyException: Error creating bean with name 'dataInitializer' defined in file [C:\myWs\Mission\8-sprint-mission\build\classes\java\main\com\sprint\mission\discodeit\config\DataInitializer.class]: Unsatisfied dependency expressed through constructor parameter 0: Error creating bean with name 'basicUserService' defined in file [C:\myWs\Mission\8-sprint-mission\build\classes\java\main\com\sprint\mission\discodeit\service\basic\BasicUserService.class]: Unsatisfied dependency expressed through constructor parameter 0: No qualifying bean of type 'com.sprint.mission.discodeit.repository.UserRepository' available: expected at least 1 bean which qualifies as autowire candidate. Dependency annotations: {}
26-02-17 14:36:20.847 [main] INFO  o.s.o.j.LocalContainerEntityManagerFactoryBean - Closing JPA EntityManagerFactory for persistence unit 'default'
26-02-17 14:36:20.850 [main] INFO  com.zaxxer.hikari.HikariDataSource   - HikariPool-1 - Shutdown initiated...
26-02-17 14:36:20.854 [main] INFO  com.zaxxer.hikari.HikariDataSource   - HikariPool-1 - Shutdown completed.
26-02-17 14:36:20.859 [main] INFO  o.a.catalina.core.StandardService    - Stopping service [Tomcat]
26-02-17 14:36:20.875 [main] INFO  o.s.b.a.l.ConditionEvaluationReportLogger - 

Error starting ApplicationContext. To display the condition evaluation report re-run your application with 'debug' enabled.
26-02-17 14:36:20.901 [main] ERROR o.s.b.d.LoggingFailureAnalysisReporter - 

***************************
APPLICATION FAILED TO START
***************************

Description:

Parameter 0 of constructor in com.sprint.mission.discodeit.service.basic.BasicUserService required a bean of type 'com.sprint.mission.discodeit.repository.UserRepository' that could not be found.


Action:

Consider defining a bean of type 'com.sprint.mission.discodeit.repository.UserRepository' in your configuration.

26-02-17 14:37:42.624 [main] INFO  c.s.m.discodeit.DiscodeitApplication - Starting DiscodeitApplication using Java 17.0.16 with PID 31704 (C:\myWs\Mission\8-sprint-mission\build\classes\java\main started by samsung in C:\myWs\Mission\8-sprint-mission)
26-02-17 14:37:42.627 [main] INFO  c.s.m.discodeit.DiscodeitApplication - No active profile set, falling back to 1 default profile: "default"
26-02-17 14:37:43.451 [main] INFO  o.s.d.r.c.RepositoryConfigurationDelegate - Bootstrapping Spring Data JPA repositories in DEFAULT mode.
26-02-17 14:37:43.465 [main] INFO  o.s.d.r.c.RepositoryConfigurationDelegate - Finished Spring Data repository scanning in 5 ms. Found 0 JPA repository interfaces.
26-02-17 14:37:44.369 [main] INFO  o.s.b.w.e.tomcat.TomcatWebServer     - Tomcat initialized with port 8080 (http)
26-02-17 14:37:44.382 [main] INFO  o.a.coyote.http11.Http11NioProtocol  - Initializing ProtocolHandler ["http-nio-8080"]
26-02-17 14:37:44.385 [main] INFO  o.a.catalina.core.StandardService    - Starting service [Tomcat]
26-02-17 14:37:44.386 [main] INFO  o.a.catalina.core.StandardEngine     - Starting Servlet engine: [Apache Tomcat/10.1.50]
26-02-17 14:37:44.478 [main] INFO  o.a.c.c.C.[Tomcat].[localhost].[/]   - Initializing Spring embedded WebApplicationContext
26-02-17 14:37:44.478 [main] INFO  o.s.b.w.s.c.ServletWebServerApplicationContext - Root WebApplicationContext: initialization completed in 1800 ms
26-02-17 14:37:44.576 [main] INFO  com.zaxxer.hikari.HikariDataSource   - HikariPool-1 - Starting...
26-02-17 14:37:44.829 [main] INFO  com.zaxxer.hikari.pool.HikariPool    - HikariPool-1 - Added connection org.postgresql.jdbc.PgConnection@5fb7ab9c
26-02-17 14:37:44.831 [main] INFO  com.zaxxer.hikari.HikariDataSource   - HikariPool-1 - Start completed.
26-02-17 14:37:44.957 [main] INFO  o.h.jpa.internal.util.LogHelper      - HHH000204: Processing PersistenceUnitInfo [name: default]
26-02-17 14:37:45.041 [main] INFO  org.hibernate.Version                - HHH000412: Hibernate ORM core version 6.6.39.Final
26-02-17 14:37:45.087 [main] INFO  o.h.c.i.RegionFactoryInitiator       - HHH000026: Second-level cache disabled
26-02-17 14:37:45.528 [main] INFO  o.s.o.j.p.SpringPersistenceUnitInfo  - No LoadTimeWeaver setup: ignoring JPA class transformer
26-02-17 14:37:45.611 [main] WARN  org.hibernate.orm.deprecation        - HHH90000025: PostgreSQLDialect does not need to be specified explicitly using 'hibernate.dialect' (remove the property setting and it will be selected by default)
26-02-17 14:37:45.631 [main] INFO  o.hibernate.orm.connections.pooling  - HHH10001005: Database info:
	Database JDBC URL [Connecting through datasource 'HikariDataSource (HikariPool-1)']
	Database driver: undefined/unknown
	Database version: 17.7
	Autocommit mode: undefined/unknown
	Isolation level: undefined/unknown
	Minimum pool size: undefined/unknown
	Maximum pool size: undefined/unknown
26-02-17 14:37:46.830 [main] INFO  o.h.e.t.j.p.i.JtaPlatformInitiator   - HHH000489: No JTA platform available (set 'hibernate.transaction.jta.platform' to enable JTA platform integration)
26-02-17 14:37:46.991 [main] INFO  o.s.o.j.LocalContainerEntityManagerFactoryBean - Initialized JPA EntityManagerFactory for persistence unit 'default'
26-02-17 14:37:47.018 [main] WARN  o.s.b.w.s.c.AnnotationConfigServletWebServerApplicationContext - Exception encountered during context initialization - cancelling refresh attempt: org.springframework.beans.factory.UnsatisfiedDependencyException: Error creating bean with name 'dataInitializer' defined in file [C:\myWs\Mission\8-sprint-mission\build\classes\java\main\com\sprint\mission\discodeit\config\DataInitializer.class]: Unsatisfied dependency expressed through constructor parameter 0: Error creating bean with name 'basicUserService' defined in file [C:\myWs\Mission\8-sprint-mission\build\classes\java\main\com\sprint\mission\discodeit\service\basic\BasicUserService.class]: Unsatisfied dependency expressed through constructor parameter 0: No qualifying bean of type 'com.sprint.mission.discodeit.repository.UserRepository' available: expected at least 1 bean which qualifies as autowire candidate. Dependency annotations: {}
26-02-17 14:37:47.018 [main] INFO  o.s.o.j.LocalContainerEntityManagerFactoryBean - Closing JPA EntityManagerFactory for persistence unit 'default'
26-02-17 14:37:47.021 [main] INFO  com.zaxxer.hikari.HikariDataSource   - HikariPool-1 - Shutdown initiated...
26-02-17 14:37:47.025 [main] INFO  com.zaxxer.hikari.HikariDataSource   - HikariPool-1 - Shutdown completed.
26-02-17 14:37:47.030 [main] INFO  o.a.catalina.core.StandardService    - Stopping service [Tomcat]
26-02-17 14:37:47.051 [main] INFO  o.s.b.a.l.ConditionEvaluationReportLogger - 

Error starting ApplicationContext. To display the condition evaluation report re-run your application with 'debug' enabled.
26-02-17 14:37:47.079 [main] ERROR o.s.b.d.LoggingFailureAnalysisReporter - 

***************************
APPLICATION FAILED TO START
***************************

Description:

Parameter 0 of constructor in com.sprint.mission.discodeit.service.basic.BasicUserService required a bean of type 'com.sprint.mission.discodeit.repository.UserRepository' that could not be found.


Action:

Consider defining a bean of type 'com.sprint.mission.discodeit.repository.UserRepository' in your configuration.

26-02-17 14:38:03.692 [main] INFO  c.s.m.discodeit.DiscodeitApplication - Starting DiscodeitApplication using Java 17.0.16 with PID 20236 (C:\myWs\Mission\8-sprint-mission\build\classes\java\main started by samsung in C:\myWs\Mission\8-sprint-mission)
26-02-17 14:38:03.695 [main] INFO  c.s.m.discodeit.DiscodeitApplication - No active profile set, falling back to 1 default profile: "default"
26-02-17 14:38:04.533 [main] INFO  o.s.d.r.c.RepositoryConfigurationDelegate - Bootstrapping Spring Data JPA repositories in DEFAULT mode.
26-02-17 14:38:04.547 [main] INFO  o.s.d.r.c.RepositoryConfigurationDelegate - Finished Spring Data repository scanning in 4 ms. Found 0 JPA repository interfaces.
26-02-17 14:38:05.535 [main] INFO  o.s.b.w.e.tomcat.TomcatWebServer     - Tomcat initialized with port 8080 (http)
26-02-17 14:38:05.549 [main] INFO  o.a.coyote.http11.Http11NioProtocol  - Initializing ProtocolHandler ["http-nio-8080"]
26-02-17 14:38:05.552 [main] INFO  o.a.catalina.core.StandardService    - Starting service [Tomcat]
26-02-17 14:38:05.552 [main] INFO  o.a.catalina.core.StandardEngine     - Starting Servlet engine: [Apache Tomcat/10.1.50]
26-02-17 14:38:05.645 [main] INFO  o.a.c.c.C.[Tomcat].[localhost].[/]   - Initializing Spring embedded WebApplicationContext
26-02-17 14:38:05.645 [main] INFO  o.s.b.w.s.c.ServletWebServerApplicationContext - Root WebApplicationContext: initialization completed in 1890 ms
26-02-17 14:38:05.743 [main] INFO  com.zaxxer.hikari.HikariDataSource   - HikariPool-1 - Starting...
26-02-17 14:38:05.994 [main] INFO  com.zaxxer.hikari.pool.HikariPool    - HikariPool-1 - Added connection org.postgresql.jdbc.PgConnection@15994b0b
26-02-17 14:38:05.996 [main] INFO  com.zaxxer.hikari.HikariDataSource   - HikariPool-1 - Start completed.
26-02-17 14:38:06.120 [main] INFO  o.h.jpa.internal.util.LogHelper      - HHH000204: Processing PersistenceUnitInfo [name: default]
26-02-17 14:38:06.195 [main] INFO  org.hibernate.Version                - HHH000412: Hibernate ORM core version 6.6.39.Final
26-02-17 14:38:06.249 [main] INFO  o.h.c.i.RegionFactoryInitiator       - HHH000026: Second-level cache disabled
26-02-17 14:38:06.629 [main] INFO  o.s.o.j.p.SpringPersistenceUnitInfo  - No LoadTimeWeaver setup: ignoring JPA class transformer
26-02-17 14:38:06.709 [main] WARN  org.hibernate.orm.deprecation        - HHH90000025: PostgreSQLDialect does not need to be specified explicitly using 'hibernate.dialect' (remove the property setting and it will be selected by default)
26-02-17 14:38:06.728 [main] INFO  o.hibernate.orm.connections.pooling  - HHH10001005: Database info:
	Database JDBC URL [Connecting through datasource 'HikariDataSource (HikariPool-1)']
	Database driver: undefined/unknown
	Database version: 17.7
	Autocommit mode: undefined/unknown
	Isolation level: undefined/unknown
	Minimum pool size: undefined/unknown
	Maximum pool size: undefined/unknown
26-02-17 14:38:07.998 [main] INFO  o.h.e.t.j.p.i.JtaPlatformInitiator   - HHH000489: No JTA platform available (set 'hibernate.transaction.jta.platform' to enable JTA platform integration)
26-02-17 14:38:08.169 [main] INFO  o.s.o.j.LocalContainerEntityManagerFactoryBean - Initialized JPA EntityManagerFactory for persistence unit 'default'
26-02-17 14:38:08.191 [main] WARN  o.s.b.w.s.c.AnnotationConfigServletWebServerApplicationContext - Exception encountered during context initialization - cancelling refresh attempt: org.springframework.beans.factory.UnsatisfiedDependencyException: Error creating bean with name 'dataInitializer' defined in file [C:\myWs\Mission\8-sprint-mission\build\classes\java\main\com\sprint\mission\discodeit\config\DataInitializer.class]: Unsatisfied dependency expressed through constructor parameter 0: Error creating bean with name 'basicUserService' defined in file [C:\myWs\Mission\8-sprint-mission\build\classes\java\main\com\sprint\mission\discodeit\service\basic\BasicUserService.class]: Unsatisfied dependency expressed through constructor parameter 0: No qualifying bean of type 'com.sprint.mission.discodeit.repository.UserRepository' available: expected at least 1 bean which qualifies as autowire candidate. Dependency annotations: {}
26-02-17 14:38:08.191 [main] INFO  o.s.o.j.LocalContainerEntityManagerFactoryBean - Closing JPA EntityManagerFactory for persistence unit 'default'
26-02-17 14:38:08.194 [main] INFO  com.zaxxer.hikari.HikariDataSource   - HikariPool-1 - Shutdown initiated...
26-02-17 14:38:08.199 [main] INFO  com.zaxxer.hikari.HikariDataSource   - HikariPool-1 - Shutdown completed.
26-02-17 14:38:08.204 [main] INFO  o.a.catalina.core.StandardService    - Stopping service [Tomcat]
26-02-17 14:38:08.221 [main] INFO  o.s.b.a.l.ConditionEvaluationReportLogger - 

Error starting ApplicationContext. To display the condition evaluation report re-run your application with 'debug' enabled.
26-02-17 14:38:08.259 [main] ERROR o.s.b.d.LoggingFailureAnalysisReporter - 

***************************
APPLICATION FAILED TO START
***************************

Description:

Parameter 0 of constructor in com.sprint.mission.discodeit.service.basic.BasicUserService required a bean of type 'com.sprint.mission.discodeit.repository.UserRepository' that could not be found.


Action:

Consider defining a bean of type 'com.sprint.mission.discodeit.repository.UserRepository' in your configuration.

26-02-17 14:39:29.395 [main] INFO  c.s.m.discodeit.DiscodeitApplication - Starting DiscodeitApplication using Java 17.0.16 with PID 26184 (C:\myWs\Mission\8-sprint-mission\build\classes\java\main started by samsung in C:\myWs\Mission\8-sprint-mission)
26-02-17 14:39:29.398 [main] INFO  c.s.m.discodeit.DiscodeitApplication - No active profile set, falling back to 1 default profile: "default"
26-02-17 14:39:30.990 [main] INFO  o.s.d.r.c.RepositoryConfigurationDelegate - Bootstrapping Spring Data JPA repositories in DEFAULT mode.
26-02-17 14:39:31.174 [main] INFO  o.s.d.r.c.RepositoryConfigurationDelegate - Finished Spring Data repository scanning in 174 ms. Found 6 JPA repository interfaces.
26-02-17 14:39:31.832 [main] INFO  o.s.b.w.e.tomcat.TomcatWebServer     - Tomcat initialized with port 8080 (http)
26-02-17 14:39:31.845 [main] INFO  o.a.coyote.http11.Http11NioProtocol  - Initializing ProtocolHandler ["http-nio-8080"]
26-02-17 14:39:31.847 [main] INFO  o.a.catalina.core.StandardService    - Starting service [Tomcat]
26-02-17 14:39:31.848 [main] INFO  o.a.catalina.core.StandardEngine     - Starting Servlet engine: [Apache Tomcat/10.1.50]
26-02-17 14:39:31.954 [main] INFO  o.a.c.c.C.[Tomcat].[localhost].[/]   - Initializing Spring embedded WebApplicationContext
26-02-17 14:39:31.954 [main] INFO  o.s.b.w.s.c.ServletWebServerApplicationContext - Root WebApplicationContext: initialization completed in 2507 ms
26-02-17 14:39:32.074 [main] INFO  com.zaxxer.hikari.HikariDataSource   - HikariPool-1 - Starting...
26-02-17 14:39:32.319 [main] INFO  com.zaxxer.hikari.pool.HikariPool    - HikariPool-1 - Added connection org.postgresql.jdbc.PgConnection@2fee69a1
26-02-17 14:39:32.321 [main] INFO  com.zaxxer.hikari.HikariDataSource   - HikariPool-1 - Start completed.
26-02-17 14:39:32.447 [main] INFO  o.h.jpa.internal.util.LogHelper      - HHH000204: Processing PersistenceUnitInfo [name: default]
26-02-17 14:39:32.529 [main] INFO  org.hibernate.Version                - HHH000412: Hibernate ORM core version 6.6.39.Final
26-02-17 14:39:32.594 [main] INFO  o.h.c.i.RegionFactoryInitiator       - HHH000026: Second-level cache disabled
26-02-17 14:39:33.006 [main] INFO  o.s.o.j.p.SpringPersistenceUnitInfo  - No LoadTimeWeaver setup: ignoring JPA class transformer
26-02-17 14:39:33.091 [main] WARN  org.hibernate.orm.deprecation        - HHH90000025: PostgreSQLDialect does not need to be specified explicitly using 'hibernate.dialect' (remove the property setting and it will be selected by default)
26-02-17 14:39:33.112 [main] INFO  o.hibernate.orm.connections.pooling  - HHH10001005: Database info:
	Database JDBC URL [Connecting through datasource 'HikariDataSource (HikariPool-1)']
	Database driver: undefined/unknown
	Database version: 17.7
	Autocommit mode: undefined/unknown
	Isolation level: undefined/unknown
	Minimum pool size: undefined/unknown
	Maximum pool size: undefined/unknown
26-02-17 14:39:34.358 [main] INFO  o.h.e.t.j.p.i.JtaPlatformInitiator   - HHH000489: No JTA platform available (set 'hibernate.transaction.jta.platform' to enable JTA platform integration)
26-02-17 14:39:34.536 [main] INFO  o.s.o.j.LocalContainerEntityManagerFactoryBean - Initialized JPA EntityManagerFactory for persistence unit 'default'
26-02-17 14:39:34.887 [main] INFO  o.s.d.j.r.query.QueryEnhancerFactory - Hibernate is in classpath; If applicable, HQL parser will be used.
26-02-17 14:39:35.499 [main] DEBUG org.hibernate.SQL                    - 
    /* <criteria> */ select
        u1_0.id 
    from
        discodeit.users u1_0 
    where
        u1_0.username=? 
    fetch
        first ? rows only
26-02-17 14:39:35.501 [main] TRACE org.hibernate.orm.jdbc.bind          - binding parameter (1:VARCHAR) <- [buzz]
26-02-17 14:39:35.501 [main] TRACE org.hibernate.orm.jdbc.bind          - binding parameter (2:INTEGER) <- [1]
26-02-17 14:39:35.545 [main] DEBUG org.hibernate.SQL                    - 
    /* <criteria> */ select
        u1_0.id 
    from
        discodeit.users u1_0 
    where
        u1_0.email=? 
    fetch
        first ? rows only
26-02-17 14:39:35.545 [main] TRACE org.hibernate.orm.jdbc.bind          - binding parameter (1:VARCHAR) <- [buzz@codeit.com]
26-02-17 14:39:35.546 [main] TRACE org.hibernate.orm.jdbc.bind          - binding parameter (2:INTEGER) <- [1]
26-02-17 14:39:35.550 [main] DEBUG org.hibernate.SQL                    - 
    /* <criteria> */ select
        u1_0.id 
    from
        discodeit.users u1_0 
    where
        u1_0.username=? 
    fetch
        first ? rows only
26-02-17 14:39:35.550 [main] TRACE org.hibernate.orm.jdbc.bind          - binding parameter (1:VARCHAR) <- [buzz]
26-02-17 14:39:35.550 [main] TRACE org.hibernate.orm.jdbc.bind          - binding parameter (2:INTEGER) <- [1]
26-02-17 14:39:35.637 [main] INFO  c.s.m.d.s.basic.BasicUserService     - 사용자 생성 완료, id=bb752748-84fd-48d6-9a72-5aab527b6e3e, username=buzz
26-02-17 14:39:35.660 [main] DEBUG org.hibernate.SQL                    - 
    /* insert for
        com.sprint.mission.discodeit.entity.BinaryContent */insert 
    into
        discodeit.binary_contents (content_type, created_at, file_name, size, id) 
    values
        (?, ?, ?, ?, ?)
26-02-17 14:39:35.662 [main] TRACE org.hibernate.orm.jdbc.bind          - binding parameter (1:VARCHAR) <- [image/png]
26-02-17 14:39:35.662 [main] TRACE org.hibernate.orm.jdbc.bind          - binding parameter (2:TIMESTAMP_UTC) <- [2026-02-17T05:39:35.592451900Z]
26-02-17 14:39:35.663 [main] TRACE org.hibernate.orm.jdbc.bind          - binding parameter (3:VARCHAR) <- [buzz.png]
26-02-17 14:39:35.663 [main] TRACE org.hibernate.orm.jdbc.bind          - binding parameter (4:BIGINT) <- [67]
26-02-17 14:39:35.664 [main] TRACE org.hibernate.orm.jdbc.bind          - binding parameter (5:UUID) <- [e9e08e0a-c0b9-47f2-acb0-746332b7a819]
26-02-17 14:39:35.671 [main] WARN  o.h.e.jdbc.spi.SqlExceptionHelper    - SQL Error: 0, SQLState: 23502
26-02-17 14:39:35.671 [main] ERROR o.h.e.jdbc.spi.SqlExceptionHelper    - ERROR: null value in column "bytes" of relation "binary_contents" violates not-null constraint
  Detail: Failing row contains (e9e08e0a-c0b9-47f2-acb0-746332b7a819, 2026-02-17 14:39:35.592452+09, buzz.png, 67, image/png, null).
26-02-17 14:39:35.679 [main] WARN  c.s.m.d.config.DataInitializer       - Could not create seed user buzz: could not execute statement [ERROR: null value in column "bytes" of relation "binary_contents" violates not-null constraint
  Detail: Failing row contains (e9e08e0a-c0b9-47f2-acb0-746332b7a819, 2026-02-17 14:39:35.592452+09, buzz.png, 67, image/png, null).] [/* insert for com.sprint.mission.discodeit.entity.BinaryContent */insert into discodeit.binary_contents (content_type,created_at,file_name,size,id) values (?,?,?,?,?)]; SQL [/* insert for com.sprint.mission.discodeit.entity.BinaryContent */insert into discodeit.binary_contents (content_type,created_at,file_name,size,id) values (?,?,?,?,?)]; constraint [bytes" of relation "binary_contents]
26-02-17 14:39:35.681 [main] DEBUG org.hibernate.SQL                    - 
    /* <criteria> */ select
        u1_0.id 
    from
        discodeit.users u1_0 
    where
        u1_0.username=? 
    fetch
        first ? rows only
26-02-17 14:39:35.681 [main] TRACE org.hibernate.orm.jdbc.bind          - binding parameter (1:VARCHAR) <- [jessie]
26-02-17 14:39:35.681 [main] TRACE org.hibernate.orm.jdbc.bind          - binding parameter (2:INTEGER) <- [1]
26-02-17 14:39:35.683 [main] DEBUG org.hibernate.SQL                    - 
    /* <criteria> */ select
        u1_0.id 
    from
        discodeit.users u1_0 
    where
        u1_0.email=? 
    fetch
        first ? rows only
26-02-17 14:39:35.684 [main] TRACE org.hibernate.orm.jdbc.bind          - binding parameter (1:VARCHAR) <- [jessie@codeit.com]
26-02-17 14:39:35.684 [main] TRACE org.hibernate.orm.jdbc.bind          - binding parameter (2:INTEGER) <- [1]
26-02-17 14:39:35.686 [main] DEBUG org.hibernate.SQL                    - 
    /* <criteria> */ select
        u1_0.id 
    from
        discodeit.users u1_0 
    where
        u1_0.username=? 
    fetch
        first ? rows only
26-02-17 14:39:35.686 [main] TRACE org.hibernate.orm.jdbc.bind          - binding parameter (1:VARCHAR) <- [jessie]
26-02-17 14:39:35.686 [main] TRACE org.hibernate.orm.jdbc.bind          - binding parameter (2:INTEGER) <- [1]
26-02-17 14:39:35.691 [main] INFO  c.s.m.d.s.basic.BasicUserService     - 사용자 생성 완료, id=d66be722-24bb-47c3-b319-b4ce6f2817e4, username=jessie
26-02-17 14:39:35.691 [main] DEBUG org.hibernate.SQL                    - 
    /* insert for
        com.sprint.mission.discodeit.entity.BinaryContent */insert 
    into
        discodeit.binary_contents (content_type, created_at, file_name, size, id) 
    values
        (?, ?, ?, ?, ?)
26-02-17 14:39:35.691 [main] TRACE org.hibernate.orm.jdbc.bind          - binding parameter (1:VARCHAR) <- [image/png]
26-02-17 14:39:35.691 [main] TRACE org.hibernate.orm.jdbc.bind          - binding parameter (2:TIMESTAMP_UTC) <- [2026-02-17T05:39:35.687677200Z]
26-02-17 14:39:35.692 [main] TRACE org.hibernate.orm.jdbc.bind          - binding parameter (3:VARCHAR) <- [jessie.png]
26-02-17 14:39:35.692 [main] TRACE org.hibernate.orm.jdbc.bind          - binding parameter (4:BIGINT) <- [67]
26-02-17 14:39:35.692 [main] TRACE org.hibernate.orm.jdbc.bind          - binding parameter (5:UUID) <- [464bc38e-ec3a-40dc-a6e8-399fae7fa358]
26-02-17 14:39:35.693 [main] WARN  o.h.e.jdbc.spi.SqlExceptionHelper    - SQL Error: 0, SQLState: 23502
26-02-17 14:39:35.693 [main] ERROR o.h.e.jdbc.spi.SqlExceptionHelper    - ERROR: null value in column "bytes" of relation "binary_contents" violates not-null constraint
  Detail: Failing row contains (464bc38e-ec3a-40dc-a6e8-399fae7fa358, 2026-02-17 14:39:35.687677+09, jessie.png, 67, image/png, null).
26-02-17 14:39:35.693 [main] WARN  c.s.m.d.config.DataInitializer       - Could not create seed user jessie: could not execute statement [ERROR: null value in column "bytes" of relation "binary_contents" violates not-null constraint
  Detail: Failing row contains (464bc38e-ec3a-40dc-a6e8-399fae7fa358, 2026-02-17 14:39:35.687677+09, jessie.png, 67, image/png, null).] [/* insert for com.sprint.mission.discodeit.entity.BinaryContent */insert into discodeit.binary_contents (content_type,created_at,file_name,size,id) values (?,?,?,?,?)]; SQL [/* insert for com.sprint.mission.discodeit.entity.BinaryContent */insert into discodeit.binary_contents (content_type,created_at,file_name,size,id) values (?,?,?,?,?)]; constraint [bytes" of relation "binary_contents]
26-02-17 14:39:35.695 [main] DEBUG org.hibernate.SQL                    - 
    /* <criteria> */ select
        u1_0.id 
    from
        discodeit.users u1_0 
    where
        u1_0.username=? 
    fetch
        first ? rows only
26-02-17 14:39:35.695 [main] TRACE org.hibernate.orm.jdbc.bind          - binding parameter (1:VARCHAR) <- [rex]
26-02-17 14:39:35.695 [main] TRACE org.hibernate.orm.jdbc.bind          - binding parameter (2:INTEGER) <- [1]
26-02-17 14:39:35.697 [main] DEBUG org.hibernate.SQL                    - 
    /* <criteria> */ select
        u1_0.id 
    from
        discodeit.users u1_0 
    where
        u1_0.email=? 
    fetch
        first ? rows only
26-02-17 14:39:35.698 [main] TRACE org.hibernate.orm.jdbc.bind          - binding parameter (1:VARCHAR) <- [rex@codeit.com]
26-02-17 14:39:35.698 [main] TRACE org.hibernate.orm.jdbc.bind          - binding parameter (2:INTEGER) <- [1]
26-02-17 14:39:35.700 [main] DEBUG org.hibernate.SQL                    - 
    /* <criteria> */ select
        u1_0.id 
    from
        discodeit.users u1_0 
    where
        u1_0.username=? 
    fetch
        first ? rows only
26-02-17 14:39:35.700 [main] TRACE org.hibernate.orm.jdbc.bind          - binding parameter (1:VARCHAR) <- [rex]
26-02-17 14:39:35.700 [main] TRACE org.hibernate.orm.jdbc.bind          - binding parameter (2:INTEGER) <- [1]
26-02-17 14:39:35.707 [main] INFO  c.s.m.d.s.basic.BasicUserService     - 사용자 생성 완료, id=59283398-4b4d-4250-a2aa-7aeb47abaab6, username=rex
26-02-17 14:39:35.708 [main] DEBUG org.hibernate.SQL                    - 
    /* insert for
        com.sprint.mission.discodeit.entity.BinaryContent */insert 
    into
        discodeit.binary_contents (content_type, created_at, file_name, size, id) 
    values
        (?, ?, ?, ?, ?)
26-02-17 14:39:35.709 [main] TRACE org.hibernate.orm.jdbc.bind          - binding parameter (1:VARCHAR) <- [image/png]
26-02-17 14:39:35.709 [main] TRACE org.hibernate.orm.jdbc.bind          - binding parameter (2:TIMESTAMP_UTC) <- [2026-02-17T05:39:35.702190700Z]
26-02-17 14:39:35.709 [main] TRACE org.hibernate.orm.jdbc.bind          - binding parameter (3:VARCHAR) <- [rex.png]
26-02-17 14:39:35.709 [main] TRACE org.hibernate.orm.jdbc.bind          - binding parameter (4:BIGINT) <- [67]
26-02-17 14:39:35.709 [main] TRACE org.hibernate.orm.jdbc.bind          - binding parameter (5:UUID) <- [2bc721d0-831e-424c-a7b3-695e038c6f96]
26-02-17 14:39:35.710 [main] WARN  o.h.e.jdbc.spi.SqlExceptionHelper    - SQL Error: 0, SQLState: 23502
26-02-17 14:39:35.710 [main] ERROR o.h.e.jdbc.spi.SqlExceptionHelper    - ERROR: null value in column "bytes" of relation "binary_contents" violates not-null constraint
  Detail: Failing row contains (2bc721d0-831e-424c-a7b3-695e038c6f96, 2026-02-17 14:39:35.702191+09, rex.png, 67, image/png, null).
26-02-17 14:39:35.711 [main] WARN  c.s.m.d.config.DataInitializer       - Could not create seed user rex: could not execute statement [ERROR: null value in column "bytes" of relation "binary_contents" violates not-null constraint
  Detail: Failing row contains (2bc721d0-831e-424c-a7b3-695e038c6f96, 2026-02-17 14:39:35.702191+09, rex.png, 67, image/png, null).] [/* insert for com.sprint.mission.discodeit.entity.BinaryContent */insert into discodeit.binary_contents (content_type,created_at,file_name,size,id) values (?,?,?,?,?)]; SQL [/* insert for com.sprint.mission.discodeit.entity.BinaryContent */insert into discodeit.binary_contents (content_type,created_at,file_name,size,id) values (?,?,?,?,?)]; constraint [bytes" of relation "binary_contents]
26-02-17 14:39:35.713 [main] DEBUG org.hibernate.SQL                    - 
    /* <criteria> */ select
        u1_0.id 
    from
        discodeit.users u1_0 
    where
        u1_0.username=? 
    fetch
        first ? rows only
26-02-17 14:39:35.714 [main] TRACE org.hibernate.orm.jdbc.bind          - binding parameter (1:VARCHAR) <- [woody]
26-02-17 14:39:35.714 [main] TRACE org.hibernate.orm.jdbc.bind          - binding parameter (2:INTEGER) <- [1]
26-02-17 14:39:35.718 [main] DEBUG org.hibernate.SQL                    - 
    /* <criteria> */ select
        u1_0.id 
    from
        discodeit.users u1_0 
    where
        u1_0.email=? 
    fetch
        first ? rows only
26-02-17 14:39:35.719 [main] TRACE org.hibernate.orm.jdbc.bind          - binding parameter (1:VARCHAR) <- [woody@codeit.com]
26-02-17 14:39:35.719 [main] TRACE org.hibernate.orm.jdbc.bind          - binding parameter (2:INTEGER) <- [1]
26-02-17 14:39:35.721 [main] DEBUG org.hibernate.SQL                    - 
    /* <criteria> */ select
        u1_0.id 
    from
        discodeit.users u1_0 
    where
        u1_0.username=? 
    fetch
        first ? rows only
26-02-17 14:39:35.722 [main] TRACE org.hibernate.orm.jdbc.bind          - binding parameter (1:VARCHAR) <- [woody]
26-02-17 14:39:35.722 [main] TRACE org.hibernate.orm.jdbc.bind          - binding parameter (2:INTEGER) <- [1]
26-02-17 14:39:35.727 [main] INFO  c.s.m.d.s.basic.BasicUserService     - 사용자 생성 완료, id=4fc49524-7b2e-40a5-afa9-999185dffd66, username=woody
26-02-17 14:39:35.729 [main] DEBUG org.hibernate.SQL                    - 
    /* insert for
        com.sprint.mission.discodeit.entity.BinaryContent */insert 
    into
        discodeit.binary_contents (content_type, created_at, file_name, size, id) 
    values
        (?, ?, ?, ?, ?)
26-02-17 14:39:35.730 [main] TRACE org.hibernate.orm.jdbc.bind          - binding parameter (1:VARCHAR) <- [image/png]
26-02-17 14:39:35.730 [main] TRACE org.hibernate.orm.jdbc.bind          - binding parameter (2:TIMESTAMP_UTC) <- [2026-02-17T05:39:35.723741100Z]
26-02-17 14:39:35.730 [main] TRACE org.hibernate.orm.jdbc.bind          - binding parameter (3:VARCHAR) <- [woody.png]
26-02-17 14:39:35.730 [main] TRACE org.hibernate.orm.jdbc.bind          - binding parameter (4:BIGINT) <- [67]
26-02-17 14:39:35.730 [main] TRACE org.hibernate.orm.jdbc.bind          - binding parameter (5:UUID) <- [b6e06149-e883-4b1b-bb27-4e9625ba55ca]
26-02-17 14:39:35.731 [main] WARN  o.h.e.jdbc.spi.SqlExceptionHelper    - SQL Error: 0, SQLState: 23502
26-02-17 14:39:35.731 [main] ERROR o.h.e.jdbc.spi.SqlExceptionHelper    - ERROR: null value in column "bytes" of relation "binary_contents" violates not-null constraint
  Detail: Failing row contains (b6e06149-e883-4b1b-bb27-4e9625ba55ca, 2026-02-17 14:39:35.723741+09, woody.png, 67, image/png, null).
26-02-17 14:39:35.732 [main] WARN  c.s.m.d.config.DataInitializer       - Could not create seed user woody: could not execute statement [ERROR: null value in column "bytes" of relation "binary_contents" violates not-null constraint
  Detail: Failing row contains (b6e06149-e883-4b1b-bb27-4e9625ba55ca, 2026-02-17 14:39:35.723741+09, woody.png, 67, image/png, null).] [/* insert for com.sprint.mission.discodeit.entity.BinaryContent */insert into discodeit.binary_contents (content_type,created_at,file_name,size,id) values (?,?,?,?,?)]; SQL [/* insert for com.sprint.mission.discodeit.entity.BinaryContent */insert into discodeit.binary_contents (content_type,created_at,file_name,size,id) values (?,?,?,?,?)]; constraint [bytes" of relation "binary_contents]
26-02-17 14:39:35.742 [main] DEBUG org.hibernate.SQL                    - 
    /* <criteria> */ select
        u1_0.id,
        u1_0.created_at,
        u1_0.email,
        u1_0.password,
        u1_0.profile_id,
        u1_0.updated_at,
        u1_0.username 
    from
        discodeit.users u1_0 
    where
        u1_0.username=?
26-02-17 14:39:35.743 [main] TRACE org.hibernate.orm.jdbc.bind          - binding parameter (1:VARCHAR) <- [buzz]
26-02-17 14:39:35.766 [main] DEBUG org.hibernate.SQL                    - 
    /* <criteria> */ select
        u1_0.id,
        u1_0.created_at,
        u1_0.email,
        u1_0.password,
        u1_0.profile_id,
        u1_0.updated_at,
        u1_0.username 
    from
        discodeit.users u1_0 
    where
        u1_0.username=?
26-02-17 14:39:35.766 [main] TRACE org.hibernate.orm.jdbc.bind          - binding parameter (1:VARCHAR) <- [jessie]
26-02-17 14:39:35.770 [main] DEBUG org.hibernate.SQL                    - 
    /* <criteria> */ select
        u1_0.id,
        u1_0.created_at,
        u1_0.email,
        u1_0.password,
        u1_0.profile_id,
        u1_0.updated_at,
        u1_0.username 
    from
        discodeit.users u1_0 
    where
        u1_0.username=?
26-02-17 14:39:35.770 [main] TRACE org.hibernate.orm.jdbc.bind          - binding parameter (1:VARCHAR) <- [rex]
26-02-17 14:39:35.773 [main] DEBUG org.hibernate.SQL                    - 
    /* <criteria> */ select
        u1_0.id,
        u1_0.created_at,
        u1_0.email,
        u1_0.password,
        u1_0.profile_id,
        u1_0.updated_at,
        u1_0.username 
    from
        discodeit.users u1_0 
    where
        u1_0.username=?
26-02-17 14:39:35.773 [main] TRACE org.hibernate.orm.jdbc.bind          - binding parameter (1:VARCHAR) <- [woody]
26-02-17 14:39:35.795 [main] DEBUG org.hibernate.SQL                    - 
    /* select
        count(*) 
    from
        Channel x */ select
            count(*) 
        from
            discodeit.channels c1_0
26-02-17 14:39:35.804 [main] DEBUG org.hibernate.SQL                    - 
    /* insert for
        com.sprint.mission.discodeit.entity.Channel */insert 
    into
        discodeit.channels (created_at, description, name, type, updated_at, id) 
    values
        (?, ?, ?, ?, ?, ?)
26-02-17 14:39:35.804 [main] TRACE org.hibernate.orm.jdbc.bind          - binding parameter (1:TIMESTAMP_UTC) <- [2026-02-17T05:39:35.799996700Z]
26-02-17 14:39:35.804 [main] TRACE org.hibernate.orm.jdbc.bind          - binding parameter (2:VARCHAR) <- [일반 채팅]
26-02-17 14:39:35.804 [main] TRACE org.hibernate.orm.jdbc.bind          - binding parameter (3:VARCHAR) <- [일반]
26-02-17 14:39:35.804 [main] TRACE org.hibernate.orm.jdbc.bind          - binding parameter (4:VARCHAR) <- [PUBLIC]
26-02-17 14:39:35.805 [main] TRACE org.hibernate.orm.jdbc.bind          - binding parameter (5:TIMESTAMP_UTC) <- [2026-02-17T05:39:35.799996700Z]
26-02-17 14:39:35.805 [main] TRACE org.hibernate.orm.jdbc.bind          - binding parameter (6:UUID) <- [6e85aeb2-e4ea-4968-9648-e924e6bb4525]
26-02-17 14:39:35.809 [main] INFO  c.s.m.d.config.DataInitializer       - Created default channel: 일반
26-02-17 14:39:35.813 [main] DEBUG org.hibernate.SQL                    - 
    /* <criteria> */ select
        u1_0.id,
        u1_0.created_at,
        u1_0.email,
        u1_0.password,
        u1_0.profile_id,
        u1_0.updated_at,
        u1_0.username 
    from
        discodeit.users u1_0 
    where
        u1_0.username=?
26-02-17 14:39:35.813 [main] TRACE org.hibernate.orm.jdbc.bind          - binding parameter (1:VARCHAR) <- [buzz]
26-02-17 14:39:35.818 [main] DEBUG org.hibernate.SQL                    - 
    /* <criteria> */ select
        u1_0.id,
        u1_0.created_at,
        u1_0.email,
        u1_0.password,
        u1_0.profile_id,
        u1_0.updated_at,
        u1_0.username 
    from
        discodeit.users u1_0 
    where
        u1_0.username=?
26-02-17 14:39:35.818 [main] TRACE org.hibernate.orm.jdbc.bind          - binding parameter (1:VARCHAR) <- [jessie]
26-02-17 14:39:35.821 [main] DEBUG org.hibernate.SQL                    - 
    /* <criteria> */ select
        u1_0.id,
        u1_0.created_at,
        u1_0.email,
        u1_0.password,
        u1_0.profile_id,
        u1_0.updated_at,
        u1_0.username 
    from
        discodeit.users u1_0 
    where
        u1_0.username=?
26-02-17 14:39:35.822 [main] TRACE org.hibernate.orm.jdbc.bind          - binding parameter (1:VARCHAR) <- [rex]
26-02-17 14:39:35.823 [main] DEBUG org.hibernate.SQL                    - 
    /* <criteria> */ select
        u1_0.id,
        u1_0.created_at,
        u1_0.email,
        u1_0.password,
        u1_0.profile_id,
        u1_0.updated_at,
        u1_0.username 
    from
        discodeit.users u1_0 
    where
        u1_0.username=?
26-02-17 14:39:35.823 [main] TRACE org.hibernate.orm.jdbc.bind          - binding parameter (1:VARCHAR) <- [woody]
26-02-17 14:39:36.073 [main] WARN  o.s.b.a.o.j.JpaBaseConfiguration$JpaWebConfiguration - spring.jpa.open-in-view is enabled by default. Therefore, database queries may be performed during view rendering. Explicitly configure spring.jpa.open-in-view to disable this warning
26-02-17 14:39:36.096 [main] INFO  o.s.b.a.w.s.WelcomePageHandlerMapping - Adding welcome page: class path resource [static/index.html]
26-02-17 14:39:36.126 [main] INFO  o.s.v.b.OptionalValidatorFactoryBean - Failed to set up a Bean Validation provider: jakarta.validation.NoProviderFoundException: Unable to create a Configuration, because no Jakarta Bean Validation provider could be found. Add a provider like Hibernate Validator (RI) to your classpath.
26-02-17 14:39:36.608 [main] INFO  o.a.coyote.http11.Http11NioProtocol  - Starting ProtocolHandler ["http-nio-8080"]
26-02-17 14:39:36.636 [main] INFO  o.s.b.w.e.tomcat.TomcatWebServer     - Tomcat started on port 8080 (http) with context path '/'
26-02-17 14:39:36.647 [main] INFO  c.s.m.discodeit.DiscodeitApplication - Started DiscodeitApplication in 7.927 seconds (process running for 8.744)
26-02-17 14:39:39.471 [SpringApplicationShutdownHook] INFO  o.s.b.w.e.tomcat.GracefulShutdown    - Commencing graceful shutdown. Waiting for active requests to complete
26-02-17 14:39:40.062 [tomcat-shutdown] INFO  o.s.b.w.e.tomcat.GracefulShutdown    - Graceful shutdown complete
26-02-17 14:39:40.067 [SpringApplicationShutdownHook] INFO  o.s.o.j.LocalContainerEntityManagerFactoryBean - Closing JPA EntityManagerFactory for persistence unit 'default'
26-02-17 14:39:40.070 [SpringApplicationShutdownHook] INFO  com.zaxxer.hikari.HikariDataSource   - HikariPool-1 - Shutdown initiated...
26-02-17 14:39:40.074 [SpringApplicationShutdownHook] INFO  com.zaxxer.hikari.HikariDataSource   - HikariPool-1 - Shutdown completed.
